ros_time,state,x,y,z
1774029074.484,IDLE,0.003,0.021,-0.002
1774029074.984,IDLE,0.002,0.021,-0.001
1774029075.484,IDLE,0.002,0.025,0.000
1774029075.984,IDLE,-0.004,0.022,0.001
1774029076.484,IDLE,-0.009,0.019,0.002
1774029076.984,IDLE,-0.011,0.018,0.003
1774029077.484,IDLE,-0.011,0.016,0.006
1774029077.984,IDLE,-0.004,0.016,0.011
1774029078.484,IDLE,-0.006,0.013,0.013
1774029078.984,IDLE,-0.006,0.009,0.016
1774029079.484,IDLE,-0.008,0.006,0.018
1774029079.984,IDLE,-0.015,0.002,0.018
1774029080.484,IDLE,-0.012,-0.003,0.015
1774029080.984,IDLE,-0.010,-0.008,0.017
1774029081.484,IDLE,-0.013,-0.019,0.019
1774029081.984,IDLE,-0.011,-0.026,0.019
1774029082.484,IDLE,-0.006,-0.035,0.018
1774029082.984,IDLE,0.000,-0.044,0.020
1774029083.484,IDLE,-0.003,-0.052,0.022
1774029083.984,IDLE,-0.006,-0.052,0.028
1774029084.484,IDLE,-0.004,-0.055,0.037
1774029084.984,IDLE,-0.004,-0.056,0.045
1774029085.484,IDLE,-0.003,-0.062,0.050
1774029085.984,IDLE,-0.004,-0.059,0.052
1774029086.484,IDLE,-0.004,-0.061,0.053
1774029086.984,IDLE,-0.004,-0.070,0.052
1774029087.484,IDLE,-0.004,-0.079,0.048
1774029087.984,IDLE,-0.005,-0.077,0.046
1774029088.484,IDLE,-0.003,-0.083,0.045
1774029088.984,IDLE,-0.003,-0.084,0.043
1774029089.484,IDLE,-0.001,-0.081,0.042
1774029089.984,IDLE,0.000,-0.074,0.040
1774029090.484,IDLE,0.000,-0.067,0.039
1774029090.984,IDLE,0.005,-0.067,0.035
1774029091.484,IDLE,0.005,-0.066,0.035
1774029091.984,IDLE,0.001,-0.057,0.032
1774029092.484,IDLE,-0.007,-0.054,0.033
1774029092.984,IDLE,-0.012,-0.050,0.038
1774029093.484,IDLE,-0.015,-0.039,0.036
1774029093.984,IDLE,-0.014,-0.030,0.040
1774029094.484,IDLE,-0.010,-0.013,0.042
1774029094.984,IDLE,-0.015,-0.003,0.046
1774029095.484,IDLE,-0.017,-0.001,0.047
1774029095.984,IDLE,-0.016,0.001,0.044
1774029096.484,IDLE,-0.014,0.006,0.044
1774029096.984,IDLE,-0.014,0.013,0.044
1774029097.484,IDLE,-0.013,0.017,0.042
1774029097.984,IDLE,-0.010,0.015,0.041
1774029098.484,IDLE,-0.007,0.014,0.039
1774029098.984,IDLE,-0.005,0.022,0.033
1774029099.484,IDLE,-0.005,0.027,0.032
1774029099.984,IDLE,-0.003,0.025,0.032
1774029100.484,IDLE,0.001,0.024,0.033
1774029100.984,IDLE,0.008,0.026,0.028
1774029101.484,IDLE,0.012,0.027,0.030
1774029101.984,IDLE,0.013,0.026,0.032
1774029102.484,IDLE,0.017,0.025,0.032
1774029102.984,IDLE,0.022,0.024,0.029
1774029103.484,IDLE,0.027,0.014,0.026
1774029103.984,IDLE,0.024,0.008,0.023
1774029104.484,IDLE,0.026,0.004,0.020
1774029104.984,IDLE,0.032,0.001,0.013
1774029105.485,IDLE,0.034,-0.003,0.004
1774029105.984,IDLE,0.026,0.001,-0.002
1774029106.484,IDLE,0.024,0.003,-0.006
1774029106.984,IDLE,0.019,0.008,-0.008
1774029107.484,IDLE,0.014,0.012,-0.011
1774029107.984,IDLE,0.010,0.012,-0.016
1774029108.484,IDLE,0.006,0.012,-0.020
1774029108.984,IDLE,0.007,0.020,-0.021
1774029109.484,IDLE,0.012,0.033,-0.023
1774029109.984,IDLE,0.014,0.030,-0.020
1774029110.484,IDLE,0.014,0.030,-0.017
1774029110.984,IDLE,0.012,0.036,-0.012
1774029111.484,IDLE,0.013,0.039,-0.004
1774029111.984,IDLE,0.009,0.036,-0.002
1774029112.484,IDLE,0.009,0.031,-0.001
1774029112.984,IDLE,0.010,0.029,0.004
1774029113.484,IDLE,0.009,0.031,0.009
1774029113.984,IDLE,0.009,0.029,0.012
1774029114.484,IDLE,0.009,0.031,0.010
1774029114.984,IDLE,0.008,0.036,0.012
1774029115.484,IDLE,0.009,0.037,0.012
1774029115.984,IDLE,0.004,0.027,0.010
1774029116.484,IDLE,-0.004,0.029,0.008
1774029116.984,IDLE,-0.008,0.031,0.004
1774029117.484,IDLE,-0.020,0.028,0.003
1774029117.984,IDLE,-0.022,0.020,0.000
1774029118.484,IDLE,-0.021,0.019,-0.001
1774029118.984,IDLE,-0.021,0.019,-0.001
1774029119.485,IDLE,-0.021,0.019,-0.001
1774029119.984,IDLE,-0.021,0.019,-0.002
1774029120.484,IDLE,-0.021,0.019,-0.002
1774029120.984,IDLE,-0.021,0.019,-0.002
1774029121.484,IDLE,-0.021,0.019,-0.002
1774029121.984,IDLE,-0.021,0.019,-0.002
1774029122.484,IDLE,-0.021,0.019,-0.002
1774029122.984,IDLE,-0.021,0.019,-0.002
1774029123.485,IDLE,-0.021,0.019,-0.002
1774029123.984,IDLE,-0.021,0.019,-0.002
1774029124.484,IDLE,-0.021,0.019,-0.002
1774029124.984,IDLE,-0.021,0.019,-0.002
1774029125.484,IDLE,-0.021,0.019,-0.002
1774029125.984,IDLE,-0.021,0.019,-0.002
1774029126.484,IDLE,-0.021,0.019,-0.002
1774029126.984,IDLE,-0.021,0.019,-0.002
1774029127.484,IDLE,-0.021,0.019,-0.002
1774029127.984,IDLE,-0.022,0.020,-0.002
1774029128.484,IDLE,-0.022,0.020,-0.002
1774029128.984,IDLE,-0.022,0.020,-0.002
1774029129.484,IDLE,-0.022,0.020,-0.002
1774029129.984,IDLE,-0.022,0.020,-0.002
1774029130.484,IDLE,-0.022,0.020,-0.002
1774029130.984,IDLE,-0.022,0.020,-0.002
1774029131.485,IDLE,-0.022,0.020,-0.002
1774029131.984,IDLE,-0.022,0.020,-0.002
1774029132.484,IDLE,-0.022,0.020,-0.002
1774029132.984,IDLE,-0.022,0.020,-0.002
1774029133.484,IDLE,-0.022,0.020,-0.002
1774029133.984,IDLE,-0.022,0.020,-0.002
1774029134.484,IDLE,-0.022,0.020,-0.002
1774029134.984,IDLE,-0.022,0.020,-0.002
1774029135.484,IDLE,-0.022,0.020,-0.002
1774029135.984,IDLE,-0.022,0.020,-0.002
1774029136.484,IDLE,-0.022,0.020,-0.002
1774029136.984,IDLE,-0.022,0.020,-0.002
1774029137.484,IDLE,-0.022,0.020,-0.002
1774029137.984,IDLE,-0.022,0.020,-0.002
1774029138.484,IDLE,-0.022,0.020,-0.002
1774029138.984,IDLE,-0.022,0.020,-0.002
1774029139.484,IDLE,-0.022,0.020,-0.002
1774029139.984,IDLE,-0.022,0.020,-0.002
1774029140.484,IDLE,0.000,-0.000,0.000
1774029140.984,IDLE,0.003,-0.003,-0.000
1774029141.484,IDLE,0.002,-0.003,0.001
1774029141.984,IDLE,-0.000,0.002,0.015
1774029142.485,IDLE,0.001,0.005,0.030
1774029142.985,IDLE,0.004,0.004,0.031
1774029143.484,IDLE,0.002,-0.001,0.019
1774029143.984,IDLE,0.005,-0.006,0.009
1774029144.484,IDLE,0.006,-0.005,0.003
1774029144.984,IDLE,-0.003,-0.006,-0.001
1774029145.485,IDLE,-0.004,-0.006,0.003
1774029145.984,IDLE,-0.004,-0.005,0.009
1774029146.484,IDLE,-0.012,-0.006,0.012
1774029146.984,IDLE,-0.012,-0.012,0.011
1774029147.484,IDLE,-0.006,-0.015,0.013
1774029147.984,IDLE,-0.010,-0.008,0.016
1774029148.484,IDLE,-0.013,0.003,0.015
1774029148.984,IDLE,-0.007,0.016,0.019
1774029149.484,IDLE,-0.005,0.024,0.021
1774029149.984,IDLE,-0.006,0.029,0.018
1774029150.484,IDLE,-0.004,0.017,0.022
1774029150.984,IDLE,-0.002,0.022,0.016
1774029151.484,IDLE,-0.002,0.022,0.013
1774029151.984,IDLE,0.002,0.020,0.013
1774029152.484,IDLE,0.003,0.023,0.020
1774029152.984,IDLE,0.004,0.015,0.017
1774029153.484,IDLE,0.003,0.011,0.015
1774029153.984,IDLE,0.000,0.007,0.010
1774029154.484,IDLE,-0.002,0.005,0.008
1774029154.984,IDLE,-0.003,0.003,0.002
1774029155.484,IDLE,-0.005,0.008,-0.003
1774029155.984,IDLE,-0.009,0.008,-0.006
1774029156.485,IDLE,-0.011,0.013,-0.005
1774029156.984,IDLE,-0.010,0.013,-0.002
1774029157.484,IDLE,-0.011,0.011,0.001
1774029157.984,IDLE,-0.013,0.010,0.003
1774029158.484,IDLE,-0.013,0.009,0.006
1774029158.984,IDLE,-0.013,0.008,0.003
1774029159.484,IDLE,-0.004,0.007,0.002
1774029159.984,IDLE,0.008,0.012,0.004
1774029160.484,IDLE,0.013,0.019,0.004
1774029160.984,IDLE,0.010,0.016,0.000
1774029161.484,IDLE,0.005,0.015,0.004
1774029161.984,IDLE,0.001,0.017,0.001
1774029162.484,IDLE,0.002,0.019,0.002
1774029162.984,IDLE,0.010,0.017,0.007
1774029163.484,IDLE,0.012,0.023,0.012
1774029163.984,IDLE,0.013,0.027,0.013
1774029164.484,IDLE,0.016,0.031,0.011
1774029164.984,IDLE,0.016,0.028,0.011
1774029165.484,IDLE,0.011,0.025,0.017
1774029165.984,IDLE,0.012,0.025,0.022
1774029166.484,IDLE,0.014,0.020,0.019
1774029166.984,IDLE,0.013,0.014,0.014
1774029167.484,IDLE,0.017,0.015,0.011
1774029167.984,IDLE,0.023,0.017,0.006
1774029168.484,IDLE,0.023,0.018,-0.001
1774029168.984,IDLE,0.021,0.017,-0.004
1774029169.484,IDLE,0.021,0.024,-0.007
1774029169.984,IDLE,0.020,0.027,-0.012
1774029170.484,IDLE,0.019,0.026,-0.015
1774029170.984,IDLE,0.013,0.029,-0.016
1774029171.484,IDLE,0.013,0.027,-0.014
1774029171.984,IDLE,0.011,0.026,-0.015
1774029172.485,IDLE,0.010,0.026,-0.019
1774029172.984,IDLE,0.009,0.024,-0.023
1774029173.484,IDLE,-0.000,0.019,-0.022
1774029173.984,IDLE,-0.009,0.016,-0.020
1774029174.484,IDLE,-0.015,0.020,-0.019
1774029174.984,IDLE,-0.018,0.016,-0.015
1774029175.484,IDLE,-0.019,0.006,-0.008
1774029175.984,IDLE,-0.020,0.007,-0.001
1774029176.484,IDLE,-0.024,0.005,0.008
1774029176.984,IDLE,-0.024,-0.001,0.014
1774029177.484,IDLE,-0.024,-0.000,0.015
1774029177.984,IDLE,-0.027,0.004,0.016
1774029178.485,IDLE,-0.031,0.007,0.015
1774029178.984,IDLE,-0.029,0.004,0.019
1774029179.484,IDLE,-0.028,-0.001,0.025
1774029179.984,IDLE,-0.026,-0.007,0.029
1774029180.484,IDLE,-0.026,-0.015,0.032
1774029180.984,IDLE,-0.028,-0.023,0.031
1774029181.484,IDLE,-0.025,-0.025,0.033
1774029181.984,IDLE,-0.018,-0.029,0.034
1774029182.484,IDLE,-0.015,-0.038,0.032
1774029182.985,IDLE,-0.007,-0.037,0.030
1774029183.484,IDLE,-0.005,-0.033,0.028
1774029183.984,IDLE,-0.002,-0.034,0.031
1774029184.485,IDLE,0.002,-0.038,0.035
1774029184.984,TAKEOFF,-0.010,-0.037,0.039
1774029185.484,TAKEOFF,-0.013,-0.039,0.037
1774029185.984,TAKEOFF,-0.010,-0.042,0.034
1774029186.484,TAKEOFF,-0.008,-0.045,0.027
1774029186.984,TAKEOFF,-0.003,-0.046,0.023
1774029187.484,TAKEOFF,-0.002,-0.049,0.023
1774029187.984,TAKEOFF,-0.000,-0.052,0.020
1774029188.485,TAKEOFF,0.003,-0.056,0.020
1774029188.984,TAKEOFF,0.006,-0.049,0.021
1774029189.484,TAKEOFF,0.012,-0.044,0.023
1774029189.984,TAKEOFF,0.016,-0.044,0.024
1774029190.484,TAKEOFF,0.016,-0.043,0.029
1774029190.984,TAKEOFF,0.018,-0.045,0.035
1774029191.484,TAKEOFF,0.024,-0.042,0.038
1774029191.984,TAKEOFF,0.026,-0.041,0.042
1774029192.484,TAKEOFF,0.025,-0.041,0.046
1774029192.984,TAKEOFF,0.032,-0.041,0.048
1774029193.484,TAKEOFF,0.041,-0.036,0.047
1774029193.984,TAKEOFF,0.044,-0.028,0.048
1774029194.484,TAKEOFF,0.048,-0.020,0.048
1774029194.984,TAKEOFF,0.048,-0.016,0.045
1774029195.484,TAKEOFF,0.046,-0.025,0.041
1774029195.984,TAKEOFF,0.049,-0.034,0.038
1774029196.485,TAKEOFF,0.057,-0.036,0.038
1774029196.984,TAKEOFF,0.057,-0.031,0.037
1774029197.484,TAKEOFF,0.060,-0.029,0.036
1774029197.984,TAKEOFF,0.068,-0.029,0.033
1774029198.484,TAKEOFF,0.071,-0.020,0.028
1774029198.984,TAKEOFF,0.069,-0.016,0.022
1774029199.484,TAKEOFF,0.064,-0.014,0.016
1774029199.984,TAKEOFF,0.064,-0.013,0.011
1774029200.484,TAKEOFF,0.063,-0.011,0.008
1774029200.984,TAKEOFF,0.056,-0.008,0.009
1774029201.484,TAKEOFF,0.040,-0.013,0.005
1774029201.984,TAKEOFF,0.031,-0.016,-0.000
1774029202.484,TAKEOFF,0.027,-0.015,-0.004
1774029202.984,TAKEOFF,0.018,-0.013,-0.009
1774029203.484,TAKEOFF,0.016,-0.012,-0.008
1774029203.984,TAKEOFF,0.013,-0.013,-0.007
1774029204.484,TAKEOFF,0.013,-0.014,-0.007
1774029204.984,TAKEOFF,0.011,-0.013,-0.010
1774029205.484,TAKEOFF,0.005,-0.011,-0.012
1774029205.984,TAKEOFF,-0.004,-0.008,-0.016
1774029206.484,TAKEOFF,-0.016,-0.004,-0.019
1774029206.984,TAKEOFF,-0.021,-0.001,-0.021
1774029207.484,TAKEOFF,-0.025,0.001,-0.025
1774029207.984,TAKEOFF,-0.026,0.006,-0.025
1774029208.484,TAKEOFF,-0.026,0.014,-0.026
1774029208.984,TAKEOFF,-0.029,0.019,-0.030
1774029209.484,TAKEOFF,-0.022,0.014,-0.034
1774029209.984,TAKEOFF,-0.021,0.012,-0.036
1774029210.484,TAKEOFF,-0.022,0.011,-0.042
1774029210.984,TAKEOFF,-0.016,0.015,-0.046
1774029211.484,TAKEOFF,-0.014,0.016,-0.048
1774029211.984,TAKEOFF,-0.011,0.014,-0.049
1774029212.484,TAKEOFF,-0.010,0.012,-0.052
1774029212.984,TAKEOFF,-0.015,0.013,-0.053
1774029213.484,TAKEOFF,-0.018,0.015,-0.058
1774029213.984,TAKEOFF,-0.020,0.019,-0.065
1774029214.484,TAKEOFF,-0.024,0.013,-0.072
1774029214.984,TAKEOFF,-0.027,0.015,-0.073
1774029215.484,TAKEOFF,-0.021,0.017,-0.076
1774029215.985,TAKEOFF,-0.019,0.015,-0.076
1774029216.484,TAKEOFF,-0.013,0.012,-0.070
1774029216.984,TAKEOFF,-0.007,0.008,-0.068
1774029217.484,TAKEOFF,-0.001,0.009,-0.067
1774029217.985,TAKEOFF,0.005,0.009,-0.069
1774029218.484,TAKEOFF,0.008,0.016,-0.073
1774029218.984,TAKEOFF,0.013,0.013,-0.077
1774029219.484,TAKEOFF,0.018,0.011,-0.074
1774029219.984,TAKEOFF,0.022,0.012,-0.072
1774029220.484,TAKEOFF,0.030,0.018,-0.070
1774029220.984,TAKEOFF,0.032,0.019,-0.067
1774029221.484,TAKEOFF,0.031,0.025,-0.065
1774029221.985,TAKEOFF,0.026,0.024,-0.062
1774029222.484,TAKEOFF,0.026,0.019,-0.059
1774029222.984,TAKEOFF,0.029,0.021,-0.059
1774029223.484,TAKEOFF,0.028,0.022,-0.056
1774029223.985,TAKEOFF,0.024,0.018,-0.055
1774029224.484,TAKEOFF,0.019,0.016,-0.053
1774029224.984,TAKEOFF,0.018,0.016,-0.051
1774029225.484,TAKEOFF,0.014,0.021,-0.048
1774029225.984,TAKEOFF,0.013,0.023,-0.045
1774029226.484,TAKEOFF,0.014,0.025,-0.039
1774029226.984,TAKEOFF,0.010,0.014,0.092
1774029227.484,TAKEOFF,-0.004,-0.026,0.735
1774029227.984,TAKEOFF,-0.025,-0.061,1.758
1774029228.484,TAKEOFF,-0.035,-0.087,2.890
1774029228.984,TAKEOFF,-0.036,-0.093,4.123
1774029229.484,TAKEOFF,-0.042,-0.084,5.396
1774029229.984,TAKEOFF,-0.034,-0.065,6.738
1774029230.484,TAKEOFF,-0.021,-0.057,8.004
1774029230.984,TAKEOFF,-0.001,-0.054,8.837
1774029231.484,TAKEOFF,0.011,-0.063,9.311
1774029231.985,STATIONKEEPING,0.025,-0.068,9.584
1774029232.484,STATIONKEEPING,0.034,-0.065,9.737
1774029232.984,STATIONKEEPING,0.038,-0.067,9.825
1774029233.484,STATIONKEEPING,0.040,-0.073,9.882
1774029233.984,STATIONKEEPING,0.036,-0.074,9.918
1774029234.484,STATIONKEEPING,0.032,-0.069,9.941
1774029234.984,STATIONKEEPING,0.029,-0.061,9.954
1774029235.484,NAVIGATING,0.013,0.020,10.015
1774029235.984,NAVIGATING,0.011,0.646,9.995
1774029236.484,NAVIGATING,0.037,1.575,9.978
1774029236.984,NAVIGATING,0.067,2.458,9.972
1774029237.484,STATIONKEEPING,0.067,3.083,9.972
1774029237.984,STATIONKEEPING,0.055,3.399,9.975
1774029238.484,STATIONKEEPING,0.040,3.455,9.978
1774029238.984,STATIONKEEPING,0.017,3.350,9.979
1774029239.484,STATIONKEEPING,0.007,3.187,9.980
1774029239.984,STATIONKEEPING,0.001,3.037,9.986
1774029240.484,NAVIGATING,-0.005,2.972,10.033
1774029240.984,NAVIGATING,-0.006,3.420,10.027
1774029241.484,NAVIGATING,0.014,4.271,9.990
1774029241.984,NAVIGATING,0.043,5.207,9.980
1774029242.484,STATIONKEEPING,0.051,5.931,9.973
1774029242.984,STATIONKEEPING,0.044,6.352,9.972
1774029243.484,STATIONKEEPING,0.035,6.497,9.978
1774029243.984,STATIONKEEPING,0.013,6.450,9.981
1774029244.484,STATIONKEEPING,-0.001,6.307,9.981
1774029244.984,STATIONKEEPING,-0.002,6.152,9.981
1774029245.484,NAVIGATING,0.002,6.064,10.005
1774029245.984,NAVIGATING,-0.001,6.391,10.038
1774029246.484,NAVIGATING,-0.007,7.214,9.999
1774029246.984,NAVIGATING,0.002,8.158,9.983
1774029247.484,STATIONKEEPING,0.015,8.936,9.969
1774029247.984,STATIONKEEPING,0.023,9.419,9.965
1774029248.484,STATIONKEEPING,0.019,9.596,9.965
1774029248.984,STATIONKEEPING,0.017,9.565,9.966
1774029249.484,STATIONKEEPING,0.004,9.444,9.964
1774029249.985,STATIONKEEPING,-0.005,9.292,9.967
1774029250.484,NAVIGATING,-0.006,9.178,9.996
1774029250.984,NAVIGATING,-0.002,9.496,10.017
1774029251.484,NAVIGATING,0.002,10.287,9.985
1774029251.984,NAVIGATING,0.010,11.210,9.972
1774029252.484,STATIONKEEPING,0.018,11.945,9.969
1774029252.984,STATIONKEEPING,0.020,12.392,9.974
1774029253.484,STATIONKEEPING,0.018,12.565,9.979
1774029253.985,STATIONKEEPING,0.007,12.517,9.981
1774029254.484,STATIONKEEPING,-0.005,12.364,9.984
1774029254.984,STATIONKEEPING,-0.011,12.183,9.985
1774029255.484,NAVIGATING,0.006,12.061,10.007
1774029255.984,NAVIGATING,0.017,12.365,10.036
1774029256.484,NAVIGATING,0.023,13.156,10.000
1774029256.984,NAVIGATING,0.044,14.077,9.981
1774029257.484,STATIONKEEPING,0.054,14.782,9.971
1774029257.984,STATIONKEEPING,0.053,15.256,9.967
1774029258.484,STATIONKEEPING,0.044,15.430,9.969
1774029258.984,STATIONKEEPING,0.034,15.400,9.973
1774029259.484,STATIONKEEPING,0.034,15.259,9.976
1774029259.984,STATIONKEEPING,0.024,15.094,9.975
1774029260.484,NAVIGATING,0.011,14.964,9.979
1774029260.984,NAVIGATING,-0.001,15.176,10.042
1774029261.484,NAVIGATING,-0.013,15.902,10.005
1774029261.985,NAVIGATING,-0.022,16.846,9.983
1774029262.484,STATIONKEEPING,-0.028,17.645,9.976
1774029262.984,STATIONKEEPING,-0.032,18.166,9.975
1774029263.484,STATIONKEEPING,-0.047,18.396,9.978
1774029263.985,STATIONKEEPING,-0.064,18.402,9.981
1774029264.484,STATIONKEEPING,-0.066,18.277,9.979
1774029264.984,STATIONKEEPING,-0.063,18.120,9.979
1774029265.484,NAVIGATING,-0.065,17.989,9.984
1774029265.984,NAVIGATING,-0.063,18.051,10.041
1774029266.485,NAVIGATING,-0.061,18.703,10.007
1774029266.984,NAVIGATING,-0.059,19.652,9.990
1774029267.484,STATIONKEEPING,-0.058,20.517,9.982
1774029267.985,STATIONKEEPING,-0.057,21.129,9.980
1774029268.484,STATIONKEEPING,-0.060,21.431,9.985
1774029268.984,STATIONKEEPING,-0.063,21.477,9.993
1774029269.484,STATIONKEEPING,-0.068,21.382,9.996
1774029269.985,STATIONKEEPING,-0.068,21.227,10.000
1774029270.484,STATIONKEEPING,-0.057,21.081,10.000
1774029270.984,NAVIGATING,-0.042,21.061,10.059
1774029271.484,NAVIGATING,-0.029,21.582,10.038
1774029271.984,NAVIGATING,-0.014,22.486,10.010
1774029272.484,NAVIGATING,-0.008,23.363,9.999
1774029272.984,STATIONKEEPING,-0.004,23.994,9.993
1774029273.484,STATIONKEEPING,-0.008,24.332,9.993
1774029273.985,STATIONKEEPING,-0.011,24.410,9.996
1774029274.484,STATIONKEEPING,-0.012,24.326,9.996
1774029274.984,STATIONKEEPING,-0.012,24.172,9.995
1774029275.484,STATIONKEEPING,-0.017,24.021,9.996
1774029275.985,NAVIGATING,-0.004,23.857,10.090
1774029276.484,NAVIGATING,0.217,22.840,10.217
1774029276.984,NAVIGATING,0.757,20.283,10.200
1774029277.484,NAVIGATING,1.546,16.499,10.104
1774029277.984,NAVIGATING,2.508,11.799,10.014
1774029278.484,NAVIGATING,3.521,6.856,9.910
1774029278.984,NAVIGATING,4.419,2.561,9.825
1774029279.484,STATIONKEEPING,5.029,-0.224,9.788
1774029279.984,STATIONKEEPING,5.338,-1.557,9.847
1774029280.484,STATIONKEEPING,5.388,-1.726,9.907
1774029280.984,STATIONKEEPING,5.285,-1.226,9.928
1774029281.484,STATIONKEEPING,5.132,-0.501,9.938
1774029281.984,STATIONKEEPING,4.981,0.153,9.940
1774029282.484,NAVIGATING,4.887,0.555,9.944
1774029282.984,NAVIGATING,4.864,0.515,10.023
1774029283.484,NAVIGATING,4.876,-0.177,9.992
1774029283.985,NAVIGATING,4.907,-1.230,9.968
1774029284.484,NAVIGATING,4.948,-2.158,9.960
1774029284.984,STATIONKEEPING,4.988,-2.919,9.959
1774029285.484,STATIONKEEPING,4.995,-3.289,9.958
1774029285.984,STATIONKEEPING,4.989,-3.383,9.960
1774029286.484,STATIONKEEPING,4.977,-3.306,9.964
1774029286.984,STATIONKEEPING,4.959,-3.158,9.970
1774029287.484,STATIONKEEPING,4.942,-3.012,9.969
1774029287.984,NAVIGATING,4.930,-2.920,9.970
1774029288.484,NAVIGATING,4.928,-3.116,10.022
1774029288.984,NAVIGATING,4.936,-3.876,9.984
1774029289.484,NAVIGATING,4.958,-4.838,9.964
1774029289.984,STATIONKEEPING,4.975,-5.669,9.956
1774029290.484,STATIONKEEPING,4.983,-6.224,9.954
1774029290.984,STATIONKEEPING,4.984,-6.465,9.960
1774029291.484,STATIONKEEPING,4.989,-6.460,9.964
1774029291.985,STATIONKEEPING,4.977,-6.328,9.966
1774029292.484,STATIONKEEPING,4.969,-6.171,9.969
1774029292.984,NAVIGATING,4.967,-6.044,9.974
1774029293.484,NAVIGATING,4.977,-6.113,10.042
1774029293.984,NAVIGATING,4.993,-6.741,10.011
1774029294.484,NAVIGATING,5.016,-7.677,9.987
1774029294.984,STATIONKEEPING,5.032,-8.522,9.977
1774029295.484,STATIONKEEPING,5.051,-9.127,9.974
1774029295.985,STATIONKEEPING,5.078,-9.422,9.979
1774029296.484,STATIONKEEPING,5.090,-9.471,9.982
1774029296.984,STATIONKEEPING,5.084,-9.374,9.984
1774029297.484,STATIONKEEPING,5.076,-9.215,9.988
1774029297.985,NAVIGATING,5.067,-9.073,9.991
1774029298.484,NAVIGATING,5.051,-9.061,10.050
1774029298.984,NAVIGATING,5.041,-9.604,10.031
1774029299.484,NAVIGATING,5.021,-10.498,10.001
1774029299.984,NAVIGATING,5.018,-11.377,9.986
1774029300.484,STATIONKEEPING,5.017,-12.032,9.980
1774029300.984,STATIONKEEPING,5.017,-12.376,9.980
1774029301.484,STATIONKEEPING,5.009,-12.453,9.983
1774029301.985,STATIONKEEPING,4.990,-12.372,9.985
1774029302.484,STATIONKEEPING,4.975,-12.230,9.985
1774029302.984,STATIONKEEPING,4.963,-12.086,9.990
1774029303.484,NAVIGATING,4.948,-12.014,10.034
1774029303.985,NAVIGATING,4.943,-12.457,10.024
1774029304.484,NAVIGATING,4.944,-13.320,9.992
1774029304.984,NAVIGATING,4.952,-14.212,9.978
1774029305.484,STATIONKEEPING,4.955,-14.914,9.973
1774029305.985,STATIONKEEPING,4.957,-15.323,9.972
1774029306.484,STATIONKEEPING,4.961,-15.449,9.977
1774029306.984,STATIONKEEPING,4.968,-15.385,9.982
1774029307.484,STATIONKEEPING,4.978,-15.233,9.982
1774029307.984,STATIONKEEPING,4.990,-15.077,9.982
1774029308.484,NAVIGATING,4.995,-14.979,10.007
1774029308.984,NAVIGATING,4.997,-15.308,10.032
1774029309.484,NAVIGATING,5.004,-16.140,9.998
1774029309.984,NAVIGATING,5.009,-17.087,9.982
1774029310.485,STATIONKEEPING,5.022,-17.862,9.971
1774029310.984,STATIONKEEPING,5.036,-18.324,9.973
1774029311.484,STATIONKEEPING,5.036,-18.510,9.976
1774029311.984,STATIONKEEPING,5.029,-18.483,9.980
1774029312.484,STATIONKEEPING,5.016,-18.343,9.980
1774029312.984,STATIONKEEPING,5.009,-18.179,9.982
1774029313.484,NAVIGATING,5.001,-18.033,9.992
1774029313.984,NAVIGATING,4.991,-18.206,10.053
1774029314.484,NAVIGATING,4.986,-18.949,10.017
1774029314.984,NAVIGATING,4.982,-19.869,9.998
1774029315.484,STATIONKEEPING,4.980,-20.672,9.984
1774029315.986,STATIONKEEPING,4.973,-21.192,9.977
1774029316.484,STATIONKEEPING,4.974,-21.420,9.978
1774029316.984,STATIONKEEPING,4.971,-21.428,9.982
1774029317.484,STATIONKEEPING,4.972,-21.309,9.988
1774029317.985,STATIONKEEPING,4.970,-21.147,9.996
1774029318.484,STATIONKEEPING,4.964,-21.005,10.000
1774029318.984,NAVIGATING,4.960,-21.001,10.058
1774029319.484,NAVIGATING,4.965,-21.556,10.044
1774029319.985,NAVIGATING,4.976,-22.455,10.011
1774029320.484,NAVIGATING,4.973,-23.370,9.992
1774029320.984,STATIONKEEPING,4.971,-24.028,9.983
1774029321.484,STATIONKEEPING,4.963,-24.386,9.978
1774029321.985,STATIONKEEPING,4.957,-24.480,9.979
1774029322.484,STATIONKEEPING,4.955,-24.406,9.980
1774029322.984,STATIONKEEPING,4.951,-24.263,9.984
1774029323.484,STATIONKEEPING,4.944,-24.125,9.986
1774029323.984,NAVIGATING,4.960,-23.972,10.070
1774029324.484,NAVIGATING,5.184,-22.958,10.208
1774029324.984,NAVIGATING,5.708,-20.478,10.202
1774029325.484,NAVIGATING,6.504,-16.637,10.108
1774029325.984,NAVIGATING,7.443,-12.048,10.023
1774029326.484,NAVIGATING,8.465,-7.034,9.925
1774029326.984,NAVIGATING,9.350,-2.732,9.852
1774029327.484,STATIONKEEPING,9.958,0.121,9.812
1774029327.985,STATIONKEEPING,10.252,1.505,9.865
1774029328.484,STATIONKEEPING,10.300,1.724,9.922
1774029328.984,STATIONKEEPING,10.220,1.249,9.944
1774029329.484,STATIONKEEPING,10.089,0.514,9.947
1774029329.984,STATIONKEEPING,9.974,-0.163,9.950
1774029330.484,NAVIGATING,9.904,-0.598,9.954
1774029330.984,NAVIGATING,9.886,-0.590,10.035
1774029331.484,NAVIGATING,9.901,0.125,10.003
1774029331.984,NAVIGATING,9.925,1.148,9.978
1774029332.484,NAVIGATING,9.957,2.147,9.973
1774029332.984,STATIONKEEPING,9.991,2.853,9.976
1774029333.484,STATIONKEEPING,10.009,3.239,9.982
1774029333.984,STATIONKEEPING,10.024,3.348,9.985
1774029334.484,STATIONKEEPING,10.042,3.281,9.989
1774029334.984,STATIONKEEPING,10.055,3.142,9.992
1774029335.484,STATIONKEEPING,10.062,3.016,9.994
1774029335.985,NAVIGATING,10.068,2.931,10.000
1774029336.484,NAVIGATING,10.065,3.152,10.058
1774029336.984,NAVIGATING,10.061,3.932,10.018
1774029337.484,NAVIGATING,10.052,4.904,9.995
1774029337.984,STATIONKEEPING,10.048,5.725,9.983
1774029338.484,STATIONKEEPING,10.039,6.267,9.978
1774029338.984,STATIONKEEPING,10.030,6.495,9.981
1774029339.484,STATIONKEEPING,10.026,6.500,9.982
1774029339.984,STATIONKEEPING,10.023,6.385,9.980
1774029340.484,STATIONKEEPING,10.018,6.225,9.983
1774029340.984,NAVIGATING,10.010,6.094,9.984
1774029341.484,NAVIGATING,10.000,6.198,10.047
1774029341.985,NAVIGATING,9.991,6.832,10.010
1774029342.484,NAVIGATING,9.978,7.760,9.982
1774029342.984,STATIONKEEPING,9.972,8.585,9.968
1774029343.484,STATIONKEEPING,9.973,9.158,9.962
1774029343.984,STATIONKEEPING,9.971,9.437,9.965
1774029344.484,STATIONKEEPING,9.970,9.465,9.970
1774029344.984,STATIONKEEPING,9.974,9.342,9.972
1774029345.484,STATIONKEEPING,9.983,9.176,9.975
1774029345.985,STATIONKEEPING,9.984,9.044,9.972
1774029346.485,NAVIGATING,9.983,9.048,10.031
1774029346.984,NAVIGATING,9.978,9.568,10.014
1774029347.484,NAVIGATING,9.975,10.466,9.983
1774029347.985,NAVIGATING,9.978,11.324,9.968
1774029348.484,STATIONKEEPING,9.976,11.970,9.962
1774029348.984,STATIONKEEPING,9.976,12.315,9.964
1774029349.484,STATIONKEEPING,9.971,12.401,9.970
1774029349.984,STATIONKEEPING,9.963,12.327,9.974
1774029350.484,STATIONKEEPING,9.955,12.179,9.983
1774029350.984,STATIONKEEPING,9.956,12.044,9.989
1774029351.484,NAVIGATING,9.960,11.959,10.012
1774029351.985,NAVIGATING,9.969,12.289,10.047
1774029352.484,NAVIGATING,9.978,13.102,10.015
1774029352.984,NAVIGATING,9.988,14.019,9.998
1774029353.484,STATIONKEEPING,10.005,14.771,9.986
1774029353.985,STATIONKEEPING,10.028,15.244,9.986
1774029354.484,STATIONKEEPING,10.044,15.438,9.988
1774029354.984,STATIONKEEPING,10.049,15.426,9.990
1774029355.484,STATIONKEEPING,10.048,15.303,9.994
1774029355.984,STATIONKEEPING,10.032,15.159,9.999
1774029356.484,NAVIGATING,10.006,15.042,10.004
1774029356.984,NAVIGATING,9.984,15.224,10.057
1774029357.484,NAVIGATING,9.975,15.975,10.022
1774029357.984,NAVIGATING,9.973,16.902,10.007
1774029358.484,STATIONKEEPING,9.962,17.723,10.000
1774029358.984,STATIONKEEPING,9.952,18.247,10.001
1774029359.484,STATIONKEEPING,9.948,18.471,10.005
1774029359.984,STATIONKEEPING,9.943,18.477,10.008
1774029360.484,STATIONKEEPING,9.933,18.355,10.012
1774029360.984,STATIONKEEPING,9.920,18.187,10.015
1774029361.484,NAVIGATING,9.909,18.044,10.016
1774029361.984,NAVIGATING,9.890,18.120,10.081
1774029362.484,NAVIGATING,9.879,18.773,10.041
1774029362.984,NAVIGATING,9.884,19.708,10.015
1774029363.484,STATIONKEEPING,9.893,20.550,10.002
1774029363.984,STATIONKEEPING,9.893,21.147,9.998
1774029364.484,STATIONKEEPING,9.897,21.435,9.999
1774029364.984,STATIONKEEPING,9.909,21.470,9.999
1774029365.484,STATIONKEEPING,9.928,21.364,9.999
1774029365.984,STATIONKEEPING,9.938,21.199,10.000
1774029366.485,STATIONKEEPING,9.941,21.055,10.000
1774029366.984,NAVIGATING,9.950,21.055,10.059
1774029367.484,NAVIGATING,9.965,21.600,10.036
1774029367.985,NAVIGATING,9.972,22.498,10.006
1774029368.484,NAVIGATING,9.983,23.380,9.992
1774029368.984,STATIONKEEPING,9.996,24.032,9.985
1774029369.484,STATIONKEEPING,10.005,24.362,9.986
1774029369.984,STATIONKEEPING,10.018,24.454,9.988
1774029370.484,STATIONKEEPING,10.034,24.385,9.989
1774029370.984,STATIONKEEPING,10.045,24.250,9.993
1774029371.484,STATIONKEEPING,10.046,24.128,9.998
1774029371.985,NAVIGATING,10.071,23.972,10.093
1774029372.484,NAVIGATING,10.299,22.936,10.215
1774029372.984,NAVIGATING,10.836,20.384,10.208
1774029373.484,NAVIGATING,11.621,16.571,10.118
1774029373.984,NAVIGATING,12.579,11.880,10.032
1774029374.484,NAVIGATING,13.589,6.934,9.931
1774029374.984,NAVIGATING,14.477,2.598,9.849
1774029375.484,STATIONKEEPING,15.058,-0.170,9.809
1774029375.985,STATIONKEEPING,15.354,-1.525,9.862
1774029376.484,STATIONKEEPING,15.420,-1.725,9.921
1774029376.984,STATIONKEEPING,15.342,-1.249,9.947
1774029377.484,STATIONKEEPING,15.210,-0.544,9.958
1774029377.984,STATIONKEEPING,15.065,0.122,9.957
1774029378.484,NAVIGATING,14.954,0.553,9.956
1774029378.984,NAVIGATING,14.895,0.539,10.028
1774029379.484,NAVIGATING,14.880,-0.178,9.994
1774029379.986,NAVIGATING,14.896,-1.218,9.972
1774029380.484,NAVIGATING,14.921,-2.129,9.966
1774029380.984,STATIONKEEPING,14.945,-2.845,9.962
1774029381.484,STATIONKEEPING,14.972,-3.221,9.967
1774029381.984,STATIONKEEPING,14.992,-3.320,9.971
1774029382.484,STATIONKEEPING,15.004,-3.255,9.978
1774029382.984,STATIONKEEPING,15.009,-3.124,9.982
1774029383.484,STATIONKEEPING,15.012,-2.990,9.983
1774029383.984,NAVIGATING,15.014,-2.882,9.986
1774029384.484,NAVIGATING,15.024,-3.062,10.045
1774029384.984,NAVIGATING,15.033,-3.835,10.006
1774029385.484,NAVIGATING,15.037,-4.793,9.986
1774029385.984,STATIONKEEPING,15.032,-5.628,9.972
1774029386.484,STATIONKEEPING,15.013,-6.185,9.963
1774029386.984,STATIONKEEPING,15.001,-6.438,9.963
1774029387.484,STATIONKEEPING,14.993,-6.450,9.967
1774029387.985,STATIONKEEPING,14.995,-6.333,9.973
1774029388.484,STATIONKEEPING,15.010,-6.180,9.975
1774029388.984,NAVIGATING,15.024,-6.052,9.977
1774029389.484,NAVIGATING,15.040,-6.057,10.037
1774029389.985,NAVIGATING,15.059,-6.599,10.016
1774029390.484,NAVIGATING,15.062,-7.490,9.984
1774029390.984,NAVIGATING,15.060,-8.385,9.966
1774029391.484,STATIONKEEPING,15.052,-9.032,9.960
1774029391.984,STATIONKEEPING,15.042,-9.405,9.961
1774029392.484,STATIONKEEPING,15.040,-9.518,9.963
1774029392.984,STATIONKEEPING,15.039,-9.444,9.970
1774029393.484,STATIONKEEPING,15.034,-9.292,9.974
1774029393.985,STATIONKEEPING,15.016,-9.146,9.978
1774029394.484,NAVIGATING,14.997,-9.088,10.022
1774029394.984,NAVIGATING,14.991,-9.531,10.027
1774029395.484,NAVIGATING,14.993,-10.382,9.995
1774029395.984,NAVIGATING,14.993,-11.277,9.983
1774029396.484,STATIONKEEPING,14.990,-11.961,9.978
1774029396.984,STATIONKEEPING,14.978,-12.355,9.980
1774029397.484,STATIONKEEPING,14.965,-12.483,9.985
1774029397.984,STATIONKEEPING,14.959,-12.432,9.987
1774029398.484,STATIONKEEPING,14.949,-12.296,9.991
1774029398.984,STATIONKEEPING,14.949,-12.148,9.996
1774029399.484,NAVIGATING,14.951,-12.036,10.018
1774029399.984,NAVIGATING,14.950,-12.364,10.039
1774029400.484,NAVIGATING,14.955,-13.175,10.003
1774029400.984,NAVIGATING,14.965,-14.093,9.989
1774029401.484,STATIONKEEPING,14.981,-14.836,9.983
1774029401.985,STATIONKEEPING,14.999,-15.298,9.981
1774029402.484,STATIONKEEPING,15.014,-15.462,9.980
1774029402.984,STATIONKEEPING,15.019,-15.429,9.982
1774029403.484,STATIONKEEPING,15.020,-15.293,9.983
1774029403.984,STATIONKEEPING,15.019,-15.131,9.984
1774029404.484,NAVIGATING,15.020,-15.000,9.992
1774029404.984,NAVIGATING,15.022,-15.196,10.047
1774029405.484,NAVIGATING,15.023,-15.955,10.010
1774029405.985,NAVIGATING,15.031,-16.895,9.992
1774029406.484,STATIONKEEPING,15.037,-17.693,9.984
1774029406.984,STATIONKEEPING,15.046,-18.215,9.982
1774029407.484,STATIONKEEPING,15.047,-18.422,9.987
1774029407.984,STATIONKEEPING,15.048,-18.402,9.990
1774029408.484,STATIONKEEPING,15.054,-18.257,9.989
1774029408.984,STATIONKEEPING,15.052,-18.089,9.992
1774029409.484,NAVIGATING,15.046,-17.964,9.995
1774029409.985,NAVIGATING,15.027,-18.037,10.063
1774029410.484,NAVIGATING,15.024,-18.657,10.030
1774029410.984,NAVIGATING,15.017,-19.607,10.004
1774029411.484,NAVIGATING,15.016,-20.477,9.994
1774029411.984,STATIONKEEPING,15.017,-21.096,9.988
1774029412.484,STATIONKEEPING,15.009,-21.414,9.991
1774029412.984,STATIONKEEPING,15.011,-21.473,9.993
1774029413.484,STATIONKEEPING,15.015,-21.377,9.993
1774029413.985,STATIONKEEPING,15.012,-21.212,9.993
1774029414.484,STATIONKEEPING,14.997,-21.059,9.993
1774029414.984,NAVIGATING,14.996,-20.989,10.037
1774029415.484,NAVIGATING,14.998,-21.419,10.042
1774029415.984,NAVIGATING,15.008,-22.299,10.008
1774029416.484,NAVIGATING,15.022,-23.214,9.992
1774029416.984,STATIONKEEPING,15.028,-23.925,9.982
1774029417.484,STATIONKEEPING,15.020,-24.311,9.983
1774029417.985,STATIONKEEPING,15.005,-24.433,9.986
1774029418.484,STATIONKEEPING,14.994,-24.384,9.986
1774029418.984,STATIONKEEPING,14.991,-24.249,9.983
1774029419.484,STATIONKEEPING,14.987,-24.107,9.983
1774029419.985,RTL,14.980,-23.998,9.997
1774029420.484,RTL,14.577,-23.333,10.185
1774029420.984,RTL,13.385,-21.406,10.199
1774029421.484,RTL,11.441,-18.318,10.128
1774029421.984,RTL,8.971,-14.386,10.041
1774029422.484,RTL,6.264,-10.109,9.977
1774029422.984,RTL,3.452,-5.654,9.906
1774029423.484,RTL,1.167,-2.004,9.841
1774029423.985,COMPLETE,-0.281,0.339,9.823
1774029424.484,COMPLETE,-0.916,1.407,9.878
1774029424.984,COMPLETE,-0.928,1.499,9.924
1774029425.484,COMPLETE,-0.603,1.030,9.817
1774029425.984,COMPLETE,-0.216,0.397,9.208
1774029426.484,COMPLETE,0.087,-0.098,8.511
1774029426.984,COMPLETE,0.242,-0.343,7.938
1774029427.484,COMPLETE,0.298,-0.424,7.391
1774029427.984,COMPLETE,0.291,-0.405,6.871
1774029428.484,COMPLETE,0.268,-0.338,6.393
1774029428.984,COMPLETE,0.227,-0.256,5.943
1774029429.484,COMPLETE,0.190,-0.173,5.538
1774029429.985,COMPLETE,0.151,-0.109,5.152
1774029430.484,COMPLETE,0.126,-0.076,4.792
1774029430.984,COMPLETE,0.103,-0.048,4.433
1774029431.484,COMPLETE,0.082,-0.021,4.084
1774029431.984,COMPLETE,0.061,-0.010,3.731
1774029432.484,COMPLETE,0.041,-0.012,3.380
1774029432.984,COMPLETE,0.012,-0.007,3.025
1774029433.484,COMPLETE,-0.006,0.002,2.678
1774029433.984,COMPLETE,-0.020,0.020,2.329
1774029434.484,COMPLETE,-0.028,0.030,1.982
1774029434.984,COMPLETE,-0.034,0.031,1.638
1774029435.484,COMPLETE,-0.036,0.027,1.303
1774029435.984,COMPLETE,-0.028,0.024,0.959
1774029436.484,COMPLETE,-0.016,0.018,0.620
1774029436.984,COMPLETE,-0.013,0.006,0.278
1774029437.484,COMPLETE,-0.017,0.013,-0.116
1774029437.984,COMPLETE,-0.011,0.004,-0.332
1774029438.484,COMPLETE,-0.010,-0.001,-0.478
1774029438.984,COMPLETE,-0.001,-0.015,-0.663
1774029439.484,COMPLETE,0.012,-0.030,-0.900
1774029439.984,COMPLETE,0.031,-0.029,-1.194
1774029440.484,COMPLETE,0.042,-0.023,-1.462
1774029440.984,COMPLETE,0.046,-0.006,-1.778
1774029441.484,COMPLETE,0.056,0.000,-1.976
1774029441.984,COMPLETE,0.069,0.001,-1.995
1774029442.484,COMPLETE,0.072,0.001,-1.960
1774029442.984,COMPLETE,0.076,-0.002,-1.912
1774029443.484,COMPLETE,0.079,-0.004,-1.864
1774029443.984,COMPLETE,0.081,-0.008,-1.813
1774029444.484,COMPLETE,0.081,-0.011,-1.715
1774029444.984,COMPLETE,0.082,-0.009,-1.617
1774029445.484,COMPLETE,0.080,-0.011,-1.532
1774029445.984,COMPLETE,0.079,-0.012,-1.458
1774029446.484,COMPLETE,0.077,-0.011,-1.358
1774029446.984,COMPLETE,0.079,-0.015,-1.264
1774029447.484,COMPLETE,0.078,-0.018,-1.177
1774029447.984,COMPLETE,0.072,-0.019,-1.101
1774029448.484,COMPLETE,0.068,-0.013,-1.006
1774029448.984,COMPLETE,0.067,-0.006,-0.916
1774029449.484,COMPLETE,0.066,-0.006,-0.841
1774029449.984,COMPLETE,0.065,-0.007,-0.778
1774029450.485,COMPLETE,0.060,-0.013,-0.705
1774029450.984,COMPLETE,0.059,-0.019,-0.639
1774029451.484,COMPLETE,0.059,-0.020,-0.579
1774029451.985,COMPLETE,0.058,-0.023,-0.524
1774029452.484,COMPLETE,0.057,-0.021,-0.465
1774029452.984,COMPLETE,0.058,-0.018,-0.412
1774029453.484,COMPLETE,0.059,-0.021,-0.368
1774029453.984,COMPLETE,0.063,-0.028,-0.329
1774029454.484,COMPLETE,0.063,-0.019,-0.287
1774029454.984,COMPLETE,0.059,-0.018,-0.252
1774029455.484,COMPLETE,0.062,-0.016,-0.224
1774029455.984,COMPLETE,0.065,-0.014,-0.198
1774029456.484,COMPLETE,0.070,-0.012,-0.171
1774029456.984,COMPLETE,0.071,-0.017,-0.148
1774029457.484,COMPLETE,0.072,-0.020,-0.125
1774029457.985,COMPLETE,0.076,-0.023,-0.106
1774029458.484,COMPLETE,0.080,-0.021,-0.087
1774029458.984,COMPLETE,0.081,-0.019,-0.067
1774029459.484,COMPLETE,0.084,-0.021,-0.046
1774029459.984,COMPLETE,0.086,-0.023,-0.028
1774029460.484,COMPLETE,0.084,-0.018,-0.010
1774029460.984,COMPLETE,0.079,-0.013,0.006
1774029461.484,COMPLETE,0.076,-0.004,0.020
1774029461.984,COMPLETE,0.070,0.006,0.033
1774029462.484,COMPLETE,0.065,0.006,0.045
1774029462.984,COMPLETE,0.059,0.012,0.056
1774029463.484,COMPLETE,0.058,0.019,0.067
1774029463.984,COMPLETE,0.058,0.023,0.074
1774029464.484,COMPLETE,0.055,0.023,0.087
1774029464.985,COMPLETE,0.052,0.027,0.096
1774029465.484,COMPLETE,0.051,0.033,0.104
1774029465.984,COMPLETE,0.047,0.038,0.110
1774029466.484,COMPLETE,0.049,0.042,0.114
1774029466.984,COMPLETE,0.048,0.043,0.116
1774029467.484,COMPLETE,0.047,0.044,0.122
1774029467.984,COMPLETE,0.046,0.050,0.126
1774029468.484,COMPLETE,0.043,0.034,0.129
1774029468.985,COMPLETE,0.040,0.024,0.131
1774029469.484,COMPLETE,0.034,0.016,0.134
1774029469.984,COMPLETE,0.036,0.007,0.139
1774029470.484,COMPLETE,0.031,0.004,0.137
1774029470.984,COMPLETE,0.033,0.003,0.138
1774029471.484,COMPLETE,0.037,-0.003,0.141
1774029471.984,COMPLETE,0.041,-0.007,0.145
1774029472.484,COMPLETE,0.043,-0.009,0.143
1774029472.985,COMPLETE,0.043,-0.002,0.142
1774029473.484,COMPLETE,0.043,0.002,0.144
1774029473.984,COMPLETE,0.038,0.006,0.147
1774029474.484,COMPLETE,0.035,0.015,0.154
1774029474.984,COMPLETE,0.034,0.020,0.162
1774029475.484,COMPLETE,0.033,0.024,0.169
1774029475.984,COMPLETE,0.029,0.030,0.173
1774029476.484,COMPLETE,0.026,0.037,0.175
1774029476.984,COMPLETE,0.025,0.044,0.174
1774029477.484,COMPLETE,0.024,0.052,0.173
1774029477.984,COMPLETE,0.022,0.058,0.171
1774029478.484,COMPLETE,0.019,0.055,0.167
1774029478.985,COMPLETE,0.022,0.049,0.164
1774029479.484,COMPLETE,0.018,0.054,0.166
1774029479.984,COMPLETE,0.016,0.058,0.168
1774029480.484,COMPLETE,0.015,0.058,0.171
1774029480.985,COMPLETE,0.019,0.052,0.170
1774029481.484,COMPLETE,0.023,0.047,0.168
1774029481.984,COMPLETE,0.026,0.046,0.170
1774029482.484,COMPLETE,0.024,0.046,0.172
1774029482.984,COMPLETE,0.023,0.049,0.173
1774029483.484,COMPLETE,0.023,0.052,0.173
1774029483.984,COMPLETE,0.024,0.058,0.177
1774029484.484,COMPLETE,0.025,0.061,0.179
1774029484.984,COMPLETE,0.027,0.057,0.180
1774029485.484,COMPLETE,0.029,0.055,0.184
1774029485.984,COMPLETE,0.031,0.055,0.187
1774029486.484,COMPLETE,0.028,0.051,0.186
1774029486.985,COMPLETE,0.028,0.050,0.184
1774029487.484,COMPLETE,0.025,0.051,0.184
1774029487.984,COMPLETE,0.021,0.052,0.186
1774029488.484,COMPLETE,0.018,0.049,0.188
1774029488.984,COMPLETE,0.020,0.045,0.190
1774029489.484,COMPLETE,0.018,0.045,0.195
1774029489.984,COMPLETE,0.015,0.044,0.201
1774029490.484,COMPLETE,0.017,0.047,0.203
1774029490.984,COMPLETE,0.020,0.043,0.203
1774029491.484,COMPLETE,0.029,0.033,0.203
1774029491.984,COMPLETE,0.037,0.026,0.202
1774029492.484,COMPLETE,0.036,0.017,0.200
1774029492.985,COMPLETE,0.036,0.016,0.197
1774029493.484,COMPLETE,0.039,0.017,0.193
1774029493.984,COMPLETE,0.047,0.013,0.191
1774029494.484,COMPLETE,0.057,0.012,0.194
1774029494.984,COMPLETE,0.066,0.012,0.192
1774029495.484,COMPLETE,0.075,0.012,0.193
1774029495.984,COMPLETE,0.079,0.004,0.194
1774029496.484,COMPLETE,0.073,0.004,0.193
1774029496.985,COMPLETE,0.066,0.008,0.191
1774029497.484,COMPLETE,0.065,0.007,0.194
1774029497.984,COMPLETE,0.066,0.005,0.193
1774029498.484,COMPLETE,0.068,0.004,0.191
1774029498.984,COMPLETE,0.063,0.008,0.184
1774029499.484,COMPLETE,0.060,0.013,0.176
1774029499.984,COMPLETE,0.063,0.018,0.175
1774029500.484,COMPLETE,0.066,0.025,0.174
1774029500.985,COMPLETE,0.064,0.031,0.169
1774029501.484,COMPLETE,0.062,0.035,0.165
1774029501.984,COMPLETE,0.061,0.040,0.164
1774029502.484,COMPLETE,0.059,0.045,0.164
1774029502.984,COMPLETE,0.056,0.044,0.159
1774029503.484,COMPLETE,0.056,0.040,0.162
1774029503.984,COMPLETE,0.053,0.037,0.162
1774029504.484,COMPLETE,0.046,0.038,0.161
1774029504.985,COMPLETE,0.048,0.037,0.158
1774029505.484,COMPLETE,0.043,0.038,0.157
1774029505.984,COMPLETE,0.036,0.041,0.157
1774029506.484,COMPLETE,0.032,0.047,0.154
1774029506.985,COMPLETE,0.037,0.046,0.147
1774029507.484,COMPLETE,0.039,0.042,0.144
1774029507.984,COMPLETE,0.041,0.040,0.143
1774029508.484,COMPLETE,0.043,0.042,0.146
1774029508.984,COMPLETE,0.045,0.041,0.143
1774029509.484,COMPLETE,0.049,0.035,0.143
1774029509.984,COMPLETE,0.052,0.031,0.150
1774029510.484,COMPLETE,0.059,0.028,0.154
1774029510.984,COMPLETE,0.055,0.025,0.152
1774029511.484,COMPLETE,0.056,0.019,0.145
1774029511.984,COMPLETE,0.060,0.019,0.138
1774029512.484,COMPLETE,0.070,0.022,0.129
1774029512.985,COMPLETE,0.071,0.027,0.116
1774029513.484,COMPLETE,0.072,0.029,0.103
1774029513.984,COMPLETE,0.072,0.025,0.091
1774029514.484,COMPLETE,0.070,0.021,0.084
1774029514.984,COMPLETE,0.064,0.015,0.074
1774029515.484,COMPLETE,0.058,0.010,0.067
1774029515.984,COMPLETE,0.055,0.006,0.063
1774029516.484,COMPLETE,0.053,0.004,0.060
1774029516.984,COMPLETE,0.055,0.009,0.058
1774029517.484,COMPLETE,0.052,0.015,0.057
1774029517.984,COMPLETE,0.051,0.017,0.054
1774029518.484,COMPLETE,0.052,0.019,0.049
1774029518.985,COMPLETE,0.053,0.024,0.043
1774029519.484,COMPLETE,0.056,0.027,0.037
1774029519.984,COMPLETE,0.060,0.034,0.031
1774029520.484,COMPLETE,0.065,0.040,0.026
1774029520.984,COMPLETE,0.060,0.037,0.024
1774029521.484,COMPLETE,0.060,0.032,0.023
1774029521.984,COMPLETE,0.059,0.028,0.020
1774029522.484,COMPLETE,0.061,0.028,0.017
1774029522.985,COMPLETE,0.063,0.025,0.014
1774029523.484,COMPLETE,0.060,0.024,0.010
1774029523.984,COMPLETE,0.057,0.025,0.004
1774029524.484,COMPLETE,0.060,0.022,0.001
1774029524.985,COMPLETE,0.053,0.024,0.001
1774029525.484,COMPLETE,0.049,0.026,0.005
1774029525.984,COMPLETE,0.045,0.029,0.010
1774029526.484,COMPLETE,0.045,0.038,0.014
1774029526.984,COMPLETE,0.043,0.033,0.016
1774029527.484,COMPLETE,0.041,0.029,0.016
1774029527.984,COMPLETE,0.037,0.030,0.015
1774029528.484,COMPLETE,0.032,0.034,0.019
1774029528.984,COMPLETE,0.032,0.034,0.022
1774029529.484,COMPLETE,0.035,0.031,0.023
1774029529.984,COMPLETE,0.034,0.030,0.027
1774029530.484,COMPLETE,0.033,0.027,0.029
1774029530.984,COMPLETE,0.033,0.026,0.035
1774029531.484,COMPLETE,0.036,0.031,0.035
1774029531.984,COMPLETE,0.039,0.035,0.038
1774029532.484,COMPLETE,0.038,0.042,0.040
1774029532.984,COMPLETE,0.042,0.043,0.044
1774029533.484,COMPLETE,0.037,0.035,0.049
1774029533.984,COMPLETE,0.039,0.027,0.051
1774029534.484,COMPLETE,0.045,0.022,0.049
1774029534.984,COMPLETE,0.047,0.019,0.043
1774029535.484,COMPLETE,0.051,0.015,0.036
1774029535.984,COMPLETE,0.058,0.014,0.032
1774029536.484,COMPLETE,0.057,0.018,0.033
1774029536.985,COMPLETE,0.054,0.020,0.033
1774029537.484,COMPLETE,0.056,0.020,0.032
1774029537.984,COMPLETE,0.053,0.020,0.032
1774029538.484,COMPLETE,0.046,0.019,0.032
1774029538.984,COMPLETE,0.045,0.022,0.035
1774029539.484,COMPLETE,0.046,0.028,0.038
1774029539.984,COMPLETE,0.048,0.035,0.041
1774029540.484,COMPLETE,0.050,0.041,0.046
1774029540.984,COMPLETE,0.053,0.038,0.049
1774029541.484,COMPLETE,0.061,0.031,0.052
1774029541.984,COMPLETE,0.068,0.029,0.054
1774029542.484,COMPLETE,0.071,0.032,0.061
1774029542.985,COMPLETE,0.068,0.032,0.063
1774029543.484,COMPLETE,0.063,0.026,0.061
1774029543.984,COMPLETE,0.064,0.024,0.060
1774029544.484,COMPLETE,0.066,0.025,0.058
1774029544.985,COMPLETE,0.073,0.024,0.054
1774029545.484,COMPLETE,0.078,0.021,0.052
1774029545.984,COMPLETE,0.085,0.017,0.052
1774029546.484,COMPLETE,0.091,0.014,0.051
1774029546.984,COMPLETE,0.086,0.014,0.047
1774029547.484,COMPLETE,0.086,0.016,0.046
1774029547.984,COMPLETE,0.090,0.018,0.047
1774029548.484,COMPLETE,0.090,0.023,0.047
1774029548.984,COMPLETE,0.088,0.028,0.049
1774029549.484,COMPLETE,0.084,0.029,0.051
1774029549.984,COMPLETE,0.080,0.032,0.055
1774029550.484,COMPLETE,0.073,0.036,0.059
1774029550.985,COMPLETE,0.066,0.039,0.062
1774029551.484,COMPLETE,0.062,0.040,0.062
1774029551.984,COMPLETE,0.064,0.042,0.065
1774029552.484,COMPLETE,0.061,0.046,0.068
1774029552.985,COMPLETE,0.058,0.047,0.069
1774029553.484,COMPLETE,0.056,0.048,0.068
1774029553.984,COMPLETE,0.051,0.048,0.068
1774029554.484,COMPLETE,0.042,0.048,0.070
1774029554.984,COMPLETE,0.036,0.046,0.072
1774029555.484,COMPLETE,0.032,0.046,0.071
1774029555.984,COMPLETE,0.029,0.043,0.067
1774029556.484,COMPLETE,0.031,0.040,0.062
1774029556.985,COMPLETE,0.040,0.040,0.057
1774029557.484,COMPLETE,0.049,0.038,0.054
1774029557.984,COMPLETE,0.056,0.035,0.050
1774029558.484,COMPLETE,0.055,0.033,0.051
1774029558.984,COMPLETE,0.054,0.032,0.050
1774029559.484,COMPLETE,0.050,0.034,0.048
1774029559.984,COMPLETE,0.050,0.039,0.048
1774029560.484,COMPLETE,0.047,0.045,0.050
1774029560.984,COMPLETE,0.042,0.042,0.046
1774029561.484,COMPLETE,0.049,0.041,0.048
1774029561.984,COMPLETE,0.054,0.037,0.049
1774029562.484,COMPLETE,0.052,0.034,0.047
1774029562.985,COMPLETE,0.054,0.031,0.051
1774029563.484,COMPLETE,0.056,0.033,0.050
1774029563.984,COMPLETE,0.062,0.036,0.047
1774029564.486,COMPLETE,0.065,0.036,0.044
1774029564.986,COMPLETE,0.061,0.033,0.046
1774029565.484,COMPLETE,0.055,0.029,0.046
1774029565.984,COMPLETE,0.057,0.028,0.045
1774029566.484,COMPLETE,0.057,0.028,0.044
1774029566.984,COMPLETE,0.059,0.032,0.039
1774029567.484,COMPLETE,0.062,0.039,0.033
1774029567.984,COMPLETE,0.055,0.042,0.028
1774029568.484,COMPLETE,0.048,0.044,0.024
1774029568.985,COMPLETE,0.040,0.035,0.024
1774029569.484,COMPLETE,0.038,0.026,0.020
1774029569.984,COMPLETE,0.038,0.017,0.014
1774029570.484,COMPLETE,0.038,0.009,0.010
1774029570.984,COMPLETE,0.038,-0.006,0.010
1774029571.484,COMPLETE,0.032,-0.007,0.015
1774029571.984,COMPLETE,0.028,-0.013,0.022
1774029572.484,COMPLETE,0.029,-0.021,0.028
1774029572.985,COMPLETE,0.034,-0.030,0.037
1774029573.484,COMPLETE,0.039,-0.024,0.039
1774029573.984,COMPLETE,0.039,-0.020,0.044
1774029574.484,COMPLETE,0.030,-0.015,0.051
1774029574.984,COMPLETE,0.033,-0.009,0.062
1774029575.484,COMPLETE,0.037,-0.004,0.066
1774029575.984,COMPLETE,0.039,-0.003,0.067
1774029576.484,COMPLETE,0.036,-0.009,0.070
1774029576.985,COMPLETE,0.039,-0.010,0.072
1774029577.484,COMPLETE,0.045,-0.012,0.071
1774029577.984,COMPLETE,0.048,-0.015,0.077
1774029578.484,COMPLETE,0.047,-0.022,0.081
1774029578.984,COMPLETE,0.053,-0.023,0.082
1774029579.484,COMPLETE,0.050,-0.018,0.082
1774029579.984,COMPLETE,0.047,-0.010,0.084
1774029580.484,COMPLETE,0.049,-0.005,0.086
1774029580.984,COMPLETE,0.049,0.001,0.085
1774029581.484,COMPLETE,0.054,0.009,0.083
1774029581.984,COMPLETE,0.059,0.012,0.078
1774029582.484,COMPLETE,0.058,0.015,0.076
1774029582.984,COMPLETE,0.059,0.015,0.074
1774029583.484,COMPLETE,0.061,0.017,0.071
1774029583.984,COMPLETE,0.058,0.018,0.066
1774029584.484,COMPLETE,0.050,0.018,0.060
1774029584.984,COMPLETE,0.045,0.023,0.054
1774029585.485,COMPLETE,0.038,0.027,0.049
1774029585.984,COMPLETE,0.032,0.027,0.046
1774029586.484,COMPLETE,0.024,0.027,0.045
1774029586.984,COMPLETE,0.019,0.024,0.044
1774029587.484,COMPLETE,0.023,0.015,0.043
1774029587.984,COMPLETE,0.030,0.010,0.041
1774029588.484,COMPLETE,0.032,0.012,0.036
1774029588.984,COMPLETE,0.030,0.019,0.034
1774029589.484,COMPLETE,0.033,0.028,0.031
1774029589.984,COMPLETE,0.038,0.038,0.035
1774029590.484,COMPLETE,0.044,0.035,0.040
1774029590.984,COMPLETE,0.051,0.030,0.040
1774029591.484,COMPLETE,0.055,0.029,0.043
1774029591.984,COMPLETE,0.059,0.024,0.046
1774029592.484,COMPLETE,0.068,0.017,0.050
1774029592.984,COMPLETE,0.065,0.015,0.053
1774029593.484,COMPLETE,0.064,0.016,0.052
1774029593.984,COMPLETE,0.060,0.010,0.054
1774029594.484,COMPLETE,0.054,0.006,0.052
1774029594.984,COMPLETE,0.044,0.005,0.049
1774029595.484,COMPLETE,0.040,0.003,0.044
1774029595.984,COMPLETE,0.044,0.003,0.037
1774029596.484,COMPLETE,0.053,0.004,0.033
1774029596.984,COMPLETE,0.060,0.003,0.034
1774029597.484,COMPLETE,0.055,0.007,0.033
1774029597.984,COMPLETE,0.059,0.002,0.035
1774029598.484,COMPLETE,0.065,-0.002,0.034
1774029598.984,COMPLETE,0.069,0.002,0.032
1774029599.484,COMPLETE,0.069,0.009,0.030
1774029599.984,COMPLETE,0.070,0.017,0.028
1774029600.484,COMPLETE,0.069,0.020,0.025
1774029600.984,COMPLETE,0.072,0.019,0.020
1774029601.484,COMPLETE,0.073,0.012,0.017
1774029601.984,COMPLETE,0.079,0.013,0.020
1774029602.484,COMPLETE,0.084,0.016,0.024
1774029602.984,COMPLETE,0.092,0.019,0.026
1774029603.484,COMPLETE,0.090,0.019,0.025
1774029603.984,COMPLETE,0.090,0.020,0.026
1774029604.484,COMPLETE,0.092,0.023,0.027
1774029604.984,COMPLETE,0.086,0.029,0.026
1774029605.484,COMPLETE,0.082,0.032,0.023
1774029605.984,COMPLETE,0.083,0.037,0.018
1774029606.484,COMPLETE,0.083,0.035,0.016
1774029606.984,COMPLETE,0.080,0.032,0.016
1774029607.484,COMPLETE,0.067,0.021,0.015
1774029607.984,COMPLETE,0.061,0.021,0.017
1774029608.484,COMPLETE,0.059,0.022,0.016
1774029608.984,COMPLETE,0.059,0.021,0.013
1774029609.484,COMPLETE,0.055,0.016,0.009
1774029609.984,COMPLETE,0.051,0.016,0.005
1774029610.484,COMPLETE,0.046,0.015,0.006
1774029610.985,COMPLETE,0.038,0.012,0.008
1774029611.484,COMPLETE,0.032,0.011,0.008
1774029611.984,COMPLETE,0.031,0.008,0.012
1774029612.484,COMPLETE,0.030,0.007,0.018
1774029612.984,COMPLETE,0.024,0.012,0.029
1774029613.484,COMPLETE,0.026,0.009,0.034
1774029613.984,COMPLETE,0.029,0.010,0.040
1774029614.484,COMPLETE,0.033,0.009,0.050
1774029614.984,COMPLETE,0.034,0.021,0.061
1774029615.484,COMPLETE,0.040,0.027,0.069
1774029615.984,COMPLETE,0.046,0.025,0.079
1774029616.484,COMPLETE,0.050,0.025,0.082
1774029616.984,COMPLETE,0.052,0.019,0.084
1774029617.484,COMPLETE,0.051,0.020,0.083
1774029617.984,COMPLETE,0.050,0.017,0.084
1774029618.484,COMPLETE,0.045,0.012,0.085
1774029618.984,COMPLETE,0.040,0.008,0.091
1774029619.484,COMPLETE,0.032,0.009,0.093
1774029619.984,COMPLETE,0.033,0.008,0.098
1774029620.484,COMPLETE,0.032,0.009,0.099
1774029620.985,COMPLETE,0.036,0.011,0.095
1774029621.484,COMPLETE,0.040,0.013,0.092
1774029621.984,COMPLETE,0.042,0.015,0.091
1774029622.484,COMPLETE,0.043,0.016,0.092
1774029622.984,COMPLETE,0.046,0.012,0.087
1774029623.484,COMPLETE,0.050,0.014,0.084
1774029623.984,COMPLETE,0.058,0.018,0.084
1774029624.484,COMPLETE,0.065,0.021,0.086
1774029624.984,COMPLETE,0.065,0.022,0.084
1774029625.484,COMPLETE,0.068,0.024,0.079
1774029625.984,COMPLETE,0.073,0.024,0.076
1774029626.484,COMPLETE,0.078,0.024,0.073
1774029626.985,COMPLETE,0.083,0.027,0.072
1774029627.484,COMPLETE,0.085,0.030,0.072
1774029627.984,COMPLETE,0.087,0.036,0.073
1774029628.484,COMPLETE,0.092,0.040,0.073
1774029628.984,COMPLETE,0.094,0.043,0.075
1774029629.484,COMPLETE,0.087,0.044,0.081
1774029629.984,COMPLETE,0.087,0.046,0.080
1774029630.484,COMPLETE,0.086,0.045,0.077
1774029630.984,COMPLETE,0.087,0.038,0.075
1774029631.484,COMPLETE,0.084,0.040,0.072
1774029631.984,COMPLETE,0.080,0.041,0.069
1774029632.484,COMPLETE,0.079,0.041,0.066
1774029632.984,COMPLETE,0.079,0.038,0.064
1774029633.484,COMPLETE,0.073,0.037,0.058
1774029633.984,COMPLETE,0.070,0.039,0.052
1774029634.484,COMPLETE,0.068,0.042,0.048
1774029634.985,COMPLETE,0.066,0.039,0.043
1774029635.484,COMPLETE,0.057,0.043,0.043
1774029635.984,COMPLETE,0.051,0.047,0.041
1774029636.484,COMPLETE,0.048,0.048,0.042
1774029636.985,COMPLETE,0.042,0.048,0.039
1774029637.484,COMPLETE,0.041,0.045,0.033
1774029637.984,COMPLETE,0.034,0.043,0.032
1774029638.484,COMPLETE,0.030,0.045,0.027
1774029638.984,COMPLETE,0.031,0.054,0.021
1774029639.484,COMPLETE,0.037,0.060,0.015
1774029639.984,COMPLETE,0.030,0.058,0.015
1774029640.484,COMPLETE,0.025,0.056,0.014
1774029640.984,COMPLETE,0.027,0.059,0.011
1774029641.484,COMPLETE,0.033,0.061,0.001
1774029641.984,COMPLETE,0.041,0.058,-0.001
1774029642.484,COMPLETE,0.045,0.059,-0.002
1774029642.984,COMPLETE,0.046,0.059,-0.005
1774029643.484,COMPLETE,0.047,0.055,-0.006
1774029643.984,COMPLETE,0.049,0.047,-0.008
1774029644.484,COMPLETE,0.046,0.039,-0.009
1774029644.984,COMPLETE,0.046,0.035,-0.006
1774029645.484,COMPLETE,0.051,0.023,0.004
1774029645.984,COMPLETE,0.056,0.016,0.015
1774029646.484,COMPLETE,0.061,0.011,0.025
1774029646.984,COMPLETE,0.065,0.003,0.032
1774029647.484,COMPLETE,0.067,0.004,0.036
1774029647.984,COMPLETE,0.072,0.004,0.044
1774029648.484,COMPLETE,0.078,-0.001,0.051
1774029648.984,COMPLETE,0.079,-0.014,0.057
1774029649.485,COMPLETE,0.077,-0.010,0.064
1774029649.984,COMPLETE,0.079,0.001,0.068
1774029650.484,COMPLETE,0.082,0.006,0.075
1774029650.984,COMPLETE,0.086,0.013,0.076
1774029651.484,COMPLETE,0.083,0.019,0.077
1774029651.984,COMPLETE,0.072,0.024,0.075
1774029652.484,COMPLETE,0.070,0.034,0.073
1774029652.984,COMPLETE,0.077,0.038,0.070
1774029653.484,COMPLETE,0.079,0.032,0.071
1774029653.984,COMPLETE,0.074,0.029,0.071
1774029654.484,COMPLETE,0.075,0.028,0.071
1774029654.984,COMPLETE,0.077,0.026,0.076
1774029655.484,COMPLETE,0.068,0.026,0.081
1774029655.984,COMPLETE,0.054,0.031,0.085
1774029656.484,COMPLETE,0.041,0.031,0.093
1774029656.984,COMPLETE,0.035,0.030,0.101
1774029657.484,COMPLETE,0.032,0.033,0.106
1774029657.984,COMPLETE,0.033,0.030,0.108
1774029658.484,COMPLETE,0.030,0.031,0.110
1774029658.984,COMPLETE,0.028,0.030,0.112
1774029659.484,COMPLETE,0.029,0.035,0.111
1774029659.984,COMPLETE,0.033,0.034,0.109
1774029660.484,COMPLETE,0.035,0.031,0.109
1774029660.984,COMPLETE,0.034,0.025,0.106
1774029661.484,COMPLETE,0.034,0.020,0.095
1774029661.984,COMPLETE,0.040,0.021,0.085
1774029662.484,COMPLETE,0.039,0.023,0.079
1774029662.985,COMPLETE,0.038,0.022,0.074
1774029663.484,COMPLETE,0.039,0.021,0.067
1774029663.984,COMPLETE,0.038,0.016,0.057
1774029664.484,COMPLETE,0.035,0.013,0.049
1774029664.984,COMPLETE,0.028,0.009,0.044
1774029665.484,COMPLETE,0.024,0.009,0.039
1774029665.984,COMPLETE,0.026,0.017,0.039
1774029666.484,COMPLETE,0.023,0.020,0.039
1774029666.985,COMPLETE,0.020,0.023,0.032
1774029667.484,COMPLETE,0.023,0.025,0.025
1774029667.984,COMPLETE,0.034,0.026,0.014
1774029668.484,COMPLETE,0.041,0.025,0.008
1774029668.984,COMPLETE,0.040,0.025,0.005
1774029669.484,COMPLETE,0.040,0.023,0.003
1774029669.984,COMPLETE,0.035,0.020,0.002
1774029670.484,COMPLETE,0.028,0.016,0.001
1774029670.984,COMPLETE,0.021,0.011,0.004
1774029671.484,COMPLETE,0.022,0.011,0.012
1774029671.984,COMPLETE,0.027,0.012,0.016
1774029672.484,COMPLETE,0.032,0.012,0.024
1774029672.984,COMPLETE,0.032,0.020,0.034
1774029673.484,COMPLETE,0.031,0.026,0.042
1774029673.984,COMPLETE,0.035,0.027,0.046
1774029674.484,COMPLETE,0.037,0.033,0.049
1774029674.984,COMPLETE,0.038,0.034,0.054
1774029675.484,COMPLETE,0.039,0.037,0.059
1774029675.984,COMPLETE,0.039,0.041,0.062
1774029676.484,COMPLETE,0.035,0.048,0.063
1774029676.984,COMPLETE,0.038,0.053,0.064
1774029677.484,COMPLETE,0.039,0.056,0.067
1774029677.984,COMPLETE,0.038,0.057,0.067
1774029678.484,COMPLETE,0.041,0.060,0.068
1774029678.984,COMPLETE,0.041,0.058,0.068
1774029679.484,COMPLETE,0.041,0.054,0.068
1774029679.984,COMPLETE,0.044,0.048,0.068
1774029680.484,COMPLETE,0.045,0.039,0.068
1774029680.984,COMPLETE,0.045,0.036,0.069
1774029681.484,COMPLETE,0.043,0.032,0.073
1774029681.984,COMPLETE,0.038,0.028,0.070
1774029682.484,COMPLETE,0.035,0.026,0.067
1774029682.985,COMPLETE,0.035,0.022,0.066
1774029683.484,COMPLETE,0.029,0.016,0.064
1774029683.984,COMPLETE,0.029,0.010,0.060
1774029684.484,COMPLETE,0.033,0.011,0.058
1774029684.984,COMPLETE,0.040,0.012,0.051
1774029685.484,COMPLETE,0.044,0.009,0.044
1774029685.984,COMPLETE,0.045,0.008,0.039
1774029686.484,COMPLETE,0.045,0.005,0.032
1774029686.984,COMPLETE,0.046,0.002,0.023
1774029687.484,COMPLETE,0.044,0.001,0.014
1774029687.984,COMPLETE,0.043,0.005,0.007
1774029688.484,COMPLETE,0.042,0.002,0.005
1774029688.985,COMPLETE,0.047,-0.002,0.003
1774029689.484,COMPLETE,0.052,-0.004,0.002
1774029689.984,COMPLETE,0.052,0.001,0.002
1774029690.484,COMPLETE,0.052,0.003,0.005
1774029690.984,COMPLETE,0.051,0.004,0.011
1774029691.484,COMPLETE,0.055,0.005,0.013
1774029691.984,COMPLETE,0.054,0.010,0.015
1774029692.484,COMPLETE,0.055,0.012,0.018
1774029692.984,COMPLETE,0.057,0.014,0.017
1774029693.484,COMPLETE,0.060,0.016,0.015
1774029693.984,COMPLETE,0.059,0.020,0.014
1774029694.484,COMPLETE,0.062,0.021,0.015
1774029694.985,COMPLETE,0.065,0.020,0.015
1774029695.484,COMPLETE,0.072,0.020,0.012
1774029695.984,COMPLETE,0.064,0.018,0.010
1774029696.484,COMPLETE,0.062,0.021,0.012
1774029696.984,COMPLETE,0.059,0.021,0.013
1774029697.484,COMPLETE,0.052,0.022,0.014
1774029697.984,COMPLETE,0.045,0.028,0.013
1774029698.484,COMPLETE,0.043,0.033,0.012
1774029698.985,COMPLETE,0.041,0.031,0.011
1774029699.484,COMPLETE,0.041,0.021,0.010
1774029699.984,COMPLETE,0.034,0.019,0.010
1774029700.484,COMPLETE,0.034,0.015,0.007
1774029700.985,COMPLETE,0.034,0.014,0.005
1774029701.484,COMPLETE,0.032,0.013,0.005
1774029701.984,COMPLETE,0.038,0.016,0.000
1774029702.484,COMPLETE,0.043,0.019,-0.006
1774029702.984,COMPLETE,0.048,0.019,-0.011
1774029703.484,COMPLETE,0.053,0.020,-0.011
1774029703.984,COMPLETE,0.054,0.020,-0.013
1774029704.484,COMPLETE,0.056,0.020,-0.014
1774029704.984,COMPLETE,0.056,0.019,-0.014
1774029705.484,COMPLETE,0.055,0.015,-0.013
1774029705.984,COMPLETE,0.054,0.016,-0.009
1774029706.484,COMPLETE,0.055,0.018,-0.009
1774029706.985,COMPLETE,0.062,0.011,-0.012
1774029707.484,COMPLETE,0.067,0.005,-0.014
1774029707.984,COMPLETE,0.063,0.003,-0.010
1774029708.484,COMPLETE,0.056,-0.001,-0.005
1774029708.984,COMPLETE,0.049,-0.003,-0.003
1774029709.484,COMPLETE,0.039,-0.008,-0.004
1774029709.984,COMPLETE,0.039,-0.007,0.001
1774029710.484,COMPLETE,0.041,-0.004,0.004
1774029710.984,COMPLETE,0.038,0.002,0.010
1774029711.484,COMPLETE,0.037,0.005,0.016
1774029711.984,COMPLETE,0.037,0.009,0.014
1774029712.484,COMPLETE,0.034,0.016,0.012
1774029712.985,COMPLETE,0.028,0.027,0.012
1774029713.484,COMPLETE,0.021,0.036,0.008
1774029713.984,COMPLETE,0.025,0.044,0.006
1774029714.484,COMPLETE,0.028,0.049,0.001
1774029714.984,COMPLETE,0.031,0.060,-0.001
1774029715.484,COMPLETE,0.039,0.069,-0.002
1774029715.984,COMPLETE,0.046,0.067,0.005
1774029716.484,COMPLETE,0.057,0.066,0.012
1774029716.984,COMPLETE,0.061,0.065,0.015
1774029717.484,COMPLETE,0.062,0.068,0.018
1774029717.984,COMPLETE,0.060,0.063,0.022
1774029718.484,COMPLETE,0.050,0.063,0.025
1774029718.985,COMPLETE,0.045,0.062,0.029
1774029719.484,COMPLETE,0.045,0.069,0.033
1774029719.984,COMPLETE,0.046,0.061,0.035
1774029720.484,COMPLETE,0.044,0.060,0.037
1774029720.985,COMPLETE,0.041,0.061,0.041
1774029721.484,COMPLETE,0.039,0.065,0.042
1774029721.984,COMPLETE,0.038,0.058,0.044
1774029722.484,COMPLETE,0.041,0.054,0.049
1774029722.984,COMPLETE,0.046,0.048,0.051
1774029723.484,COMPLETE,0.051,0.044,0.054
1774029723.984,COMPLETE,0.052,0.038,0.055
1774029724.484,COMPLETE,0.057,0.033,0.055
1774029724.985,COMPLETE,0.062,0.027,0.052
1774029725.484,COMPLETE,0.068,0.020,0.048
1774029725.984,COMPLETE,0.074,0.016,0.046
1774029726.484,COMPLETE,0.069,0.013,0.046
1774029726.984,COMPLETE,0.065,0.008,0.049
1774029727.484,COMPLETE,0.063,0.001,0.049
1774029727.984,COMPLETE,0.055,-0.003,0.047
1774029728.484,COMPLETE,0.054,-0.006,0.041
1774029728.984,COMPLETE,0.058,-0.006,0.035
1774029729.484,COMPLETE,0.057,0.001,0.034
1774029729.984,COMPLETE,0.052,0.014,0.033
1774029730.484,COMPLETE,0.049,0.013,0.035
1774029730.984,COMPLETE,0.046,0.017,0.032
1774029731.484,COMPLETE,0.043,0.020,0.028
1774029731.984,COMPLETE,0.046,0.018,0.025
1774029732.484,COMPLETE,0.050,0.014,0.022
1774029732.985,COMPLETE,0.051,0.013,0.024
1774029733.484,COMPLETE,0.050,0.014,0.026
1774029733.984,COMPLETE,0.048,0.015,0.024
1774029734.484,COMPLETE,0.043,0.015,0.021
1774029734.985,COMPLETE,0.038,0.014,0.019
1774029735.484,COMPLETE,0.037,0.014,0.014
1774029735.984,COMPLETE,0.037,0.016,0.008
1774029736.484,COMPLETE,0.040,0.021,0.003
1774029736.984,COMPLETE,0.038,0.022,0.000
1774029737.484,COMPLETE,0.035,0.027,-0.003
1774029737.984,COMPLETE,0.037,0.034,-0.003
1774029738.484,COMPLETE,0.040,0.040,-0.005
1774029738.984,COMPLETE,0.038,0.044,-0.007
1774029739.484,COMPLETE,0.036,0.042,-0.010
1774029739.984,COMPLETE,0.036,0.043,-0.014
1774029740.484,COMPLETE,0.038,0.041,-0.018
1774029740.985,COMPLETE,0.050,0.038,-0.019
1774029741.484,COMPLETE,0.057,0.038,-0.016
1774029741.984,COMPLETE,0.057,0.035,-0.015
1774029742.484,COMPLETE,0.058,0.032,-0.015
1774029742.984,COMPLETE,0.054,0.033,-0.010
1774029743.484,COMPLETE,0.050,0.036,-0.009
1774029743.984,COMPLETE,0.047,0.037,-0.008
1774029744.484,COMPLETE,0.045,0.035,-0.009
1774029744.985,COMPLETE,0.046,0.020,-0.008
1774029745.484,COMPLETE,0.047,0.014,-0.004
1774029745.984,COMPLETE,0.044,0.004,0.001
1774029746.484,COMPLETE,0.039,0.002,0.004
1774029746.984,COMPLETE,0.037,-0.001,0.007
1774029747.484,COMPLETE,0.036,-0.006,0.008
1774029747.984,COMPLETE,0.038,-0.009,0.006
1774029748.484,COMPLETE,0.039,-0.010,-0.000
1774029748.984,COMPLETE,0.040,-0.012,-0.009
1774029749.484,COMPLETE,0.036,-0.019,-0.014
1774029749.984,COMPLETE,0.032,-0.022,-0.015
1774029750.484,COMPLETE,0.028,-0.020,-0.012
1774029750.984,COMPLETE,0.024,-0.021,-0.011
1774029751.484,COMPLETE,0.022,-0.016,-0.014
1774029751.984,COMPLETE,0.024,-0.009,-0.012
1774029752.484,COMPLETE,0.027,-0.005,-0.011
1774029752.985,COMPLETE,0.031,-0.004,-0.008
1774029753.484,COMPLETE,0.030,-0.000,-0.007
1774029753.984,COMPLETE,0.026,0.009,-0.007
1774029754.484,COMPLETE,0.026,0.016,-0.005
1774029754.985,COMPLETE,0.032,0.022,0.000
1774029755.484,COMPLETE,0.042,0.024,0.004
1774029755.984,COMPLETE,0.042,0.029,0.006
1774029756.484,COMPLETE,0.043,0.031,0.006
1774029756.984,COMPLETE,0.049,0.034,0.005
1774029757.484,COMPLETE,0.050,0.037,0.006
1774029757.984,COMPLETE,0.057,0.039,0.002
1774029758.484,COMPLETE,0.055,0.043,-0.004
1774029758.984,COMPLETE,0.048,0.046,-0.013
1774029759.484,COMPLETE,0.048,0.049,-0.020
1774029759.984,COMPLETE,0.053,0.054,-0.025
1774029760.484,COMPLETE,0.057,0.060,-0.026
1774029760.984,COMPLETE,0.064,0.070,-0.028
1774029761.484,COMPLETE,0.067,0.076,-0.032
1774029761.984,COMPLETE,0.068,0.071,-0.032
1774029762.484,COMPLETE,0.068,0.062,-0.032
1774029762.984,COMPLETE,0.063,0.057,-0.031
1774029763.484,COMPLETE,0.052,0.051,-0.028
1774029763.984,COMPLETE,0.049,0.040,-0.023
1774029764.484,COMPLETE,0.049,0.036,-0.020
1774029764.985,COMPLETE,0.046,0.033,-0.019
1774029765.484,COMPLETE,0.045,0.034,-0.016
1774029765.984,COMPLETE,0.039,0.034,-0.015
1774029766.484,COMPLETE,0.040,0.038,-0.012
1774029766.985,COMPLETE,0.037,0.039,-0.008
1774029767.484,COMPLETE,0.029,0.029,-0.008
1774029767.984,COMPLETE,0.027,0.023,-0.008
1774029768.484,COMPLETE,0.037,0.020,-0.003
1774029768.984,COMPLETE,0.043,0.017,0.000
1774029769.484,COMPLETE,0.045,0.013,0.004
1774029769.984,COMPLETE,0.048,0.009,0.005
1774029770.484,COMPLETE,0.043,0.009,0.007
1774029770.984,COMPLETE,0.040,0.003,0.010
1774029771.484,COMPLETE,0.036,-0.002,0.014
1774029771.984,COMPLETE,0.037,-0.002,0.013
1774029772.484,COMPLETE,0.037,-0.002,0.015
1774029772.984,COMPLETE,0.037,-0.006,0.017
1774029773.484,COMPLETE,0.029,-0.004,0.020
1774029773.984,COMPLETE,0.027,-0.013,0.021
1774029774.484,COMPLETE,0.033,-0.018,0.021
1774029774.984,COMPLETE,0.034,-0.022,0.019
1774029775.484,COMPLETE,0.035,-0.021,0.018
1774029775.984,COMPLETE,0.038,-0.021,0.023
1774029776.484,COMPLETE,0.034,-0.013,0.028
1774029776.985,COMPLETE,0.034,-0.014,0.033
1774029777.484,COMPLETE,0.039,-0.018,0.036
1774029777.984,COMPLETE,0.040,-0.013,0.037
1774029778.484,COMPLETE,0.040,-0.009,0.040
1774029778.984,COMPLETE,0.045,-0.009,0.040
1774029779.484,COMPLETE,0.051,-0.009,0.040
1774029779.984,COMPLETE,0.052,-0.006,0.040
1774029780.484,COMPLETE,0.049,-0.005,0.042
1774029780.984,COMPLETE,0.050,-0.005,0.046
1774029781.485,COMPLETE,0.049,-0.007,0.047
1774029781.984,COMPLETE,0.047,-0.006,0.047
1774029782.484,COMPLETE,0.044,-0.009,0.045
1774029782.984,COMPLETE,0.044,-0.010,0.044
1774029783.484,COMPLETE,0.047,-0.012,0.045
1774029783.984,COMPLETE,0.043,-0.012,0.051
1774029784.484,COMPLETE,0.033,-0.007,0.053
1774029784.985,COMPLETE,0.029,-0.007,0.057
1774029785.484,COMPLETE,0.029,-0.010,0.058
1774029785.984,COMPLETE,0.028,-0.014,0.057
1774029786.484,COMPLETE,0.030,-0.009,0.060
1774029786.984,COMPLETE,0.033,-0.003,0.061
1774029787.484,COMPLETE,0.035,0.002,0.060
1774029787.984,COMPLETE,0.038,0.009,0.062
1774029788.484,COMPLETE,0.042,0.016,0.061
1774029788.984,COMPLETE,0.042,0.019,0.060
1774029789.484,COMPLETE,0.044,0.023,0.057
1774029789.984,COMPLETE,0.046,0.030,0.058
1774029790.484,COMPLETE,0.047,0.033,0.056
1774029790.984,COMPLETE,0.054,0.033,0.053
1774029791.484,COMPLETE,0.060,0.037,0.052
1774029791.984,COMPLETE,0.061,0.042,0.050
1774029792.484,COMPLETE,0.057,0.039,0.051
1774029792.985,COMPLETE,0.055,0.045,0.050
1774029793.484,COMPLETE,0.060,0.051,0.047
1774029793.984,COMPLETE,0.068,0.058,0.046
1774029794.484,COMPLETE,0.071,0.057,0.045
1774029794.984,COMPLETE,0.078,0.061,0.047
1774029795.484,COMPLETE,0.090,0.063,0.048
1774029795.984,COMPLETE,0.099,0.067,0.051
1774029796.484,COMPLETE,0.090,0.058,0.047
1774029796.984,COMPLETE,0.090,0.052,0.038
1774029797.484,COMPLETE,0.093,0.057,0.033
1774029797.984,COMPLETE,0.099,0.063,0.032
1774029798.484,COMPLETE,0.096,0.058,0.031
1774029798.985,COMPLETE,0.093,0.058,0.027
1774029799.484,COMPLETE,0.089,0.061,0.022
1774029799.984,COMPLETE,0.088,0.060,0.018
1774029800.484,COMPLETE,0.090,0.055,0.015
1774029800.985,COMPLETE,0.092,0.046,0.014
1774029801.484,COMPLETE,0.098,0.042,0.017
1774029801.984,COMPLETE,0.100,0.040,0.020
1774029802.484,COMPLETE,0.089,0.036,0.019
1774029802.984,COMPLETE,0.087,0.031,0.022
1774029803.484,COMPLETE,0.091,0.028,0.028
1774029803.984,COMPLETE,0.094,0.026,0.028
1774029804.484,COMPLETE,0.090,0.024,0.026
1774029804.985,COMPLETE,0.086,0.023,0.024
1774029805.484,COMPLETE,0.085,0.019,0.030
1774029805.984,COMPLETE,0.090,0.018,0.035
1774029806.484,COMPLETE,0.089,0.016,0.041
1774029806.985,COMPLETE,0.093,0.011,0.045
1774029807.484,COMPLETE,0.104,0.004,0.051
1774029807.984,COMPLETE,0.109,-0.000,0.055
1774029808.484,COMPLETE,0.108,-0.001,0.055
1774029808.985,COMPLETE,0.108,-0.002,0.056
1774029809.484,COMPLETE,0.104,-0.006,0.058
1774029809.984,COMPLETE,0.099,-0.009,0.056
1774029810.484,COMPLETE,0.090,-0.010,0.057
1774029810.984,COMPLETE,0.083,-0.010,0.061
1774029811.484,COMPLETE,0.077,-0.009,0.065
1774029811.984,COMPLETE,0.073,-0.010,0.069
1774029812.484,COMPLETE,0.064,-0.010,0.066
1774029812.985,COMPLETE,0.057,-0.007,0.062
1774029813.484,COMPLETE,0.059,-0.004,0.059
1774029813.984,COMPLETE,0.063,-0.004,0.061
1774029814.484,COMPLETE,0.060,-0.003,0.056
1774029814.985,COMPLETE,0.062,0.001,0.054
1774029815.484,COMPLETE,0.068,-0.000,0.056
1774029815.984,COMPLETE,0.071,-0.001,0.059
1774029816.484,COMPLETE,0.071,-0.009,0.061
1774029816.984,COMPLETE,0.074,-0.005,0.064
1774029817.485,COMPLETE,0.078,-0.003,0.064
1774029817.984,COMPLETE,0.081,-0.001,0.065
1774029818.484,COMPLETE,0.082,0.000,0.065
1774029818.985,COMPLETE,0.084,0.006,0.066
1774029819.484,COMPLETE,0.086,0.010,0.068
1774029819.984,COMPLETE,0.089,0.011,0.068
1774029820.484,COMPLETE,0.092,0.011,0.063
1774029820.984,COMPLETE,0.093,0.007,0.060
1774029821.484,COMPLETE,0.100,0.006,0.063
1774029821.984,COMPLETE,0.104,0.013,0.061
1774029822.484,COMPLETE,0.097,0.017,0.053
1774029822.984,COMPLETE,0.096,0.023,0.046
1774029823.484,COMPLETE,0.093,0.028,0.040
1774029823.984,COMPLETE,0.090,0.036,0.031
1774029824.484,COMPLETE,0.085,0.037,0.019
1774029824.984,COMPLETE,0.076,0.040,0.015
1774029825.484,COMPLETE,0.065,0.043,0.012
1774029825.984,COMPLETE,0.052,0.043,0.006
1774029826.484,COMPLETE,0.047,0.036,0.004
1774029826.984,COMPLETE,0.039,0.032,-0.000
1774029827.484,COMPLETE,0.028,0.027,-0.004
1774029827.984,COMPLETE,0.017,0.028,-0.010
1774029828.484,COMPLETE,0.015,0.030,-0.011
1774029828.985,COMPLETE,0.013,0.033,-0.007
1774029829.484,COMPLETE,0.007,0.036,-0.005
1774029829.984,COMPLETE,-0.005,0.047,-0.004
1774029830.484,COMPLETE,-0.002,0.054,0.001
1774029830.984,COMPLETE,0.009,0.059,0.004
1774029831.484,COMPLETE,0.010,0.057,0.009
1774029831.984,COMPLETE,0.009,0.058,0.011
1774029832.484,COMPLETE,0.012,0.054,0.013
1774029832.985,COMPLETE,0.011,0.050,0.019
1774029833.484,COMPLETE,0.010,0.050,0.023
1774029833.984,COMPLETE,0.009,0.049,0.024
1774029834.484,COMPLETE,0.013,0.046,0.028
1774029834.984,COMPLETE,0.018,0.041,0.029
1774029835.484,COMPLETE,0.017,0.034,0.031
1774029835.984,COMPLETE,0.006,0.034,0.031
1774029836.484,COMPLETE,0.006,0.036,0.023
1774029836.985,COMPLETE,0.013,0.031,0.015
1774029837.484,COMPLETE,0.021,0.032,0.011
1774029837.984,COMPLETE,0.030,0.032,0.008
1774029838.484,COMPLETE,0.033,0.035,-0.001
1774029838.985,COMPLETE,0.036,0.037,-0.004
1774029839.484,COMPLETE,0.039,0.042,-0.007
1774029839.984,COMPLETE,0.038,0.042,-0.005
1774029840.484,COMPLETE,0.040,0.039,-0.001
1774029840.984,COMPLETE,0.045,0.041,0.002
1774029841.484,COMPLETE,0.053,0.038,0.002
1774029841.984,COMPLETE,0.060,0.037,0.006
1774029842.484,COMPLETE,0.060,0.037,0.006
1774029842.985,COMPLETE,0.057,0.032,0.008
1774029843.484,COMPLETE,0.061,0.029,0.009
1774029843.984,COMPLETE,0.062,0.026,0.009
1774029844.484,COMPLETE,0.063,0.021,0.010
1774029844.984,COMPLETE,0.062,0.023,0.008
1774029845.484,COMPLETE,0.064,0.022,0.008
1774029845.984,COMPLETE,0.065,0.019,0.006
1774029846.484,COMPLETE,0.052,0.022,0.003
1774029846.985,COMPLETE,0.044,0.029,-0.001
1774029847.484,COMPLETE,0.038,0.035,-0.005
1774029847.984,COMPLETE,0.032,0.038,-0.011
1774029848.484,COMPLETE,0.036,0.038,-0.016
1774029848.984,COMPLETE,0.030,0.037,-0.020
1774029849.484,COMPLETE,0.019,0.039,-0.020
1774029849.984,COMPLETE,0.011,0.042,-0.025
1774029850.484,COMPLETE,0.004,0.039,-0.031
1774029850.984,COMPLETE,0.006,0.038,-0.032
1774029851.484,COMPLETE,0.005,0.036,-0.032
1774029851.984,COMPLETE,0.004,0.033,-0.031
1774029852.484,COMPLETE,0.005,0.028,-0.028
1774029852.984,COMPLETE,0.010,0.026,-0.028
1774029853.484,COMPLETE,0.011,0.023,-0.027
1774029853.984,COMPLETE,0.011,0.017,-0.025
1774029854.484,COMPLETE,0.013,0.011,-0.023
1774029854.985,COMPLETE,0.019,0.008,-0.025
1774029855.484,COMPLETE,0.022,0.003,-0.026
1774029855.984,COMPLETE,0.025,0.002,-0.028
1774029856.484,COMPLETE,0.028,0.005,-0.027
1774029856.985,COMPLETE,0.032,0.011,-0.023
1774029857.484,COMPLETE,0.036,0.012,-0.022
1774029857.984,COMPLETE,0.033,0.014,-0.023
1774029858.484,COMPLETE,0.033,0.017,-0.019
1774029858.985,COMPLETE,0.037,0.014,-0.014
1774029859.484,COMPLETE,0.038,0.016,-0.010
1774029859.984,COMPLETE,0.037,0.018,-0.007
1774029860.484,COMPLETE,0.039,0.019,-0.005
1774029860.985,COMPLETE,0.041,0.019,-0.007
1774029861.484,COMPLETE,0.040,0.020,-0.013
1774029861.984,COMPLETE,0.037,0.024,-0.016
1774029862.484,COMPLETE,0.034,0.026,-0.017
1774029862.984,COMPLETE,0.035,0.025,-0.017
1774029863.484,COMPLETE,0.035,0.031,-0.017
1774029863.984,COMPLETE,0.035,0.038,-0.016
1774029864.484,COMPLETE,0.042,0.036,-0.007
1774029864.985,COMPLETE,0.046,0.038,-0.003
1774029865.484,COMPLETE,0.047,0.040,0.003
1774029865.984,COMPLETE,0.046,0.045,0.011
1774029866.484,COMPLETE,0.047,0.051,0.017
1774029866.984,COMPLETE,0.047,0.056,0.017
1774029867.484,COMPLETE,0.046,0.068,0.015
1774029867.984,COMPLETE,0.051,0.074,0.014
1774029868.484,COMPLETE,0.062,0.073,0.016
1774029868.985,COMPLETE,0.069,0.068,0.014
1774029869.484,COMPLETE,0.075,0.067,0.014
1774029869.984,COMPLETE,0.072,0.070,0.009
1774029870.484,COMPLETE,0.070,0.070,0.006
1774029870.985,COMPLETE,0.070,0.069,0.001
1774029871.484,COMPLETE,0.074,0.071,-0.004
1774029871.984,COMPLETE,0.073,0.074,-0.015
1774029872.484,COMPLETE,0.071,0.077,-0.025
1774029872.985,COMPLETE,0.068,0.074,-0.035
1774029873.484,COMPLETE,0.066,0.072,-0.043
1774029873.984,COMPLETE,0.068,0.072,-0.051
1774029874.484,COMPLETE,0.066,0.070,-0.056
1774029874.984,COMPLETE,0.062,0.068,-0.064
1774029875.484,COMPLETE,0.060,0.066,-0.070
1774029875.984,COMPLETE,0.059,0.064,-0.076
1774029876.484,COMPLETE,0.063,0.062,-0.080
1774029876.984,COMPLETE,0.064,0.057,-0.082
1774029877.485,COMPLETE,0.065,0.051,-0.085
1774029877.984,COMPLETE,0.068,0.046,-0.087
1774029878.484,COMPLETE,0.074,0.035,-0.090
1774029878.985,COMPLETE,0.069,0.029,-0.084
1774029879.484,COMPLETE,0.067,0.022,-0.083
1774029879.984,COMPLETE,0.068,0.016,-0.079
1774029880.484,COMPLETE,0.074,0.010,-0.077
1774029880.984,COMPLETE,0.069,0.007,-0.075
1774029881.484,COMPLETE,0.065,0.004,-0.076
1774029881.984,COMPLETE,0.066,-0.004,-0.077
1774029882.484,COMPLETE,0.068,-0.015,-0.074
1774029882.985,COMPLETE,0.067,-0.014,-0.066
1774029883.484,COMPLETE,0.068,-0.014,-0.057
1774029883.984,COMPLETE,0.072,-0.018,-0.053
1774029884.484,COMPLETE,0.081,-0.026,-0.052
1774029884.984,COMPLETE,0.077,-0.023,-0.048
1774029885.484,COMPLETE,0.077,-0.024,-0.048
1774029885.984,COMPLETE,0.074,-0.027,-0.045
1774029886.484,COMPLETE,0.072,-0.023,-0.042
1774029886.984,COMPLETE,0.066,-0.012,-0.040
1774029887.484,COMPLETE,0.066,-0.006,-0.034
1774029887.984,COMPLETE,0.074,-0.003,-0.028
1774029888.484,COMPLETE,0.086,-0.000,-0.023
1774029888.984,COMPLETE,0.084,0.003,-0.016
1774029889.484,COMPLETE,0.081,0.010,-0.011
1774029889.984,COMPLETE,0.078,0.016,-0.009
1774029890.484,COMPLETE,0.077,0.024,-0.004
1774029890.985,COMPLETE,0.073,0.025,-0.002
1774029891.484,COMPLETE,0.074,0.023,0.002
1774029891.984,COMPLETE,0.075,0.025,0.006
1774029892.484,COMPLETE,0.073,0.031,0.011
1774029892.984,COMPLETE,0.071,0.034,0.018
1774029893.484,COMPLETE,0.072,0.039,0.030
1774029893.984,COMPLETE,0.071,0.045,0.041
1774029894.484,COMPLETE,0.069,0.046,0.051
1774029894.984,COMPLETE,0.070,0.039,0.052
1774029895.484,COMPLETE,0.070,0.037,0.053
1774029895.984,COMPLETE,0.064,0.042,0.053
1774029896.484,COMPLETE,0.060,0.045,0.054
1774029896.985,COMPLETE,0.057,0.043,0.052
1774029897.484,COMPLETE,0.057,0.035,0.053
1774029897.984,COMPLETE,0.055,0.033,0.052
1774029898.484,COMPLETE,0.049,0.034,0.054
1774029898.985,COMPLETE,0.043,0.037,0.057
1774029899.484,COMPLETE,0.038,0.037,0.063
1774029899.984,COMPLETE,0.033,0.034,0.073
1774029900.484,COMPLETE,0.033,0.038,0.081
1774029900.985,COMPLETE,0.035,0.033,0.085
1774029901.484,COMPLETE,0.033,0.027,0.086
1774029901.984,COMPLETE,0.028,0.024,0.086
1774029902.484,COMPLETE,0.026,0.028,0.089
1774029902.985,COMPLETE,0.030,0.030,0.085
1774029903.484,COMPLETE,0.033,0.036,0.083
1774029903.984,COMPLETE,0.036,0.037,0.079
1774029904.484,COMPLETE,0.041,0.027,0.076
1774029904.985,COMPLETE,0.043,0.022,0.072
1774029905.484,COMPLETE,0.047,0.017,0.070
1774029905.984,COMPLETE,0.049,0.014,0.070
1774029906.484,COMPLETE,0.057,0.007,0.074
1774029906.984,COMPLETE,0.060,-0.001,0.074
1774029907.484,COMPLETE,0.060,-0.006,0.070
1774029907.984,COMPLETE,0.057,-0.007,0.067
1774029908.484,COMPLETE,0.055,-0.008,0.064
1774029908.985,COMPLETE,0.055,-0.001,0.062
1774029909.484,COMPLETE,0.054,-0.003,0.061
1774029909.984,COMPLETE,0.057,-0.005,0.056
1774029910.484,COMPLETE,0.057,-0.005,0.053
1774029910.984,COMPLETE,0.058,0.004,0.048
1774029911.484,COMPLETE,0.060,0.005,0.046
1774029911.984,COMPLETE,0.057,0.008,0.044
1774029912.484,COMPLETE,0.060,0.012,0.041
1774029912.984,COMPLETE,0.060,0.011,0.037
1774029913.484,COMPLETE,0.059,0.013,0.031
1774029913.984,COMPLETE,0.055,0.016,0.026
1774029914.484,COMPLETE,0.058,0.021,0.027
1774029914.984,COMPLETE,0.054,0.025,0.026
1774029915.484,COMPLETE,0.049,0.025,0.027
1774029915.984,COMPLETE,0.048,0.026,0.026
1774029916.484,COMPLETE,0.058,0.025,0.027
1774029916.984,COMPLETE,0.062,0.029,0.027
1774029917.484,COMPLETE,0.060,0.032,0.029
1774029917.984,COMPLETE,0.061,0.031,0.032
1774029918.484,COMPLETE,0.061,0.025,0.035
1774029918.984,COMPLETE,0.064,0.021,0.040
1774029919.484,COMPLETE,0.065,0.018,0.041
1774029919.984,COMPLETE,0.065,0.016,0.040
1774029920.484,COMPLETE,0.069,0.018,0.042
1774029920.985,COMPLETE,0.073,0.026,0.042
1774029921.484,COMPLETE,0.068,0.026,0.038
1774029921.984,COMPLETE,0.067,0.021,0.034
1774029922.484,COMPLETE,0.065,0.019,0.031
1774029922.984,COMPLETE,0.060,0.020,0.028
1774029923.484,COMPLETE,0.053,0.019,0.024
1774029923.984,COMPLETE,0.050,0.016,0.016
1774029924.484,COMPLETE,0.046,0.008,0.008
1774029924.984,COMPLETE,0.040,0.006,0.002
1774029925.484,COMPLETE,0.040,0.007,-0.002
1774029925.984,COMPLETE,0.041,0.007,-0.003
1774029926.484,COMPLETE,0.041,0.002,-0.007
1774029926.984,COMPLETE,0.039,-0.001,-0.008
1774029927.484,COMPLETE,0.040,-0.002,-0.007
1774029927.984,COMPLETE,0.038,-0.007,-0.007
1774029928.484,COMPLETE,0.041,-0.012,-0.004
1774029928.984,COMPLETE,0.046,-0.003,-0.004
1774029929.484,COMPLETE,0.052,0.002,-0.005
1774029929.984,COMPLETE,0.056,0.009,0.002
1774029930.484,COMPLETE,0.056,0.010,0.006
1774029930.984,COMPLETE,0.045,0.012,0.008
1774029931.484,COMPLETE,0.047,0.009,0.011
1774029931.984,COMPLETE,0.050,0.004,0.015
1774029932.484,COMPLETE,0.053,0.001,0.019
1774029932.984,COMPLETE,0.058,0.001,0.020
1774029933.484,COMPLETE,0.057,0.001,0.023
1774029933.984,COMPLETE,0.056,0.003,0.023
1774029934.484,COMPLETE,0.057,0.005,0.021
1774029934.984,COMPLETE,0.060,0.007,0.018
1774029935.484,COMPLETE,0.062,0.014,0.016
1774029935.984,COMPLETE,0.063,0.019,0.013
1774029936.484,COMPLETE,0.063,0.023,0.008
1774029936.984,COMPLETE,0.065,0.021,0.004
1774029937.484,COMPLETE,0.064,0.025,0.000
1774029937.984,COMPLETE,0.067,0.030,-0.000
1774029938.484,COMPLETE,0.070,0.029,-0.007
1774029938.984,COMPLETE,0.069,0.035,-0.011
1774029939.484,COMPLETE,0.075,0.040,-0.012
1774029939.984,COMPLETE,0.082,0.041,-0.011
1774029940.484,COMPLETE,0.080,0.047,-0.010
1774029940.985,COMPLETE,0.078,0.050,-0.007
1774029941.484,COMPLETE,0.077,0.056,-0.007
1774029941.984,COMPLETE,0.074,0.057,-0.006
1774029942.484,COMPLETE,0.073,0.058,-0.004
1774029942.984,COMPLETE,0.075,0.058,-0.003
1774029943.484,COMPLETE,0.071,0.055,-0.011
1774029943.984,COMPLETE,0.068,0.054,-0.016
1774029944.484,COMPLETE,0.064,0.055,-0.017
1774029944.984,COMPLETE,0.059,0.057,-0.014
1774029945.484,COMPLETE,0.057,0.057,-0.012
1774029945.984,COMPLETE,0.053,0.059,-0.014
1774029946.484,COMPLETE,0.049,0.061,-0.012
1774029946.985,COMPLETE,0.043,0.057,-0.012
1774029947.484,COMPLETE,0.044,0.050,-0.015
1774029947.984,COMPLETE,0.040,0.048,-0.021
1774029948.484,COMPLETE,0.034,0.047,-0.026
1774029948.985,COMPLETE,0.033,0.047,-0.033
1774029949.484,COMPLETE,0.031,0.048,-0.038
1774029949.984,COMPLETE,0.029,0.046,-0.045
1774029950.484,COMPLETE,0.026,0.040,-0.050
1774029950.984,COMPLETE,0.027,0.027,-0.057
1774029951.484,COMPLETE,0.030,0.017,-0.063
1774029951.984,COMPLETE,0.037,0.012,-0.066
1774029952.484,COMPLETE,0.041,0.005,-0.069
1774029952.984,COMPLETE,0.047,0.001,-0.072
1774029953.484,COMPLETE,0.051,0.002,-0.076
1774029953.984,COMPLETE,0.062,0.002,-0.077
1774029954.484,COMPLETE,0.064,-0.001,-0.083
1774029954.984,COMPLETE,0.065,-0.002,-0.086
1774029955.484,COMPLETE,0.065,-0.005,-0.088
1774029955.984,COMPLETE,0.068,-0.005,-0.091
1774029956.484,COMPLETE,0.072,-0.006,-0.089
1774029956.985,COMPLETE,0.075,-0.004,-0.086
1774029957.484,COMPLETE,0.074,-0.003,-0.085
1774029957.984,COMPLETE,0.074,-0.005,-0.082
1774029958.484,COMPLETE,0.077,-0.003,-0.078
1774029958.985,COMPLETE,0.076,-0.005,-0.079
1774029959.484,COMPLETE,0.075,-0.001,-0.080
1774029959.984,COMPLETE,0.073,0.000,-0.082
1774029960.484,COMPLETE,0.070,0.007,-0.084
1774029960.984,COMPLETE,0.073,0.011,-0.081
1774029961.484,COMPLETE,0.074,0.010,-0.077
1774029961.984,COMPLETE,0.073,0.017,-0.074
1774029962.484,COMPLETE,0.067,0.022,-0.072
1774029962.985,COMPLETE,0.070,0.023,-0.068
1774029963.484,COMPLETE,0.066,0.024,-0.060
1774029963.984,COMPLETE,0.062,0.025,-0.052
1774029964.484,COMPLETE,0.061,0.023,-0.044
1774029964.984,COMPLETE,0.055,0.020,-0.037
1774029965.484,COMPLETE,0.053,0.021,-0.032
1774029965.984,COMPLETE,0.052,0.018,-0.032
1774029966.484,COMPLETE,0.050,0.020,-0.033
1774029966.984,COMPLETE,0.049,0.024,-0.029
1774029967.484,COMPLETE,0.057,0.026,-0.028
1774029967.984,COMPLETE,0.058,0.031,-0.031
1774029968.484,COMPLETE,0.051,0.033,-0.033
1774029968.984,COMPLETE,0.052,0.031,-0.035
1774029969.484,COMPLETE,0.058,0.033,-0.041
1774029969.984,COMPLETE,0.065,0.035,-0.042
1774029970.484,COMPLETE,0.076,0.046,-0.043
1774029970.984,COMPLETE,0.076,0.051,-0.042
1774029971.484,COMPLETE,0.065,0.048,-0.039
1774029971.984,COMPLETE,0.062,0.048,-0.037
1774029972.484,COMPLETE,0.057,0.052,-0.034
1774029972.984,COMPLETE,0.051,0.058,-0.025
1774029973.484,COMPLETE,0.053,0.057,-0.019
1774029973.984,COMPLETE,0.051,0.059,-0.009
1774029974.484,COMPLETE,0.048,0.056,-0.002
1774029974.984,COMPLETE,0.045,0.054,0.006
1774029975.484,COMPLETE,0.044,0.041,0.011
1774029975.984,COMPLETE,0.044,0.040,0.011
1774029976.484,COMPLETE,0.042,0.041,0.011
1774029976.984,COMPLETE,0.033,0.039,0.016
1774029977.484,COMPLETE,0.034,0.035,0.017
1774029977.984,COMPLETE,0.038,0.030,0.021
1774029978.484,COMPLETE,0.041,0.029,0.023
1774029978.984,COMPLETE,0.041,0.034,0.025
1774029979.484,COMPLETE,0.043,0.035,0.023
1774029979.984,COMPLETE,0.047,0.029,0.021
1774029980.484,COMPLETE,0.048,0.022,0.020
1774029980.985,COMPLETE,0.048,0.021,0.019
1774029981.484,COMPLETE,0.049,0.022,0.013
1774029981.984,COMPLETE,0.049,0.026,0.013
1774029982.484,COMPLETE,0.044,0.028,0.015
1774029982.984,COMPLETE,0.040,0.029,0.014
1774029983.484,COMPLETE,0.043,0.032,0.010
1774029983.984,COMPLETE,0.044,0.032,0.009
1774029984.484,COMPLETE,0.042,0.031,0.010
1774029984.984,COMPLETE,0.036,0.033,0.008
1774029985.484,COMPLETE,0.036,0.035,0.006
1774029985.984,COMPLETE,0.039,0.032,0.010
1774029986.484,COMPLETE,0.043,0.030,0.017
1774029986.985,COMPLETE,0.051,0.029,0.023
1774029987.484,COMPLETE,0.051,0.030,0.026
1774029987.984,COMPLETE,0.047,0.032,0.026
1774029988.484,COMPLETE,0.046,0.036,0.031
1774029988.984,COMPLETE,0.044,0.049,0.039
1774029989.484,COMPLETE,0.039,0.048,0.043
1774029989.984,COMPLETE,0.034,0.042,0.049
1774029990.484,COMPLETE,0.033,0.034,0.058
1774029990.984,COMPLETE,0.033,0.034,0.067
1774029991.484,COMPLETE,0.038,0.034,0.071
1774029991.984,COMPLETE,0.038,0.034,0.073
1774029992.484,COMPLETE,0.040,0.031,0.072
1774029992.984,COMPLETE,0.040,0.032,0.073
1774029993.484,COMPLETE,0.043,0.032,0.073
1774029993.984,COMPLETE,0.041,0.034,0.069
1774029994.484,COMPLETE,0.034,0.035,0.068
1774029994.985,COMPLETE,0.031,0.036,0.074
1774029995.484,COMPLETE,0.033,0.032,0.077
1774029995.984,COMPLETE,0.032,0.030,0.080
1774029996.484,COMPLETE,0.031,0.027,0.079
1774029996.985,COMPLETE,0.031,0.024,0.077
1774029997.484,COMPLETE,0.032,0.022,0.074
1774029997.984,COMPLETE,0.032,0.022,0.069
1774029998.484,COMPLETE,0.036,0.019,0.064
1774029998.985,COMPLETE,0.041,0.014,0.061
1774029999.484,COMPLETE,0.041,0.019,0.061
1774029999.984,COMPLETE,0.044,0.026,0.063
1774030000.484,COMPLETE,0.045,0.026,0.066
1774030000.984,COMPLETE,0.045,0.028,0.071
1774030001.484,COMPLETE,0.042,0.027,0.072
1774030001.984,COMPLETE,0.043,0.020,0.076
1774030002.485,COMPLETE,0.046,0.023,0.076
1774030002.985,COMPLETE,0.050,0.026,0.078
1774030003.484,COMPLETE,0.049,0.029,0.078
1774030003.984,COMPLETE,0.051,0.033,0.082
1774030004.484,COMPLETE,0.054,0.032,0.087
1774030004.984,COMPLETE,0.055,0.031,0.089
1774030005.484,COMPLETE,0.051,0.032,0.085
1774030005.984,COMPLETE,0.052,0.026,0.083
1774030006.484,COMPLETE,0.060,0.019,0.086
1774030006.985,COMPLETE,0.061,0.013,0.092
1774030007.484,COMPLETE,0.055,0.009,0.095
1774030007.984,COMPLETE,0.052,0.003,0.095
1774030008.484,COMPLETE,0.051,-0.002,0.098
1774030008.984,COMPLETE,0.043,-0.008,0.104
1774030009.484,COMPLETE,0.043,-0.011,0.108
1774030009.984,COMPLETE,0.048,-0.014,0.105
1774030010.484,COMPLETE,0.050,-0.017,0.105
1774030010.985,COMPLETE,0.047,-0.022,0.108
1774030011.484,COMPLETE,0.052,-0.020,0.110
1774030011.984,COMPLETE,0.057,-0.018,0.109
1774030012.484,COMPLETE,0.060,-0.017,0.109
1774030012.985,COMPLETE,0.054,-0.012,0.108
1774030013.484,COMPLETE,0.051,-0.008,0.106
1774030013.984,COMPLETE,0.049,-0.004,0.104
1774030014.484,COMPLETE,0.048,-0.005,0.104
1774030014.985,COMPLETE,0.046,-0.005,0.103
1774030015.484,COMPLETE,0.041,-0.003,0.100
1774030015.984,COMPLETE,0.042,0.003,0.096
1774030016.484,COMPLETE,0.040,0.008,0.087
1774030016.984,COMPLETE,0.038,0.015,0.086
1774030017.484,COMPLETE,0.038,0.021,0.083
1774030017.984,COMPLETE,0.033,0.033,0.082
1774030018.484,COMPLETE,0.034,0.042,0.079
1774030018.985,COMPLETE,0.040,0.044,0.072
1774030019.484,COMPLETE,0.041,0.042,0.063
1774030019.984,COMPLETE,0.040,0.040,0.057
1774030020.484,COMPLETE,0.042,0.039,0.054
1774030020.984,COMPLETE,0.039,0.041,0.053
1774030021.484,COMPLETE,0.035,0.043,0.056
1774030021.984,COMPLETE,0.029,0.045,0.059
1774030022.484,COMPLETE,0.023,0.046,0.064
1774030022.984,COMPLETE,0.017,0.049,0.066
1774030023.484,COMPLETE,0.011,0.047,0.065
1774030023.984,COMPLETE,0.007,0.045,0.062
1774030024.484,COMPLETE,0.003,0.043,0.062
1774030024.984,COMPLETE,0.001,0.038,0.061
1774030025.484,COMPLETE,0.003,0.029,0.058
1774030025.984,COMPLETE,0.006,0.027,0.054
1774030026.484,COMPLETE,0.006,0.021,0.051
1774030026.984,COMPLETE,0.004,0.013,0.049
1774030027.484,COMPLETE,0.006,0.014,0.047
1774030027.984,COMPLETE,0.004,0.009,0.044
1774030028.484,COMPLETE,-0.000,0.004,0.041
1774030028.984,COMPLETE,-0.003,0.004,0.038
1774030029.484,COMPLETE,-0.003,0.008,0.038
1774030029.984,COMPLETE,-0.006,0.005,0.036
1774030030.484,COMPLETE,-0.010,0.003,0.033
1774030030.985,COMPLETE,-0.010,0.002,0.032
1774030031.484,COMPLETE,-0.006,0.006,0.032
1774030031.984,COMPLETE,0.002,0.011,0.035
1774030032.484,COMPLETE,0.012,0.019,0.035
1774030032.984,COMPLETE,0.015,0.030,0.034
1774030033.484,COMPLETE,0.019,0.037,0.031
1774030033.984,COMPLETE,0.027,0.041,0.030
1774030034.484,COMPLETE,0.031,0.042,0.034
1774030034.984,COMPLETE,0.029,0.045,0.039
1774030035.484,COMPLETE,0.032,0.046,0.041
1774030035.984,COMPLETE,0.034,0.047,0.039
1774030036.484,COMPLETE,0.039,0.044,0.043
1774030036.984,COMPLETE,0.040,0.035,0.046
1774030037.484,COMPLETE,0.041,0.030,0.046
1774030037.984,COMPLETE,0.044,0.025,0.049
1774030038.484,COMPLETE,0.048,0.022,0.050
1774030038.984,COMPLETE,0.058,0.023,0.051
1774030039.484,COMPLETE,0.058,0.026,0.048
1774030039.984,COMPLETE,0.058,0.021,0.044
1774030040.484,COMPLETE,0.058,0.016,0.047
1774030040.984,COMPLETE,0.062,0.025,0.048
1774030041.484,COMPLETE,0.067,0.034,0.049
1774030041.984,COMPLETE,0.068,0.040,0.048
1774030042.484,COMPLETE,0.070,0.043,0.049
1774030042.984,COMPLETE,0.073,0.037,0.051
1774030043.484,COMPLETE,0.077,0.035,0.051
1774030043.984,COMPLETE,0.074,0.036,0.046
1774030044.484,COMPLETE,0.077,0.035,0.041
1774030044.985,COMPLETE,0.081,0.037,0.034
1774030045.484,COMPLETE,0.078,0.034,0.026
1774030045.984,COMPLETE,0.075,0.029,0.017
1774030046.484,COMPLETE,0.074,0.027,0.006
1774030046.984,COMPLETE,0.082,0.022,-0.005
1774030047.484,COMPLETE,0.087,0.018,-0.012
1774030047.984,COMPLETE,0.085,0.013,-0.018
1774030048.484,COMPLETE,0.091,0.007,-0.024
1774030048.984,COMPLETE,0.098,-0.003,-0.029
1774030049.484,COMPLETE,0.100,-0.010,-0.031
1774030049.984,COMPLETE,0.095,-0.014,-0.034
1774030050.484,COMPLETE,0.091,-0.012,-0.034
1774030050.984,COMPLETE,0.094,-0.009,-0.034
1774030051.484,COMPLETE,0.091,-0.007,-0.030
1774030051.984,COMPLETE,0.087,-0.005,-0.028
1774030052.484,COMPLETE,0.084,-0.002,-0.029
1774030052.984,COMPLETE,0.079,-0.001,-0.028
1774030053.484,COMPLETE,0.073,0.003,-0.027
1774030053.984,COMPLETE,0.069,0.008,-0.034
1774030054.484,COMPLETE,0.070,0.004,-0.040
1774030054.984,COMPLETE,0.067,0.003,-0.043
1774030055.484,COMPLETE,0.062,0.003,-0.045
1774030055.984,COMPLETE,0.054,0.004,-0.049
1774030056.484,COMPLETE,0.053,0.008,-0.053
1774030056.984,COMPLETE,0.052,0.009,-0.055
1774030057.484,COMPLETE,0.045,0.006,-0.051
1774030057.984,COMPLETE,0.040,-0.001,-0.044
1774030058.484,COMPLETE,0.038,0.005,-0.038
1774030058.985,COMPLETE,0.038,0.011,-0.032
1774030059.484,COMPLETE,0.036,0.016,-0.024
1774030059.984,COMPLETE,0.033,0.019,-0.018
1774030060.484,COMPLETE,0.032,0.021,-0.013
1774030060.984,COMPLETE,0.034,0.025,-0.012
1774030061.484,COMPLETE,0.034,0.023,-0.008
1774030061.984,COMPLETE,0.032,0.016,-0.001
1774030062.484,COMPLETE,0.033,0.018,0.003
1774030062.984,COMPLETE,0.034,0.021,0.008
1774030063.484,COMPLETE,0.035,0.024,0.009
1774030063.984,COMPLETE,0.045,0.027,0.008
1774030064.484,COMPLETE,0.053,0.027,0.006
1774030064.985,COMPLETE,0.053,0.030,0.009
1774030065.484,COMPLETE,0.055,0.028,0.011
1774030065.984,COMPLETE,0.055,0.025,0.011
1774030066.484,COMPLETE,0.055,0.024,0.006
1774030066.984,COMPLETE,0.056,0.029,0.003
1774030067.484,COMPLETE,0.058,0.039,-0.001
1774030067.984,COMPLETE,0.060,0.040,-0.003
1774030068.484,COMPLETE,0.062,0.035,-0.005
1774030068.985,COMPLETE,0.066,0.031,-0.010
1774030069.484,COMPLETE,0.069,0.031,-0.016
1774030069.984,COMPLETE,0.069,0.027,-0.020
1774030070.484,COMPLETE,0.066,0.030,-0.025
1774030070.984,COMPLETE,0.062,0.036,-0.026
1774030071.484,COMPLETE,0.060,0.037,-0.025
1774030071.984,COMPLETE,0.061,0.034,-0.025
1774030072.484,COMPLETE,0.069,0.031,-0.027
1774030072.985,COMPLETE,0.070,0.030,-0.027
1774030073.484,COMPLETE,0.069,0.019,-0.032
1774030073.984,COMPLETE,0.068,0.019,-0.035
1774030074.485,COMPLETE,0.066,0.020,-0.039
1774030074.984,COMPLETE,0.061,0.019,-0.040
1774030075.484,COMPLETE,0.061,0.015,-0.036
1774030075.984,COMPLETE,0.060,0.018,-0.031
1774030076.484,COMPLETE,0.057,0.020,-0.035
1774030076.984,COMPLETE,0.057,0.020,-0.038
1774030077.484,COMPLETE,0.053,0.020,-0.038
1774030077.984,COMPLETE,0.053,0.021,-0.038
1774030078.484,COMPLETE,0.055,0.028,-0.036
1774030078.985,COMPLETE,0.055,0.034,-0.028
1774030079.484,COMPLETE,0.052,0.033,-0.017
1774030079.984,COMPLETE,0.052,0.035,-0.012
1774030080.484,COMPLETE,0.050,0.035,-0.011
1774030080.985,COMPLETE,0.050,0.039,-0.011
1774030081.484,COMPLETE,0.052,0.042,-0.008
1774030081.984,COMPLETE,0.052,0.043,-0.003
1774030082.484,COMPLETE,0.050,0.034,0.001
1774030082.984,COMPLETE,0.042,0.027,0.006
1774030083.484,COMPLETE,0.026,0.027,0.010
1774030083.984,COMPLETE,0.031,0.022,0.010
1774030084.484,COMPLETE,0.039,0.018,0.013
1774030084.984,COMPLETE,0.040,0.014,0.013
1774030085.484,COMPLETE,0.037,0.012,0.018
1774030085.984,COMPLETE,0.036,0.011,0.021
1774030086.484,COMPLETE,0.042,0.011,0.024
1774030086.984,COMPLETE,0.047,0.015,0.029
1774030087.484,COMPLETE,0.041,0.018,0.035
1774030087.984,COMPLETE,0.038,0.017,0.037
1774030088.484,COMPLETE,0.035,0.015,0.035
1774030088.985,COMPLETE,0.036,0.012,0.036
1774030089.484,COMPLETE,0.038,0.009,0.038
1774030089.984,COMPLETE,0.040,0.007,0.037
1774030090.484,COMPLETE,0.052,0.015,0.040
1774030090.984,COMPLETE,0.059,0.018,0.041
1774030091.484,COMPLETE,0.059,0.022,0.041
1774030091.984,COMPLETE,0.064,0.021,0.040
1774030092.484,COMPLETE,0.071,0.017,0.037
1774030092.985,COMPLETE,0.076,0.017,0.038
1774030093.484,COMPLETE,0.078,0.018,0.036
1774030093.984,COMPLETE,0.082,0.019,0.033
1774030094.484,COMPLETE,0.082,0.020,0.032
1774030094.985,COMPLETE,0.082,0.024,0.031
1774030095.484,COMPLETE,0.078,0.026,0.029
1774030095.984,COMPLETE,0.073,0.029,0.029
1774030096.484,COMPLETE,0.071,0.028,0.025
1774030096.984,COMPLETE,0.069,0.028,0.017
1774030097.485,COMPLETE,0.072,0.031,0.006
1774030097.984,COMPLETE,0.071,0.032,-0.003
1774030098.484,COMPLETE,0.067,0.032,-0.010
1774030098.984,COMPLETE,0.062,0.034,-0.019
1774030099.484,COMPLETE,0.056,0.033,-0.028
1774030099.984,COMPLETE,0.054,0.034,-0.034
1774030100.484,COMPLETE,0.054,0.031,-0.036
1774030100.984,COMPLETE,0.054,0.039,-0.038
1774030101.484,COMPLETE,0.057,0.047,-0.036
1774030101.984,COMPLETE,0.059,0.050,-0.035
1774030102.484,COMPLETE,0.057,0.049,-0.031
1774030102.984,COMPLETE,0.047,0.042,-0.033
1774030103.484,COMPLETE,0.045,0.042,-0.036
1774030103.984,COMPLETE,0.044,0.040,-0.037
1774030104.484,COMPLETE,0.042,0.039,-0.036
1774030104.984,COMPLETE,0.034,0.038,-0.033
1774030105.484,COMPLETE,0.028,0.038,-0.032
1774030105.984,COMPLETE,0.028,0.036,-0.030
1774030106.484,COMPLETE,0.033,0.035,-0.025
1774030106.985,COMPLETE,0.036,0.034,-0.026
1774030107.484,COMPLETE,0.033,0.035,-0.030
1774030107.984,COMPLETE,0.028,0.032,-0.033
1774030108.484,COMPLETE,0.026,0.028,-0.033
1774030108.984,COMPLETE,0.024,0.025,-0.032
1774030109.484,COMPLETE,0.023,0.021,-0.033
1774030109.984,COMPLETE,0.020,0.018,-0.030
1774030110.484,COMPLETE,0.018,0.018,-0.028
1774030110.984,COMPLETE,0.018,0.017,-0.028
1774030111.484,COMPLETE,0.015,0.015,-0.023
1774030111.984,COMPLETE,0.018,0.017,-0.019
1774030112.484,COMPLETE,0.026,0.022,-0.018
1774030112.984,COMPLETE,0.029,0.027,-0.017
1774030113.484,COMPLETE,0.024,0.033,-0.010
1774030113.984,COMPLETE,0.023,0.033,-0.003
1774030114.484,COMPLETE,0.025,0.035,0.010
1774030114.984,COMPLETE,0.019,0.032,0.017
1774030115.484,COMPLETE,0.014,0.029,0.022
1774030115.984,COMPLETE,0.017,0.025,0.025
1774030116.484,COMPLETE,0.017,0.023,0.030
1774030116.984,COMPLETE,0.014,0.022,0.032
1774030117.484,COMPLETE,0.007,0.019,0.034
1774030117.984,COMPLETE,0.006,0.015,0.035
1774030118.484,COMPLETE,0.003,0.021,0.032
1774030118.984,COMPLETE,0.005,0.021,0.029
1774030119.484,COMPLETE,0.005,0.020,0.023
1774030119.984,COMPLETE,0.010,0.021,0.019
1774030120.484,COMPLETE,0.020,0.022,0.012
1774030120.984,COMPLETE,0.029,0.021,0.010
1774030121.484,COMPLETE,0.038,0.015,0.004
1774030121.984,COMPLETE,0.045,0.013,0.000
1774030122.484,COMPLETE,0.050,0.015,-0.004
1774030122.984,COMPLETE,0.059,0.018,-0.005
1774030123.484,COMPLETE,0.071,0.022,-0.006
1774030123.984,COMPLETE,0.081,0.025,-0.010
1774030124.484,COMPLETE,0.088,0.024,-0.013
1774030124.984,COMPLETE,0.096,0.023,-0.016
1774030125.484,COMPLETE,0.095,0.025,-0.022
1774030125.984,COMPLETE,0.094,0.023,-0.023
1774030126.484,COMPLETE,0.097,0.025,-0.024
1774030126.985,COMPLETE,0.104,0.024,-0.025
1774030127.484,COMPLETE,0.111,0.021,-0.022
1774030127.984,COMPLETE,0.112,0.020,-0.020
1774030128.484,COMPLETE,0.111,0.014,-0.018
1774030128.984,COMPLETE,0.110,0.013,-0.017
1774030129.484,COMPLETE,0.114,0.008,-0.018
1774030129.985,COMPLETE,0.114,0.004,-0.018
1774030130.484,COMPLETE,0.113,-0.000,-0.016
1774030130.984,COMPLETE,0.115,0.005,-0.012
1774030131.484,COMPLETE,0.117,0.003,-0.004
1774030131.984,COMPLETE,0.111,0.005,0.001
1774030132.484,COMPLETE,0.104,0.002,0.004
1774030132.985,COMPLETE,0.102,-0.004,0.004
1774030133.484,COMPLETE,0.099,-0.004,0.000
1774030133.984,COMPLETE,0.090,-0.002,-0.000
1774030134.484,COMPLETE,0.081,0.004,-0.003
1774030134.984,COMPLETE,0.070,0.014,-0.002
1774030135.484,COMPLETE,0.060,0.023,0.000
1774030135.984,COMPLETE,0.051,0.029,-0.001
1774030136.484,COMPLETE,0.045,0.030,-0.000
1774030136.984,COMPLETE,0.042,0.035,-0.002
1774030137.484,COMPLETE,0.037,0.041,-0.007
1774030137.984,COMPLETE,0.035,0.048,-0.012
1774030138.484,COMPLETE,0.036,0.050,-0.016
1774030138.984,COMPLETE,0.037,0.048,-0.021
1774030139.484,COMPLETE,0.035,0.050,-0.020
1774030139.984,COMPLETE,0.035,0.053,-0.021
1774030140.484,COMPLETE,0.034,0.056,-0.023
1774030140.984,COMPLETE,0.032,0.053,-0.027
1774030141.484,COMPLETE,0.032,0.054,-0.028
1774030141.984,COMPLETE,0.034,0.056,-0.029
1774030142.484,COMPLETE,0.042,0.049,-0.028
1774030142.984,COMPLETE,0.042,0.042,-0.028
1774030143.484,COMPLETE,0.040,0.038,-0.020
1774030143.984,COMPLETE,0.035,0.036,-0.013
1774030144.484,COMPLETE,0.035,0.033,-0.008
1774030144.984,COMPLETE,0.039,0.027,-0.009
1774030145.485,COMPLETE,0.040,0.025,-0.007
1774030145.984,COMPLETE,0.040,0.023,-0.009
1774030146.484,COMPLETE,0.043,0.022,-0.011
1774030146.984,COMPLETE,0.047,0.025,-0.013
1774030147.484,COMPLETE,0.049,0.029,-0.012
1774030147.984,COMPLETE,0.051,0.026,-0.011
1774030148.484,COMPLETE,0.050,0.028,-0.006
1774030148.984,COMPLETE,0.052,0.027,-0.003
1774030149.484,COMPLETE,0.053,0.027,-0.008
1774030149.984,COMPLETE,0.052,0.026,-0.011
1774030150.484,COMPLETE,0.051,0.023,-0.013
1774030150.985,COMPLETE,0.049,0.022,-0.015
1774030151.484,COMPLETE,0.046,0.019,-0.015
1774030151.984,COMPLETE,0.042,0.014,-0.017
1774030152.484,COMPLETE,0.039,0.016,-0.019
1774030152.984,COMPLETE,0.034,0.013,-0.022
1774030153.484,COMPLETE,0.034,0.012,-0.023
1774030153.984,COMPLETE,0.034,0.016,-0.026
1774030154.484,COMPLETE,0.033,0.018,-0.028
1774030154.985,COMPLETE,0.033,0.017,-0.029
1774030155.484,COMPLETE,0.034,0.013,-0.028
1774030155.984,COMPLETE,0.040,0.009,-0.029
1774030156.484,COMPLETE,0.044,0.000,-0.030
1774030156.984,COMPLETE,0.039,-0.006,-0.027
1774030157.484,COMPLETE,0.038,-0.011,-0.021
1774030157.984,COMPLETE,0.041,-0.015,-0.013
1774030158.484,COMPLETE,0.039,-0.016,-0.008
1774030158.985,COMPLETE,0.039,-0.019,-0.004
1774030159.484,COMPLETE,0.041,-0.017,0.001
1774030159.984,COMPLETE,0.039,-0.012,0.004
1774030160.484,COMPLETE,0.043,-0.009,0.009
1774030160.984,COMPLETE,0.047,-0.004,0.010
1774030161.484,COMPLETE,0.051,-0.000,0.010
1774030161.984,COMPLETE,0.051,0.002,0.012
1774030162.484,COMPLETE,0.052,-0.001,0.011
1774030162.984,COMPLETE,0.050,0.004,0.010
1774030163.484,COMPLETE,0.048,0.007,0.009
1774030163.984,COMPLETE,0.045,0.007,0.012
1774030164.484,COMPLETE,0.044,0.010,0.014
1774030164.984,COMPLETE,0.041,0.015,0.011
1774030165.484,COMPLETE,0.035,0.019,0.012
1774030165.984,COMPLETE,0.029,0.021,0.013
1774030166.484,COMPLETE,0.028,0.020,0.009
1774030166.984,COMPLETE,0.028,0.020,0.001
1774030167.484,COMPLETE,0.023,0.017,-0.003
1774030167.984,COMPLETE,0.020,0.019,-0.008
1774030168.484,COMPLETE,0.026,0.023,-0.013
1774030168.984,COMPLETE,0.036,0.024,-0.019
1774030169.484,COMPLETE,0.039,0.025,-0.027
1774030169.984,COMPLETE,0.043,0.028,-0.034
1774030170.484,COMPLETE,0.043,0.023,-0.039
1774030170.984,COMPLETE,0.041,0.026,-0.042
1774030171.484,COMPLETE,0.042,0.032,-0.040
1774030171.984,COMPLETE,0.041,0.033,-0.040
1774030172.484,COMPLETE,0.041,0.042,-0.037
1774030172.984,COMPLETE,0.042,0.044,-0.032
1774030173.484,COMPLETE,0.042,0.048,-0.027
1774030173.984,COMPLETE,0.042,0.055,-0.027
1774030174.484,COMPLETE,0.038,0.054,-0.022
1774030174.984,COMPLETE,0.036,0.046,-0.018
1774030175.484,COMPLETE,0.035,0.042,-0.015
1774030175.984,COMPLETE,0.033,0.048,-0.011
1774030176.484,COMPLETE,0.037,0.053,-0.008
1774030176.985,COMPLETE,0.040,0.054,-0.006
1774030177.484,COMPLETE,0.043,0.056,-0.001
1774030177.984,COMPLETE,0.046,0.059,0.005
1774030178.484,COMPLETE,0.053,0.060,0.012
1774030178.984,COMPLETE,0.056,0.060,0.015
1774030179.484,COMPLETE,0.055,0.058,0.017
1774030179.984,COMPLETE,0.053,0.058,0.017
1774030180.484,COMPLETE,0.052,0.057,0.016
1774030180.985,COMPLETE,0.051,0.053,0.014
1774030181.484,COMPLETE,0.051,0.044,0.007
1774030181.984,COMPLETE,0.056,0.038,0.003
1774030182.484,COMPLETE,0.058,0.024,-0.001
1774030182.985,COMPLETE,0.059,0.019,-0.009
1774030183.484,COMPLETE,0.062,0.015,-0.009
1774030183.984,COMPLETE,0.072,0.016,-0.008
1774030184.484,COMPLETE,0.071,0.012,-0.007
1774030184.984,COMPLETE,0.071,0.009,-0.008
1774030185.484,COMPLETE,0.070,0.006,-0.007
1774030185.984,COMPLETE,0.069,0.004,-0.008
1774030186.484,COMPLETE,0.064,0.007,-0.005
1774030186.985,COMPLETE,0.056,0.009,-0.002
1774030187.485,COMPLETE,0.050,0.011,0.001
1774030187.984,COMPLETE,0.041,0.011,0.003
1774030188.484,COMPLETE,0.036,0.016,0.003
1774030188.985,COMPLETE,0.033,0.019,0.006
1774030189.484,COMPLETE,0.027,0.018,0.012
1774030189.984,COMPLETE,0.024,0.014,0.011
1774030190.484,COMPLETE,0.026,0.013,0.010
1774030190.984,COMPLETE,0.031,0.010,0.010
1774030191.484,COMPLETE,0.034,0.017,0.014
1774030191.984,COMPLETE,0.033,0.029,0.014
1774030192.484,COMPLETE,0.029,0.032,0.013
1774030192.984,COMPLETE,0.027,0.034,0.011
1774030193.484,COMPLETE,0.028,0.031,0.011
1774030193.984,COMPLETE,0.025,0.027,0.011
1774030194.484,COMPLETE,0.030,0.028,0.013
1774030194.985,COMPLETE,0.030,0.023,0.014
1774030195.484,COMPLETE,0.030,0.016,0.015
1774030195.984,COMPLETE,0.028,0.015,0.019
1774030196.484,COMPLETE,0.031,0.016,0.021
1774030196.984,COMPLETE,0.032,0.016,0.023
1774030197.484,COMPLETE,0.035,0.018,0.021
1774030197.984,COMPLETE,0.037,0.022,0.020
1774030198.484,COMPLETE,0.044,0.022,0.019
1774030198.985,COMPLETE,0.052,0.025,0.017
1774030199.484,COMPLETE,0.058,0.027,0.011
1774030199.984,COMPLETE,0.061,0.032,0.010
1774030200.484,COMPLETE,0.059,0.037,0.011
1774030200.984,COMPLETE,0.057,0.043,0.007
1774030201.484,COMPLETE,0.061,0.051,0.006
1774030201.984,COMPLETE,0.067,0.055,0.005
1774030202.484,COMPLETE,0.075,0.058,0.005
1774030202.984,COMPLETE,0.078,0.062,0.007
1774030203.484,COMPLETE,0.077,0.062,0.013
1774030203.984,COMPLETE,0.074,0.064,0.016
1774030204.484,COMPLETE,0.071,0.064,0.020
1774030204.984,COMPLETE,0.065,0.062,0.018
1774030205.485,COMPLETE,0.063,0.065,0.012
1774030205.984,COMPLETE,0.063,0.064,0.007
1774030206.484,COMPLETE,0.066,0.059,0.005
1774030206.984,COMPLETE,0.065,0.054,0.001
1774030207.484,COMPLETE,0.060,0.052,-0.003
1774030207.984,COMPLETE,0.058,0.051,-0.008
1774030208.484,COMPLETE,0.058,0.048,-0.009
1774030208.984,COMPLETE,0.055,0.048,-0.009
1774030209.484,COMPLETE,0.058,0.045,-0.007
1774030209.984,COMPLETE,0.062,0.042,-0.006
1774030210.484,COMPLETE,0.063,0.039,-0.005
1774030210.984,COMPLETE,0.064,0.036,-0.006
1774030211.484,COMPLETE,0.070,0.035,-0.010
1774030211.984,COMPLETE,0.073,0.038,-0.011
1774030212.484,COMPLETE,0.077,0.042,-0.007
1774030212.984,COMPLETE,0.077,0.041,-0.002
1774030213.484,COMPLETE,0.073,0.039,0.003
1774030213.984,COMPLETE,0.074,0.039,0.005
1774030214.484,COMPLETE,0.076,0.036,0.011
1774030214.984,COMPLETE,0.078,0.038,0.012
1774030215.484,COMPLETE,0.087,0.041,0.011
1774030215.984,COMPLETE,0.094,0.041,0.004
1774030216.484,COMPLETE,0.091,0.045,-0.001
1774030216.984,COMPLETE,0.091,0.042,-0.005
1774030217.484,COMPLETE,0.092,0.039,-0.007
1774030217.984,COMPLETE,0.096,0.037,-0.008
1774030218.484,COMPLETE,0.091,0.043,-0.008
1774030218.984,COMPLETE,0.080,0.043,-0.011
1774030219.484,COMPLETE,0.081,0.044,-0.012
1774030219.984,COMPLETE,0.084,0.046,-0.008
1774030220.484,COMPLETE,0.076,0.052,-0.013
1774030220.985,COMPLETE,0.070,0.053,-0.019
1774030221.484,COMPLETE,0.064,0.051,-0.025
1774030221.984,COMPLETE,0.068,0.048,-0.026
1774030222.484,COMPLETE,0.069,0.044,-0.023
1774030222.984,COMPLETE,0.067,0.039,-0.022
1774030223.484,COMPLETE,0.065,0.039,-0.025
1774030223.984,COMPLETE,0.065,0.039,-0.030
1774030224.484,COMPLETE,0.066,0.036,-0.033
1774030224.985,COMPLETE,0.058,0.037,-0.036
1774030225.484,COMPLETE,0.054,0.035,-0.037
1774030225.984,COMPLETE,0.055,0.032,-0.040
1774030226.484,COMPLETE,0.050,0.030,-0.036
1774030226.984,COMPLETE,0.047,0.031,-0.033
1774030227.484,COMPLETE,0.050,0.025,-0.032
1774030227.984,COMPLETE,0.059,0.013,-0.028
1774030228.484,COMPLETE,0.063,0.003,-0.029
1774030228.985,COMPLETE,0.060,-0.001,-0.030
1774030229.484,COMPLETE,0.056,-0.010,-0.031
1774030229.984,COMPLETE,0.051,-0.019,-0.030
1774030230.484,COMPLETE,0.043,-0.022,-0.024
1774030230.985,COMPLETE,0.043,-0.023,-0.018
1774030231.484,COMPLETE,0.047,-0.023,-0.017
1774030231.984,COMPLETE,0.049,-0.024,-0.015
1774030232.484,COMPLETE,0.050,-0.025,-0.016
1774030232.984,COMPLETE,0.057,-0.023,-0.019
1774030233.484,COMPLETE,0.063,-0.017,-0.019
1774030233.984,COMPLETE,0.064,-0.006,-0.021
1774030234.484,COMPLETE,0.065,0.002,-0.021
1774030234.985,COMPLETE,0.070,0.006,-0.022
1774030235.484,COMPLETE,0.073,0.008,-0.025
1774030235.984,COMPLETE,0.076,0.009,-0.023
1774030236.484,COMPLETE,0.072,0.007,-0.021
1774030236.984,COMPLETE,0.064,0.005,-0.022
1774030237.484,COMPLETE,0.060,-0.004,-0.028
1774030237.984,COMPLETE,0.060,-0.008,-0.031
1774030238.484,COMPLETE,0.062,-0.005,-0.027
1774030238.985,COMPLETE,0.069,-0.001,-0.025
1774030239.484,COMPLETE,0.073,-0.002,-0.026
1774030239.984,COMPLETE,0.072,0.003,-0.028
1774030240.484,COMPLETE,0.066,0.007,-0.027
1774030240.984,COMPLETE,0.062,0.012,-0.027
1774030241.484,COMPLETE,0.062,0.018,-0.026
1774030241.984,COMPLETE,0.059,0.023,-0.021
1774030242.484,COMPLETE,0.055,0.027,-0.021
1774030242.984,COMPLETE,0.057,0.024,-0.018
1774030243.484,COMPLETE,0.052,0.016,-0.020
1774030243.984,COMPLETE,0.045,0.012,-0.021
1774030244.484,COMPLETE,0.040,0.011,-0.022
1774030244.984,COMPLETE,0.038,0.015,-0.022
1774030245.484,COMPLETE,0.042,0.016,-0.023
1774030245.984,COMPLETE,0.046,0.018,-0.023
1774030246.484,COMPLETE,0.051,0.015,-0.017
1774030246.984,COMPLETE,0.055,0.014,-0.017
1774030247.484,COMPLETE,0.056,0.016,-0.014
1774030247.984,COMPLETE,0.058,0.016,-0.008
1774030248.484,COMPLETE,0.058,0.016,-0.007
1774030248.984,COMPLETE,0.050,0.023,-0.007
1774030249.484,COMPLETE,0.044,0.024,-0.001
1774030249.984,COMPLETE,0.047,0.026,0.008
1774030250.484,COMPLETE,0.058,0.028,0.018
1774030250.985,COMPLETE,0.065,0.024,0.024
1774030251.484,COMPLETE,0.061,0.018,0.027
1774030251.984,COMPLETE,0.059,0.015,0.030
1774030252.484,COMPLETE,0.063,0.017,0.031
1774030252.984,COMPLETE,0.074,0.019,0.027
1774030253.484,COMPLETE,0.086,0.019,0.022
1774030253.984,COMPLETE,0.092,0.015,0.019
1774030254.484,COMPLETE,0.093,0.011,0.018
1774030254.984,COMPLETE,0.091,0.015,0.017
1774030255.484,COMPLETE,0.091,0.013,0.017
1774030255.984,COMPLETE,0.097,0.008,0.020
1774030256.484,COMPLETE,0.097,0.004,0.026
1774030256.984,COMPLETE,0.097,0.003,0.030
1774030257.484,COMPLETE,0.102,0.001,0.031
1774030257.984,COMPLETE,0.106,-0.002,0.032
1774030258.484,COMPLETE,0.108,-0.001,0.032
1774030258.985,COMPLETE,0.107,0.002,0.035
1774030259.484,COMPLETE,0.108,0.006,0.040
1774030259.984,COMPLETE,0.107,0.012,0.041
1774030260.484,COMPLETE,0.105,0.009,0.039
1774030260.984,COMPLETE,0.094,0.012,0.036
1774030261.484,COMPLETE,0.092,0.015,0.033
1774030261.984,COMPLETE,0.089,0.017,0.033
1774030262.484,COMPLETE,0.083,0.017,0.035
1774030262.984,COMPLETE,0.080,0.018,0.034
1774030263.484,COMPLETE,0.077,0.017,0.034
1774030263.984,COMPLETE,0.071,0.015,0.038
1774030264.484,COMPLETE,0.069,0.015,0.041
1774030264.984,COMPLETE,0.064,0.012,0.039
1774030265.484,COMPLETE,0.065,0.010,0.036
1774030265.984,COMPLETE,0.062,0.010,0.032
1774030266.484,COMPLETE,0.059,0.008,0.032
1774030266.984,COMPLETE,0.055,0.013,0.027
1774030267.484,COMPLETE,0.052,0.016,0.024
1774030267.984,COMPLETE,0.053,0.013,0.021
1774030268.484,COMPLETE,0.050,0.007,0.019
1774030268.984,COMPLETE,0.048,0.006,0.020
1774030269.484,COMPLETE,0.047,-0.004,0.024
1774030269.984,COMPLETE,0.047,-0.014,0.026
1774030270.484,COMPLETE,0.051,-0.016,0.032
1774030270.984,COMPLETE,0.051,-0.009,0.035
1774030271.484,COMPLETE,0.054,-0.001,0.035
1774030271.984,COMPLETE,0.048,0.005,0.040
1774030272.484,COMPLETE,0.040,0.008,0.050
1774030272.984,COMPLETE,0.038,0.012,0.051
1774030273.484,COMPLETE,0.031,0.013,0.051
1774030273.984,COMPLETE,0.028,0.008,0.050
1774030274.484,COMPLETE,0.025,0.003,0.051
1774030274.984,COMPLETE,0.027,0.007,0.045
1774030275.484,COMPLETE,0.027,0.011,0.044
1774030275.984,COMPLETE,0.025,0.017,0.040
1774030276.484,COMPLETE,0.019,0.016,0.032
1774030276.984,COMPLETE,0.024,0.020,0.025
1774030277.484,COMPLETE,0.025,0.020,0.020
1774030277.984,COMPLETE,0.024,0.021,0.015
1774030278.484,COMPLETE,0.021,0.024,0.008
1774030278.984,COMPLETE,0.017,0.019,0.002
1774030279.484,COMPLETE,0.015,0.022,-0.003
1774030279.984,COMPLETE,0.010,0.026,-0.005
1774030280.484,COMPLETE,0.007,0.031,-0.011
1774030280.985,COMPLETE,0.017,0.027,-0.015
1774030281.484,COMPLETE,0.020,0.023,-0.022
1774030281.984,COMPLETE,0.018,0.024,-0.027
1774030282.484,COMPLETE,0.015,0.027,-0.028
1774030282.985,COMPLETE,0.023,0.027,-0.026
1774030283.484,COMPLETE,0.027,0.029,-0.024
1774030283.984,COMPLETE,0.030,0.030,-0.020
1774030284.484,COMPLETE,0.028,0.031,-0.016
1774030284.984,COMPLETE,0.027,0.034,-0.011
1774030285.484,COMPLETE,0.028,0.039,-0.008
1774030285.984,COMPLETE,0.026,0.042,-0.004
1774030286.484,COMPLETE,0.022,0.046,-0.001
1774030286.984,COMPLETE,0.021,0.045,0.003
1774030287.484,COMPLETE,0.026,0.044,0.002
1774030287.984,COMPLETE,0.030,0.042,0.002
1774030288.484,COMPLETE,0.032,0.044,0.002
1774030288.984,COMPLETE,0.033,0.040,0.005
1774030289.484,COMPLETE,0.035,0.036,0.011
1774030289.984,COMPLETE,0.038,0.035,0.016
1774030290.484,COMPLETE,0.036,0.037,0.018
1774030290.984,COMPLETE,0.027,0.037,0.017
1774030291.484,COMPLETE,0.021,0.039,0.015
1774030291.984,COMPLETE,0.017,0.040,0.015
1774030292.484,COMPLETE,0.015,0.040,0.011
1774030292.984,COMPLETE,0.013,0.040,0.007
1774030293.484,COMPLETE,0.011,0.037,0.004
1774030293.984,COMPLETE,0.013,0.035,0.003
1774030294.484,COMPLETE,0.013,0.036,0.001
1774030294.984,COMPLETE,0.013,0.032,-0.001
1774030295.484,COMPLETE,0.009,0.031,-0.002
1774030295.984,COMPLETE,0.005,0.028,-0.005
1774030296.484,COMPLETE,-0.004,0.023,-0.003
1774030296.984,COMPLETE,-0.001,0.022,0.001
1774030297.484,COMPLETE,0.005,0.022,0.008
1774030297.984,COMPLETE,0.007,0.015,0.013
1774030298.484,COMPLETE,0.012,0.014,0.017
1774030298.985,COMPLETE,0.017,0.015,0.019
1774030299.484,COMPLETE,0.017,0.011,0.024
1774030299.984,COMPLETE,0.012,0.014,0.025
1774030300.484,COMPLETE,0.010,0.014,0.026
1774030300.984,COMPLETE,0.004,0.017,0.034
1774030301.484,COMPLETE,0.004,0.018,0.038
1774030301.984,COMPLETE,0.007,0.013,0.043
1774030302.484,COMPLETE,0.011,0.013,0.051
1774030302.984,COMPLETE,0.014,0.014,0.056
1774030303.484,COMPLETE,0.018,0.017,0.060
1774030303.984,COMPLETE,0.019,0.019,0.063
1774030304.484,COMPLETE,0.020,0.019,0.065
1774030304.984,COMPLETE,0.024,0.017,0.062
1774030305.484,COMPLETE,0.028,0.022,0.059
1774030305.984,COMPLETE,0.032,0.030,0.054
1774030306.484,COMPLETE,0.037,0.034,0.048
1774030306.984,COMPLETE,0.042,0.035,0.041
1774030307.484,COMPLETE,0.047,0.034,0.036
1774030307.984,COMPLETE,0.051,0.035,0.030
1774030308.484,COMPLETE,0.052,0.037,0.022
1774030308.985,COMPLETE,0.050,0.037,0.013
1774030309.484,COMPLETE,0.050,0.039,0.006
1774030309.984,COMPLETE,0.046,0.041,0.001
1774030310.484,COMPLETE,0.044,0.039,-0.001
1774030310.984,COMPLETE,0.043,0.036,-0.001
1774030311.484,COMPLETE,0.038,0.031,-0.001
1774030311.984,COMPLETE,0.036,0.034,-0.000
1774030312.484,COMPLETE,0.039,0.036,-0.000
1774030312.984,COMPLETE,0.040,0.037,-0.002
1774030313.484,COMPLETE,0.039,0.040,-0.007
1774030313.984,COMPLETE,0.038,0.044,-0.015
1774030314.484,COMPLETE,0.038,0.047,-0.022
1774030314.985,COMPLETE,0.049,0.048,-0.026
1774030315.484,COMPLETE,0.057,0.042,-0.028
1774030315.984,COMPLETE,0.061,0.038,-0.031
1774030316.484,COMPLETE,0.068,0.031,-0.036
1774030316.984,COMPLETE,0.062,0.027,-0.041
1774030317.484,COMPLETE,0.055,0.023,-0.041
1774030317.984,COMPLETE,0.058,0.019,-0.045
1774030318.484,COMPLETE,0.059,0.016,-0.049
1774030318.984,COMPLETE,0.063,0.009,-0.051
1774030319.484,COMPLETE,0.066,0.003,-0.049
1774030319.984,COMPLETE,0.064,0.004,-0.046
1774030320.484,COMPLETE,0.063,0.003,-0.041
1774030320.985,COMPLETE,0.062,0.008,-0.033
1774030321.484,COMPLETE,0.067,0.010,-0.030
1774030321.984,COMPLETE,0.071,0.009,-0.029
1774030322.485,COMPLETE,0.073,0.006,-0.032
1774030322.984,COMPLETE,0.079,0.007,-0.027
1774030323.484,COMPLETE,0.083,0.008,-0.018
1774030323.984,COMPLETE,0.087,0.006,-0.015
1774030324.484,COMPLETE,0.089,0.009,-0.011
1774030324.985,COMPLETE,0.095,0.016,-0.008
1774030325.484,COMPLETE,0.092,0.019,-0.005
1774030325.984,COMPLETE,0.093,0.022,-0.003
1774030326.484,COMPLETE,0.095,0.029,-0.003
1774030326.985,COMPLETE,0.095,0.035,-0.005
1774030327.484,COMPLETE,0.091,0.039,-0.008
1774030327.984,COMPLETE,0.091,0.045,-0.010
1774030328.484,COMPLETE,0.093,0.054,-0.015
1774030328.984,COMPLETE,0.093,0.059,-0.020
1774030329.484,COMPLETE,0.084,0.051,-0.030
1774030329.984,COMPLETE,0.072,0.051,-0.040
1774030330.484,COMPLETE,0.069,0.054,-0.048
1774030330.985,COMPLETE,0.070,0.055,-0.054
1774030331.484,COMPLETE,0.063,0.050,-0.059
1774030331.984,COMPLETE,0.057,0.047,-0.062
1774030332.484,COMPLETE,0.054,0.049,-0.066
1774030332.984,COMPLETE,0.055,0.047,-0.069
1774030333.484,COMPLETE,0.055,0.046,-0.069
1774030333.984,COMPLETE,0.049,0.048,-0.070
1774030334.484,COMPLETE,0.043,0.048,-0.070
1774030334.984,COMPLETE,0.043,0.049,-0.067
1774030335.484,COMPLETE,0.044,0.047,-0.068
1774030335.984,COMPLETE,0.044,0.044,-0.069
1774030336.484,COMPLETE,0.046,0.033,-0.069
1774030336.985,COMPLETE,0.047,0.024,-0.068
1774030337.484,COMPLETE,0.046,0.023,-0.066
1774030337.984,COMPLETE,0.043,0.023,-0.071
1774030338.484,COMPLETE,0.044,0.021,-0.070
1774030338.984,COMPLETE,0.035,0.017,-0.069
1774030339.484,COMPLETE,0.038,0.017,-0.069
1774030339.984,COMPLETE,0.043,0.015,-0.069
1774030340.484,COMPLETE,0.042,0.015,-0.070
1774030340.985,COMPLETE,0.038,0.021,-0.065
1774030341.484,COMPLETE,0.037,0.020,-0.061
1774030341.984,COMPLETE,0.042,0.025,-0.054
1774030342.484,COMPLETE,0.048,0.028,-0.047
1774030342.985,COMPLETE,0.054,0.026,-0.043
1774030343.484,COMPLETE,0.056,0.028,-0.039
1774030343.984,COMPLETE,0.054,0.030,-0.036
1774030344.484,COMPLETE,0.054,0.027,-0.032
1774030344.984,COMPLETE,0.049,0.026,-0.030
1774030345.484,COMPLETE,0.051,0.024,-0.030
1774030345.984,COMPLETE,0.052,0.018,-0.028
1774030346.484,COMPLETE,0.050,0.014,-0.026
1774030346.984,COMPLETE,0.052,0.005,-0.028
1774030347.484,COMPLETE,0.056,0.003,-0.028
1774030347.984,COMPLETE,0.057,0.006,-0.030
1774030348.484,COMPLETE,0.058,0.008,-0.025
1774030348.984,COMPLETE,0.055,0.006,-0.017
1774030349.484,COMPLETE,0.053,0.007,-0.008
1774030349.984,COMPLETE,0.054,0.002,-0.001
1774030350.484,COMPLETE,0.052,0.000,0.000
1774030350.985,COMPLETE,0.050,0.001,0.001
1774030351.484,COMPLETE,0.051,0.006,0.001
1774030351.984,COMPLETE,0.051,0.008,-0.003
1774030352.484,COMPLETE,0.049,0.009,-0.000
1774030352.984,COMPLETE,0.048,0.011,0.004
1774030353.484,COMPLETE,0.047,0.012,0.008
1774030353.984,COMPLETE,0.044,0.010,0.009
1774030354.484,COMPLETE,0.044,0.005,0.009
1774030354.985,COMPLETE,0.044,-0.008,0.010
1774030355.484,COMPLETE,0.044,-0.010,0.012
1774030355.984,COMPLETE,0.042,-0.010,0.011
1774030356.484,COMPLETE,0.037,-0.012,0.010
1774030356.984,COMPLETE,0.033,-0.012,0.010
1774030357.484,COMPLETE,0.038,-0.009,0.010
1774030357.984,COMPLETE,0.048,-0.008,0.010
1774030358.484,COMPLETE,0.049,-0.013,0.006
1774030358.985,COMPLETE,0.047,-0.012,0.005
1774030359.484,COMPLETE,0.047,-0.004,0.005
1774030359.984,COMPLETE,0.044,-0.001,0.006
1774030360.484,COMPLETE,0.044,-0.001,0.007
1774030360.984,COMPLETE,0.050,0.003,0.008
1774030361.484,COMPLETE,0.054,-0.001,0.008
1774030361.984,COMPLETE,0.060,-0.006,0.004
1774030362.484,COMPLETE,0.063,-0.011,-0.000
1774030362.984,COMPLETE,0.067,-0.010,-0.002
1774030363.484,COMPLETE,0.068,-0.009,-0.001
1774030363.984,COMPLETE,0.074,-0.008,0.003
1774030364.484,COMPLETE,0.078,-0.010,0.003
1774030364.984,COMPLETE,0.081,-0.009,-0.000
1774030365.484,COMPLETE,0.083,-0.001,-0.003
1774030365.984,COMPLETE,0.086,0.006,-0.006
1774030366.484,COMPLETE,0.088,0.008,-0.007
1774030366.984,COMPLETE,0.091,0.012,-0.009
1774030367.484,COMPLETE,0.091,0.011,-0.010
1774030367.984,COMPLETE,0.092,0.011,-0.012
1774030368.484,COMPLETE,0.094,0.008,-0.017
1774030368.984,COMPLETE,0.093,0.012,-0.025
1774030369.484,COMPLETE,0.084,0.012,-0.028
1774030369.984,COMPLETE,0.079,0.011,-0.030
1774030370.484,COMPLETE,0.077,0.012,-0.035
1774030370.985,COMPLETE,0.081,0.012,-0.040
1774030371.484,COMPLETE,0.081,0.014,-0.044
1774030371.984,COMPLETE,0.076,0.013,-0.046
1774030372.484,COMPLETE,0.070,0.013,-0.045
1774030372.985,COMPLETE,0.068,0.011,-0.042
1774030373.484,COMPLETE,0.066,0.011,-0.036
1774030373.984,COMPLETE,0.068,0.008,-0.032
1774030374.484,COMPLETE,0.070,0.006,-0.031
1774030374.985,COMPLETE,0.068,0.001,-0.031
1774030375.484,COMPLETE,0.063,0.001,-0.031
1774030375.984,COMPLETE,0.053,0.002,-0.032
1774030376.484,COMPLETE,0.051,-0.005,-0.031
1774030376.984,COMPLETE,0.054,-0.006,-0.024
1774030377.484,COMPLETE,0.052,-0.001,-0.024
1774030377.984,COMPLETE,0.049,0.001,-0.025
1774030378.484,COMPLETE,0.047,0.001,-0.024
1774030378.984,COMPLETE,0.040,0.001,-0.018
1774030379.484,COMPLETE,0.041,0.000,-0.013
1774030379.984,COMPLETE,0.043,-0.002,-0.006
1774030380.484,COMPLETE,0.043,-0.001,-0.000
1774030380.985,COMPLETE,0.043,-0.002,0.004
1774030381.484,COMPLETE,0.043,-0.004,0.010
1774030381.984,COMPLETE,0.038,-0.002,0.018
1774030382.484,COMPLETE,0.033,-0.001,0.026
1774030382.985,COMPLETE,0.027,0.002,0.029
1774030383.484,COMPLETE,0.027,0.009,0.034
1774030383.984,COMPLETE,0.027,0.018,0.040
1774030384.484,COMPLETE,0.020,0.020,0.042
1774030384.984,COMPLETE,0.011,0.022,0.045
1774030385.484,COMPLETE,0.007,0.025,0.050
1774030385.984,COMPLETE,0.002,0.020,0.054
1774030386.484,COMPLETE,-0.003,0.021,0.058
1774030386.984,COMPLETE,-0.007,0.030,0.059
1774030387.484,COMPLETE,-0.007,0.034,0.058
1774030387.984,COMPLETE,-0.005,0.033,0.057
1774030388.484,COMPLETE,-0.006,0.035,0.057
1774030388.984,COMPLETE,-0.014,0.045,0.054
1774030389.484,COMPLETE,-0.008,0.046,0.051
1774030389.984,COMPLETE,-0.002,0.048,0.048
1774030390.484,COMPLETE,0.003,0.052,0.046
1774030390.984,COMPLETE,0.018,0.064,0.045
1774030391.484,COMPLETE,0.023,0.069,0.046
1774030391.984,COMPLETE,0.024,0.066,0.047
1774030392.484,COMPLETE,0.024,0.069,0.051
1774030392.984,COMPLETE,0.021,0.070,0.056
1774030393.484,COMPLETE,0.022,0.073,0.056
1774030393.984,COMPLETE,0.023,0.070,0.052
1774030394.484,COMPLETE,0.026,0.069,0.048
1774030394.984,COMPLETE,0.030,0.070,0.045
1774030395.484,COMPLETE,0.034,0.068,0.040
1774030395.984,COMPLETE,0.038,0.061,0.033
1774030396.484,COMPLETE,0.039,0.058,0.024
1774030396.984,COMPLETE,0.049,0.059,0.011
1774030397.484,COMPLETE,0.054,0.059,0.002
1774030397.984,COMPLETE,0.056,0.061,-0.009
1774030398.484,COMPLETE,0.055,0.059,-0.020
1774030398.984,COMPLETE,0.050,0.060,-0.029
1774030399.484,COMPLETE,0.049,0.059,-0.037
1774030399.984,COMPLETE,0.053,0.055,-0.047
1774030400.484,COMPLETE,0.061,0.054,-0.053
1774030400.985,COMPLETE,0.060,0.054,-0.057
1774030401.484,COMPLETE,0.056,0.051,-0.061
1774030401.984,COMPLETE,0.054,0.052,-0.061
1774030402.484,COMPLETE,0.051,0.052,-0.058
1774030402.984,COMPLETE,0.046,0.053,-0.055
1774030403.484,COMPLETE,0.050,0.053,-0.051
1774030403.984,COMPLETE,0.048,0.045,-0.053
1774030404.484,COMPLETE,0.044,0.040,-0.056
1774030404.985,COMPLETE,0.043,0.035,-0.051
1774030405.484,COMPLETE,0.044,0.031,-0.045
1774030405.984,COMPLETE,0.048,0.025,-0.044
1774030406.484,COMPLETE,0.052,0.023,-0.045
1774030406.984,COMPLETE,0.049,0.022,-0.049
1774030407.484,COMPLETE,0.053,0.024,-0.054
1774030407.984,COMPLETE,0.054,0.025,-0.051
1774030408.484,COMPLETE,0.048,0.026,-0.046
1774030408.984,COMPLETE,0.044,0.022,-0.042
1774030409.484,COMPLETE,0.041,0.019,-0.037
1774030409.984,COMPLETE,0.041,0.017,-0.035
1774030410.484,COMPLETE,0.041,0.014,-0.033
1774030410.985,COMPLETE,0.039,0.014,-0.034
1774030411.484,COMPLETE,0.039,0.017,-0.034
1774030411.984,COMPLETE,0.037,0.020,-0.031
1774030412.484,COMPLETE,0.040,0.023,-0.029
1774030412.984,COMPLETE,0.041,0.026,-0.032
1774030413.484,COMPLETE,0.044,0.025,-0.033
1774030413.984,COMPLETE,0.050,0.024,-0.031
1774030414.484,COMPLETE,0.053,0.027,-0.027
1774030414.985,COMPLETE,0.058,0.035,-0.024
1774030415.484,COMPLETE,0.070,0.039,-0.017
1774030415.984,COMPLETE,0.069,0.041,-0.011
1774030416.484,COMPLETE,0.071,0.043,-0.007
1774030416.984,COMPLETE,0.072,0.047,-0.002
1774030417.484,COMPLETE,0.064,0.049,0.001
1774030417.984,COMPLETE,0.066,0.051,0.002
1774030418.484,COMPLETE,0.072,0.053,0.004
1774030418.984,COMPLETE,0.079,0.058,0.009
1774030419.484,COMPLETE,0.083,0.056,0.010
1774030419.984,COMPLETE,0.087,0.054,0.008
1774030420.484,COMPLETE,0.087,0.053,0.010
1774030420.984,COMPLETE,0.089,0.054,0.009
1774030421.484,COMPLETE,0.093,0.054,0.011
1774030421.984,COMPLETE,0.094,0.048,0.013
1774030422.484,COMPLETE,0.094,0.044,0.016
1774030422.985,COMPLETE,0.105,0.039,0.016
1774030423.484,COMPLETE,0.110,0.034,0.014
1774030423.984,COMPLETE,0.115,0.027,0.014
1774030424.484,COMPLETE,0.113,0.024,0.015
1774030424.985,COMPLETE,0.106,0.023,0.010
1774030425.484,COMPLETE,0.100,0.015,0.010
1774030425.984,COMPLETE,0.096,0.010,0.008
1774030426.484,COMPLETE,0.095,0.002,0.004
1774030426.985,COMPLETE,0.094,-0.007,0.003
1774030427.484,COMPLETE,0.090,-0.015,0.003
1774030427.984,COMPLETE,0.086,-0.014,0.004
1774030428.484,COMPLETE,0.087,-0.013,0.001
1774030428.984,COMPLETE,0.084,-0.014,-0.002
1774030429.484,COMPLETE,0.073,-0.009,-0.007
1774030429.984,COMPLETE,0.067,-0.005,-0.013
1774030430.484,COMPLETE,0.066,-0.007,-0.016
1774030430.985,COMPLETE,0.068,-0.014,-0.017
1774030431.484,COMPLETE,0.068,-0.018,-0.016
1774030431.984,COMPLETE,0.066,-0.011,-0.013
1774030432.484,COMPLETE,0.067,-0.010,-0.011
1774030432.985,COMPLETE,0.067,-0.010,-0.008
1774030433.484,COMPLETE,0.067,-0.006,-0.003
1774030433.984,COMPLETE,0.067,0.001,0.003
1774030434.484,COMPLETE,0.066,0.005,0.008
1774030434.985,COMPLETE,0.064,0.011,0.012
1774030435.484,COMPLETE,0.060,0.015,0.020
1774030435.984,COMPLETE,0.062,0.022,0.029
1774030436.484,COMPLETE,0.064,0.030,0.035
1774030436.985,COMPLETE,0.064,0.033,0.044
1774030437.484,COMPLETE,0.062,0.031,0.047
1774030437.984,COMPLETE,0.059,0.031,0.047
1774030438.484,COMPLETE,0.052,0.035,0.046
1774030438.984,COMPLETE,0.043,0.039,0.050
1774030439.484,COMPLETE,0.038,0.044,0.050
1774030439.984,COMPLETE,0.043,0.048,0.042
1774030440.484,COMPLETE,0.042,0.050,0.035
1774030440.984,COMPLETE,0.036,0.051,0.027
1774030441.484,COMPLETE,0.032,0.052,0.016
1774030441.984,COMPLETE,0.032,0.044,0.009
1774030442.484,COMPLETE,0.025,0.037,0.005
1774030442.984,COMPLETE,0.017,0.033,-0.004
1774030443.484,COMPLETE,0.016,0.031,-0.010
1774030443.984,COMPLETE,0.020,0.032,-0.018
1774030444.484,COMPLETE,0.020,0.023,-0.024
1774030444.984,COMPLETE,0.015,0.012,-0.030
1774030445.484,COMPLETE,0.010,0.004,-0.036
1774030445.984,COMPLETE,0.013,-0.004,-0.036
1774030446.484,COMPLETE,0.012,-0.016,-0.032
1774030446.984,COMPLETE,0.014,-0.020,-0.028
1774030447.484,COMPLETE,0.011,-0.026,-0.022
1774030447.984,COMPLETE,0.025,-0.023,-0.015
1774030448.484,COMPLETE,0.034,-0.021,-0.010
1774030448.984,COMPLETE,0.048,-0.028,-0.000
1774030449.484,COMPLETE,0.058,-0.026,0.010
1774030449.985,COMPLETE,0.065,-0.020,0.018
1774030450.484,COMPLETE,0.067,-0.023,0.025
1774030450.985,COMPLETE,0.066,-0.027,0.028
1774030451.484,COMPLETE,0.066,-0.024,0.027
1774030451.984,COMPLETE,0.060,-0.019,0.027
1774030452.484,COMPLETE,0.059,-0.014,0.029
1774030452.984,COMPLETE,0.062,-0.012,0.033
1774030453.484,COMPLETE,0.064,-0.008,0.039
1774030453.984,COMPLETE,0.058,0.003,0.041
1774030454.484,COMPLETE,0.053,0.015,0.041
1774030454.984,COMPLETE,0.060,0.030,0.041
1774030455.484,COMPLETE,0.065,0.038,0.045
1774030455.984,COMPLETE,0.065,0.038,0.048
1774030456.484,COMPLETE,0.064,0.041,0.051
1774030456.984,COMPLETE,0.064,0.044,0.052
1774030457.484,COMPLETE,0.064,0.048,0.053
1774030457.984,COMPLETE,0.066,0.047,0.053
1774030458.484,COMPLETE,0.070,0.044,0.056
1774030458.984,COMPLETE,0.075,0.046,0.055
1774030459.484,COMPLETE,0.075,0.049,0.054
1774030459.984,COMPLETE,0.071,0.051,0.050
1774030460.484,COMPLETE,0.075,0.058,0.048
1774030460.984,COMPLETE,0.083,0.060,0.046
1774030461.484,COMPLETE,0.087,0.059,0.047
1774030461.984,COMPLETE,0.084,0.067,0.042
1774030462.484,COMPLETE,0.077,0.069,0.041
1774030462.984,COMPLETE,0.076,0.068,0.038
1774030463.484,COMPLETE,0.081,0.064,0.036
1774030463.984,COMPLETE,0.079,0.050,0.027
1774030464.484,COMPLETE,0.079,0.045,0.022
1774030464.984,COMPLETE,0.077,0.039,0.017
1774030465.484,COMPLETE,0.076,0.038,0.010
1774030465.984,COMPLETE,0.071,0.047,0.008
1774030466.484,COMPLETE,0.069,0.044,0.004
1774030466.985,COMPLETE,0.065,0.041,0.001
1774030467.484,COMPLETE,0.062,0.031,0.001
1774030467.984,COMPLETE,0.063,0.028,-0.000
1774030468.484,COMPLETE,0.065,0.031,0.001
1774030468.984,COMPLETE,0.066,0.035,0.001
1774030469.484,COMPLETE,0.066,0.037,0.002
1774030469.984,COMPLETE,0.065,0.042,-0.001
1774030470.484,COMPLETE,0.071,0.038,-0.004
1774030470.985,COMPLETE,0.075,0.039,-0.002
1774030471.484,COMPLETE,0.075,0.038,-0.002
1774030471.984,COMPLETE,0.071,0.030,-0.001
1774030472.484,COMPLETE,0.066,0.031,-0.002
1774030472.984,COMPLETE,0.053,0.038,-0.003
1774030473.484,COMPLETE,0.044,0.047,-0.001
1774030473.984,COMPLETE,0.040,0.048,-0.004
1774030474.484,COMPLETE,0.037,0.052,-0.005
1774030474.985,COMPLETE,0.035,0.057,-0.007
1774030475.484,COMPLETE,0.034,0.061,-0.003
1774030475.984,COMPLETE,0.039,0.058,0.000
1774030476.484,COMPLETE,0.036,0.056,0.002
1774030476.984,COMPLETE,0.032,0.052,0.001
1774030477.484,COMPLETE,0.033,0.049,-0.000
1774030477.984,COMPLETE,0.042,0.046,-0.000
1774030478.484,COMPLETE,0.043,0.045,0.000
1774030478.984,COMPLETE,0.044,0.043,0.001
1774030479.484,COMPLETE,0.047,0.038,-0.002
1774030479.984,COMPLETE,0.047,0.040,-0.005
1774030480.484,COMPLETE,0.050,0.037,-0.006
1774030480.984,COMPLETE,0.054,0.034,-0.006
1774030481.484,COMPLETE,0.058,0.030,-0.006
1774030481.984,COMPLETE,0.061,0.035,-0.004
1774030482.484,COMPLETE,0.067,0.035,-0.004
1774030482.985,COMPLETE,0.068,0.030,-0.005
1774030483.484,COMPLETE,0.064,0.026,-0.004
1774030483.984,COMPLETE,0.060,0.022,-0.005
1774030484.484,COMPLETE,0.058,0.019,-0.005
1774030484.984,COMPLETE,0.056,0.022,-0.004
1774030485.485,COMPLETE,0.056,0.025,0.003
1774030485.984,COMPLETE,0.053,0.027,0.006
1774030486.484,COMPLETE,0.052,0.027,0.014
1774030486.984,COMPLETE,0.049,0.025,0.017
1774030487.484,COMPLETE,0.045,0.025,0.019
1774030487.984,COMPLETE,0.044,0.028,0.019
1774030488.484,COMPLETE,0.039,0.032,0.020
1774030488.984,COMPLETE,0.038,0.038,0.021
1774030489.484,COMPLETE,0.034,0.037,0.023
1774030489.984,COMPLETE,0.030,0.030,0.024
1774030490.484,COMPLETE,0.024,0.025,0.028
1774030490.984,COMPLETE,0.024,0.021,0.030
1774030491.484,COMPLETE,0.025,0.017,0.031
1774030491.984,COMPLETE,0.027,0.014,0.027
1774030492.484,COMPLETE,0.035,0.010,0.026
1774030492.984,COMPLETE,0.039,0.005,0.026
1774030493.484,COMPLETE,0.047,-0.002,0.026
1774030493.984,COMPLETE,0.050,-0.000,0.025
1774030494.484,COMPLETE,0.055,0.002,0.027
1774030494.984,COMPLETE,0.058,0.001,0.027
1774030495.484,COMPLETE,0.051,0.003,0.027
1774030495.984,COMPLETE,0.053,0.008,0.025
1774030496.484,COMPLETE,0.053,0.012,0.024
1774030496.984,COMPLETE,0.051,0.008,0.026
1774030497.484,COMPLETE,0.056,0.017,0.029
1774030497.984,COMPLETE,0.054,0.017,0.029
1774030498.484,COMPLETE,0.047,0.018,0.028
1774030498.984,COMPLETE,0.043,0.024,0.029
1774030499.484,COMPLETE,0.042,0.031,0.029
1774030499.984,COMPLETE,0.044,0.031,0.025
1774030500.484,COMPLETE,0.042,0.031,0.019
1774030500.984,COMPLETE,0.043,0.031,0.015
1774030501.484,COMPLETE,0.042,0.032,0.010
1774030501.984,COMPLETE,0.041,0.029,0.001
1774030502.484,COMPLETE,0.039,0.029,-0.003
1774030502.984,COMPLETE,0.035,0.026,-0.004
1774030503.484,COMPLETE,0.031,0.019,-0.007
1774030503.984,COMPLETE,0.027,0.016,-0.010
1774030504.484,COMPLETE,0.030,0.014,-0.013
1774030504.984,COMPLETE,0.032,0.015,-0.013
1774030505.484,COMPLETE,0.032,0.016,-0.012
1774030505.984,COMPLETE,0.033,0.015,-0.010
1774030506.484,COMPLETE,0.038,0.010,-0.006
1774030506.984,COMPLETE,0.036,0.004,-0.004
1774030507.485,COMPLETE,0.034,0.000,-0.001
1774030507.984,COMPLETE,0.030,0.001,-0.001
1774030508.484,COMPLETE,0.033,0.000,0.000
1774030508.984,COMPLETE,0.036,0.002,0.002
1774030509.484,COMPLETE,0.036,0.002,0.005
1774030509.984,COMPLETE,0.039,0.004,0.009
1774030510.484,COMPLETE,0.040,0.010,0.012
1774030510.984,COMPLETE,0.040,0.016,0.014
1774030511.484,COMPLETE,0.042,0.011,0.011
1774030511.984,COMPLETE,0.044,0.011,0.010
1774030512.484,COMPLETE,0.045,0.016,0.006
1774030512.985,COMPLETE,0.046,0.019,0.001
1774030513.484,COMPLETE,0.050,0.026,-0.004
1774030513.984,COMPLETE,0.056,0.029,-0.008
1774030514.484,COMPLETE,0.060,0.033,-0.012
1774030514.985,COMPLETE,0.060,0.034,-0.016
1774030515.484,COMPLETE,0.065,0.037,-0.020
1774030515.984,COMPLETE,0.062,0.042,-0.023
1774030516.484,COMPLETE,0.066,0.046,-0.021
1774030516.985,COMPLETE,0.072,0.047,-0.017
1774030517.484,COMPLETE,0.067,0.054,-0.016
1774030517.984,COMPLETE,0.061,0.056,-0.019
1774030518.484,COMPLETE,0.057,0.056,-0.017
1774030518.985,COMPLETE,0.055,0.056,-0.014
1774030519.484,COMPLETE,0.056,0.054,-0.008
1774030519.984,COMPLETE,0.055,0.051,-0.000
1774030520.484,COMPLETE,0.056,0.049,0.004
1774030520.984,COMPLETE,0.056,0.051,0.003
1774030521.484,COMPLETE,0.053,0.051,0.005
1774030521.984,COMPLETE,0.043,0.049,0.009
1774030522.484,COMPLETE,0.041,0.047,0.012
1774030522.984,COMPLETE,0.045,0.049,0.013
1774030523.484,COMPLETE,0.043,0.050,0.007
1774030523.984,COMPLETE,0.045,0.055,0.005
1774030524.484,COMPLETE,0.051,0.053,0.007
1774030524.984,COMPLETE,0.053,0.051,0.011
1774030525.484,COMPLETE,0.055,0.049,0.009
1774030525.984,COMPLETE,0.053,0.052,0.006
1774030526.484,COMPLETE,0.048,0.049,0.001
1774030526.984,COMPLETE,0.043,0.044,-0.006
1774030527.484,COMPLETE,0.036,0.044,-0.010
1774030527.984,COMPLETE,0.031,0.042,-0.013
1774030528.484,COMPLETE,0.036,0.038,-0.014
1774030528.984,COMPLETE,0.038,0.029,-0.015
1774030529.484,COMPLETE,0.046,0.022,-0.018
1774030529.984,COMPLETE,0.053,0.015,-0.019
1774030530.484,COMPLETE,0.057,0.008,-0.020
1774030530.984,COMPLETE,0.057,-0.002,-0.024
1774030531.484,COMPLETE,0.062,-0.012,-0.024
1774030531.984,COMPLETE,0.066,-0.022,-0.021
1774030532.484,COMPLETE,0.069,-0.020,-0.020
1774030532.985,COMPLETE,0.075,-0.020,-0.018
1774030533.484,COMPLETE,0.084,-0.020,-0.016
1774030533.984,COMPLETE,0.092,-0.017,-0.014
1774030534.484,COMPLETE,0.091,-0.014,-0.015
1774030534.985,COMPLETE,0.085,-0.016,-0.019
1774030535.484,COMPLETE,0.088,-0.010,-0.020
1774030535.984,COMPLETE,0.091,-0.008,-0.023
1774030536.484,COMPLETE,0.081,-0.004,-0.026
1774030536.984,COMPLETE,0.079,-0.002,-0.029
1774030537.484,COMPLETE,0.079,-0.000,-0.035
1774030537.984,COMPLETE,0.074,-0.001,-0.041
1774030538.484,COMPLETE,0.067,-0.005,-0.045
1774030538.985,COMPLETE,0.066,-0.005,-0.046
1774030539.484,COMPLETE,0.068,-0.004,-0.055
1774030539.984,COMPLETE,0.071,-0.001,-0.058
1774030540.484,COMPLETE,0.071,0.007,-0.060
1774030540.985,COMPLETE,0.076,0.016,-0.064
1774030541.484,COMPLETE,0.078,0.021,-0.067
1774030541.984,COMPLETE,0.080,0.018,-0.070
1774030542.484,COMPLETE,0.074,0.015,-0.067
1774030542.984,COMPLETE,0.071,0.017,-0.061
1774030543.484,COMPLETE,0.070,0.019,-0.061
1774030543.984,COMPLETE,0.071,0.018,-0.058
1774030544.484,COMPLETE,0.072,0.013,-0.050
1774030544.984,COMPLETE,0.074,0.014,-0.044
1774030545.484,COMPLETE,0.068,0.021,-0.041
1774030545.984,COMPLETE,0.065,0.032,-0.032
1774030546.484,COMPLETE,0.064,0.042,-0.024
1774030546.984,COMPLETE,0.063,0.042,-0.018
1774030547.484,COMPLETE,0.058,0.041,-0.015
1774030547.984,COMPLETE,0.053,0.041,-0.010
1774030548.484,COMPLETE,0.050,0.040,-0.003
1774030548.984,COMPLETE,0.042,0.042,0.004
1774030549.484,COMPLETE,0.035,0.046,0.010
1774030549.984,COMPLETE,0.032,0.046,0.014
1774030550.484,COMPLETE,0.032,0.046,0.015
1774030550.984,COMPLETE,0.032,0.045,0.018
1774030551.484,COMPLETE,0.036,0.047,0.020
1774030551.984,COMPLETE,0.033,0.047,0.021
1774030552.484,COMPLETE,0.031,0.047,0.024
1774030552.984,COMPLETE,0.030,0.046,0.027
1774030553.484,COMPLETE,0.034,0.044,0.027
1774030553.984,COMPLETE,0.035,0.047,0.031
1774030554.484,COMPLETE,0.039,0.043,0.028
1774030554.985,COMPLETE,0.042,0.040,0.023
1774030555.484,COMPLETE,0.045,0.039,0.022
1774030555.984,COMPLETE,0.044,0.036,0.020
1774030556.484,COMPLETE,0.045,0.026,0.016
1774030556.984,COMPLETE,0.042,0.015,0.012
1774030557.484,COMPLETE,0.049,0.010,0.006
1774030557.984,COMPLETE,0.055,0.005,-0.000
1774030558.484,COMPLETE,0.056,0.000,-0.003
1774030558.984,COMPLETE,0.059,-0.002,-0.007
1774030559.484,COMPLETE,0.064,-0.004,-0.013
1774030559.984,COMPLETE,0.067,-0.003,-0.017
1774030560.484,COMPLETE,0.068,0.002,-0.014
1774030560.984,COMPLETE,0.066,0.004,-0.012
1774030561.484,COMPLETE,0.066,0.004,-0.007
1774030561.984,COMPLETE,0.065,0.007,-0.003
1774030562.484,COMPLETE,0.060,0.004,0.001
1774030562.984,COMPLETE,0.060,0.001,0.005
1774030563.484,COMPLETE,0.065,-0.000,0.012
1774030563.984,COMPLETE,0.071,0.001,0.014
1774030564.484,COMPLETE,0.076,0.007,0.017
1774030564.984,COMPLETE,0.075,0.010,0.023
1774030565.484,COMPLETE,0.071,0.018,0.027
1774030565.984,COMPLETE,0.068,0.026,0.030
1774030566.484,COMPLETE,0.064,0.032,0.028
1774030566.984,COMPLETE,0.064,0.040,0.027
1774030567.484,COMPLETE,0.070,0.050,0.031
1774030567.984,COMPLETE,0.083,0.054,0.032
1774030568.484,COMPLETE,0.082,0.059,0.031
1774030568.984,COMPLETE,0.075,0.063,0.030
1774030569.484,COMPLETE,0.077,0.068,0.033
1774030569.984,COMPLETE,0.081,0.071,0.036
1774030570.484,COMPLETE,0.083,0.065,0.038
1774030570.984,COMPLETE,0.091,0.063,0.036
1774030571.484,COMPLETE,0.093,0.060,0.033
1774030571.984,COMPLETE,0.096,0.058,0.027
1774030572.484,COMPLETE,0.085,0.051,0.021
1774030572.985,COMPLETE,0.081,0.051,0.017
1774030573.484,COMPLETE,0.081,0.049,0.011
1774030573.984,COMPLETE,0.078,0.053,0.012
1774030574.484,COMPLETE,0.072,0.048,0.017
1774030574.984,COMPLETE,0.065,0.044,0.022
1774030575.484,COMPLETE,0.059,0.046,0.026
1774030575.984,COMPLETE,0.053,0.052,0.028
1774030576.484,COMPLETE,0.059,0.052,0.027
1774030576.984,COMPLETE,0.055,0.049,0.023
1774030577.484,COMPLETE,0.049,0.044,0.019
1774030577.984,COMPLETE,0.044,0.040,0.019
1774030578.484,COMPLETE,0.042,0.034,0.019
1774030578.985,COMPLETE,0.042,0.027,0.019
1774030579.484,COMPLETE,0.038,0.017,0.015
1774030579.984,COMPLETE,0.039,0.008,0.011
1774030580.484,COMPLETE,0.040,0.013,0.009
1774030580.984,COMPLETE,0.038,0.017,0.007
1774030581.484,COMPLETE,0.037,0.016,0.001
1774030581.984,COMPLETE,0.037,0.014,-0.003
1774030582.484,COMPLETE,0.045,0.020,-0.003
1774030582.984,COMPLETE,0.049,0.017,-0.003
1774030583.484,COMPLETE,0.052,0.009,-0.002
1774030583.984,COMPLETE,0.055,-0.001,-0.002
1774030584.484,COMPLETE,0.057,-0.004,-0.005
1774030584.985,COMPLETE,0.057,-0.002,-0.010
1774030585.485,COMPLETE,0.059,-0.001,-0.013
1774030585.984,COMPLETE,0.066,-0.005,-0.012
1774030586.484,COMPLETE,0.071,-0.007,-0.011
1774030586.985,COMPLETE,0.072,-0.004,-0.012
1774030587.484,COMPLETE,0.075,-0.003,-0.011
1774030587.984,COMPLETE,0.078,-0.004,-0.010
1774030588.484,COMPLETE,0.078,-0.006,-0.008
1774030588.984,COMPLETE,0.078,-0.000,-0.009
1774030589.484,COMPLETE,0.079,-0.003,-0.008
1774030589.984,COMPLETE,0.082,-0.010,-0.005
1774030590.484,COMPLETE,0.079,-0.008,-0.006
1774030590.985,COMPLETE,0.073,-0.005,-0.009
1774030591.484,COMPLETE,0.069,-0.005,-0.010
1774030591.984,COMPLETE,0.067,-0.012,-0.007
1774030592.484,COMPLETE,0.057,-0.013,-0.001
1774030592.984,COMPLETE,0.052,-0.002,0.004
1774030593.484,COMPLETE,0.054,0.001,0.008
1774030593.984,COMPLETE,0.057,-0.002,0.006
1774030594.484,COMPLETE,0.058,0.001,0.005
1774030594.984,COMPLETE,0.052,0.003,0.000
1774030595.484,COMPLETE,0.054,0.005,-0.005
1774030595.984,COMPLETE,0.049,0.004,-0.011
1774030596.484,COMPLETE,0.044,-0.000,-0.015
1774030596.984,COMPLETE,0.040,0.009,-0.013
1774030597.484,COMPLETE,0.036,0.021,-0.011
1774030597.984,COMPLETE,0.031,0.025,-0.012
1774030598.484,COMPLETE,0.032,0.022,-0.013
1774030598.985,COMPLETE,0.031,0.023,-0.012
1774030599.484,COMPLETE,0.026,0.030,-0.013
1774030599.984,COMPLETE,0.020,0.038,-0.014
1774030600.484,COMPLETE,0.013,0.041,-0.015
1774030600.984,COMPLETE,0.012,0.036,-0.019
1774030601.484,COMPLETE,0.011,0.038,-0.024
1774030601.984,COMPLETE,0.002,0.044,-0.030
1774030602.484,COMPLETE,-0.005,0.048,-0.029
1774030602.985,COMPLETE,-0.006,0.049,-0.028
1774030603.484,COMPLETE,-0.009,0.052,-0.025
1774030603.984,COMPLETE,-0.011,0.048,-0.025
1774030604.484,COMPLETE,-0.002,0.045,-0.028
1774030604.985,COMPLETE,0.000,0.037,-0.026
1774030605.484,COMPLETE,0.000,0.031,-0.026
1774030605.984,COMPLETE,-0.002,0.036,-0.023
1774030606.484,COMPLETE,0.011,0.038,-0.022
1774030606.985,COMPLETE,0.021,0.036,-0.022
1774030607.484,COMPLETE,0.026,0.040,-0.020
1774030607.984,COMPLETE,0.030,0.049,-0.013
1774030608.484,COMPLETE,0.029,0.049,-0.013
1774030608.984,COMPLETE,0.032,0.046,-0.008
1774030609.484,COMPLETE,0.043,0.042,-0.004
1774030609.984,COMPLETE,0.050,0.050,0.003
1774030610.484,COMPLETE,0.053,0.056,0.008
1774030610.985,COMPLETE,0.054,0.057,0.010
1774030611.484,COMPLETE,0.054,0.050,0.014
1774030611.984,COMPLETE,0.055,0.043,0.017
1774030612.484,COMPLETE,0.057,0.045,0.020
1774030612.985,COMPLETE,0.062,0.049,0.019
1774030613.484,COMPLETE,0.068,0.049,0.018
1774030613.984,COMPLETE,0.072,0.050,0.021
1774030614.484,COMPLETE,0.070,0.049,0.023
1774030614.985,COMPLETE,0.064,0.045,0.021
1774030615.484,COMPLETE,0.066,0.045,0.021
1774030615.984,COMPLETE,0.073,0.043,0.022
1774030616.484,COMPLETE,0.085,0.045,0.022
1774030616.984,COMPLETE,0.084,0.044,0.024
1774030617.484,COMPLETE,0.084,0.041,0.025
1774030617.984,COMPLETE,0.088,0.045,0.023
1774030618.484,COMPLETE,0.089,0.049,0.024
1774030618.985,COMPLETE,0.083,0.051,0.025
1774030619.484,COMPLETE,0.081,0.052,0.024
1774030619.984,COMPLETE,0.083,0.054,0.021
1774030620.484,COMPLETE,0.086,0.056,0.022
1774030620.984,COMPLETE,0.085,0.057,0.021
1774030621.484,COMPLETE,0.083,0.056,0.018
1774030621.984,COMPLETE,0.082,0.054,0.017
1774030622.484,COMPLETE,0.085,0.055,0.020
1774030622.984,COMPLETE,0.084,0.050,0.020
1774030623.484,COMPLETE,0.085,0.046,0.018
1774030623.984,COMPLETE,0.086,0.049,0.014
1774030624.484,COMPLETE,0.086,0.054,0.009
1774030624.985,COMPLETE,0.084,0.052,0.006
1774030625.484,COMPLETE,0.085,0.045,0.007
1774030625.984,COMPLETE,0.087,0.046,0.008
1774030626.484,COMPLETE,0.084,0.049,0.001
1774030626.985,COMPLETE,0.078,0.050,-0.002
1774030627.484,COMPLETE,0.074,0.046,-0.003
1774030627.984,COMPLETE,0.073,0.040,-0.003
1774030628.484,COMPLETE,0.075,0.039,-0.004
1774030628.984,COMPLETE,0.076,0.039,-0.002
1774030629.484,COMPLETE,0.077,0.038,0.001
1774030629.984,COMPLETE,0.071,0.034,-0.004
1774030630.484,COMPLETE,0.060,0.037,-0.005
1774030630.984,COMPLETE,0.054,0.036,-0.007
1774030631.484,COMPLETE,0.052,0.031,-0.006
1774030631.984,COMPLETE,0.049,0.029,-0.002
1774030632.484,COMPLETE,0.046,0.031,0.003
1774030632.984,COMPLETE,0.045,0.030,0.005
1774030633.484,COMPLETE,0.042,0.029,0.012
1774030633.984,COMPLETE,0.036,0.021,0.018
1774030634.484,COMPLETE,0.034,0.016,0.021
1774030634.985,COMPLETE,0.035,0.011,0.021
1774030635.484,COMPLETE,0.035,0.006,0.023
1774030635.984,COMPLETE,0.034,0.002,0.025
1774030636.484,COMPLETE,0.034,0.003,0.026
1774030636.984,COMPLETE,0.036,0.013,0.026
1774030637.484,COMPLETE,0.034,0.015,0.026
1774030637.984,COMPLETE,0.037,0.020,0.027
1774030638.484,COMPLETE,0.038,0.024,0.031
1774030638.984,COMPLETE,0.038,0.024,0.029
1774030639.484,COMPLETE,0.038,0.023,0.029
1774030639.984,COMPLETE,0.036,0.026,0.032
1774030640.484,COMPLETE,0.031,0.025,0.033
1774030640.984,COMPLETE,0.033,0.025,0.032
1774030641.484,COMPLETE,0.034,0.029,0.028
1774030641.984,COMPLETE,0.034,0.034,0.024
1774030642.484,COMPLETE,0.039,0.042,0.020
1774030642.984,COMPLETE,0.040,0.035,0.013
1774030643.484,COMPLETE,0.038,0.035,0.005
1774030643.984,COMPLETE,0.034,0.034,-0.002
1774030644.484,COMPLETE,0.036,0.029,-0.015
1774030644.984,COMPLETE,0.031,0.025,-0.022
1774030645.484,COMPLETE,0.032,0.023,-0.026
1774030645.984,COMPLETE,0.037,0.021,-0.027
1774030646.484,COMPLETE,0.045,0.024,-0.029
1774030646.984,COMPLETE,0.048,0.022,-0.031
1774030647.484,COMPLETE,0.053,0.017,-0.033
1774030647.984,COMPLETE,0.054,0.016,-0.035
1774030648.484,COMPLETE,0.058,0.017,-0.037
1774030648.984,COMPLETE,0.061,0.014,-0.038
1774030649.484,COMPLETE,0.066,0.008,-0.036
1774030649.984,COMPLETE,0.072,-0.000,-0.034
1774030650.484,COMPLETE,0.076,-0.003,-0.035
1774030650.985,COMPLETE,0.077,-0.004,-0.031
1774030651.484,COMPLETE,0.078,-0.005,-0.029
1774030651.984,COMPLETE,0.078,-0.005,-0.029
1774030652.484,COMPLETE,0.078,-0.003,-0.030
1774030652.984,COMPLETE,0.069,-0.004,-0.030
1774030653.484,COMPLETE,0.065,-0.003,-0.024
1774030653.984,COMPLETE,0.063,-0.005,-0.023
1774030654.484,COMPLETE,0.058,-0.015,-0.023
1774030654.984,COMPLETE,0.053,-0.015,-0.022
1774030655.484,COMPLETE,0.049,-0.012,-0.023
1774030655.984,COMPLETE,0.051,-0.011,-0.023
1774030656.484,COMPLETE,0.051,-0.009,-0.027
1774030656.985,COMPLETE,0.047,-0.005,-0.031
1774030657.484,COMPLETE,0.050,-0.003,-0.037
1774030657.984,COMPLETE,0.049,-0.006,-0.040
1774030658.484,COMPLETE,0.040,-0.010,-0.038
1774030658.985,COMPLETE,0.035,-0.013,-0.038
1774030659.484,COMPLETE,0.032,-0.016,-0.041
1774030659.984,COMPLETE,0.036,-0.017,-0.040
1774030660.484,COMPLETE,0.038,-0.014,-0.036
1774030660.985,COMPLETE,0.045,-0.008,-0.033
1774030661.484,COMPLETE,0.053,-0.002,-0.031
1774030661.984,COMPLETE,0.059,-0.000,-0.026
1774030662.484,COMPLETE,0.063,-0.001,-0.023
1774030662.984,COMPLETE,0.064,0.000,-0.022
1774030663.484,COMPLETE,0.062,-0.003,-0.019
1774030663.984,COMPLETE,0.063,-0.008,-0.017
1774030664.484,COMPLETE,0.065,-0.011,-0.016
1774030664.985,COMPLETE,0.067,-0.011,-0.019
1774030665.484,COMPLETE,0.066,-0.013,-0.020
1774030665.984,COMPLETE,0.064,-0.022,-0.017
1774030666.484,COMPLETE,0.057,-0.034,-0.013
1774030666.985,COMPLETE,0.041,-0.029,-0.008
1774030667.484,COMPLETE,0.036,-0.024,-0.005
1774030667.984,COMPLETE,0.037,-0.019,-0.003
1774030668.484,COMPLETE,0.035,-0.026,0.006
1774030668.985,COMPLETE,0.038,-0.018,0.018
1774030669.484,COMPLETE,0.035,-0.009,0.025
1774030669.984,COMPLETE,0.038,-0.001,0.028
1774030670.484,COMPLETE,0.044,0.001,0.031
1774030670.984,COMPLETE,0.047,0.001,0.033
1774030671.484,COMPLETE,0.047,0.005,0.035
1774030671.984,COMPLETE,0.045,0.007,0.036
1774030672.484,COMPLETE,0.045,0.003,0.034
1774030672.984,COMPLETE,0.041,0.004,0.030
1774030673.484,COMPLETE,0.040,0.002,0.031
1774030673.984,COMPLETE,0.039,0.003,0.034
1774030674.484,COMPLETE,0.038,0.009,0.036
1774030674.985,COMPLETE,0.040,0.015,0.032
1774030675.484,COMPLETE,0.042,0.016,0.032
1774030675.984,COMPLETE,0.042,0.013,0.034
1774030676.484,COMPLETE,0.042,0.016,0.036
1774030676.984,COMPLETE,0.041,0.020,0.033
1774030677.484,COMPLETE,0.043,0.031,0.029
1774030677.984,COMPLETE,0.045,0.041,0.025
1774030678.484,COMPLETE,0.049,0.046,0.025
1774030678.985,COMPLETE,0.057,0.049,0.027
1774030679.484,COMPLETE,0.056,0.053,0.026
1774030679.984,COMPLETE,0.054,0.057,0.024
1774030680.484,COMPLETE,0.054,0.062,0.023
1774030680.984,COMPLETE,0.056,0.066,0.022
1774030681.484,COMPLETE,0.059,0.067,0.022
1774030681.984,COMPLETE,0.058,0.068,0.024
1774030682.484,COMPLETE,0.055,0.065,0.026
1774030682.984,COMPLETE,0.051,0.067,0.025
1774030683.484,COMPLETE,0.052,0.060,0.016
1774030683.984,COMPLETE,0.059,0.055,0.012
1774030684.484,COMPLETE,0.065,0.051,0.010
1774030684.985,COMPLETE,0.066,0.047,0.008
1774030685.484,COMPLETE,0.072,0.042,0.007
1774030685.984,COMPLETE,0.078,0.041,0.005
1774030686.484,COMPLETE,0.080,0.036,0.004
1774030686.985,COMPLETE,0.085,0.032,0.002
1774030687.484,COMPLETE,0.082,0.027,0.001
1774030687.984,COMPLETE,0.078,0.021,-0.003
1774030688.484,COMPLETE,0.082,0.019,-0.003
1774030688.984,COMPLETE,0.076,0.017,-0.004
1774030689.484,COMPLETE,0.071,0.014,-0.001
1774030689.984,COMPLETE,0.070,0.011,0.000
1774030690.484,COMPLETE,0.068,0.009,0.002
1774030690.985,COMPLETE,0.063,0.007,0.003
1774030691.484,COMPLETE,0.058,-0.001,0.003
1774030691.984,COMPLETE,0.054,-0.002,-0.000
1774030692.484,COMPLETE,0.056,0.002,-0.000
1774030692.984,COMPLETE,0.053,0.010,-0.000
1774030693.484,COMPLETE,0.056,0.013,-0.005
1774030693.984,COMPLETE,0.059,0.013,-0.010
1774030694.484,COMPLETE,0.059,0.011,-0.009
1774030694.985,COMPLETE,0.055,0.013,-0.009
1774030695.484,COMPLETE,0.061,0.014,-0.007
1774030695.984,COMPLETE,0.066,0.018,-0.009
1774030696.484,COMPLETE,0.074,0.021,-0.010
1774030696.985,COMPLETE,0.075,0.022,-0.013
1774030697.484,COMPLETE,0.078,0.022,-0.016
1774030697.984,COMPLETE,0.081,0.026,-0.018
1774030698.484,COMPLETE,0.086,0.035,-0.019
1774030698.985,COMPLETE,0.089,0.038,-0.020
1774030699.484,COMPLETE,0.091,0.030,-0.021
1774030699.984,COMPLETE,0.092,0.027,-0.023
1774030700.484,COMPLETE,0.094,0.034,-0.026
1774030700.984,COMPLETE,0.088,0.040,-0.025
1774030701.484,COMPLETE,0.080,0.041,-0.024
1774030701.984,COMPLETE,0.073,0.039,-0.026
1774030702.484,COMPLETE,0.072,0.037,-0.032
1774030702.984,COMPLETE,0.064,0.035,-0.039
1774030703.484,COMPLETE,0.059,0.036,-0.046
1774030703.984,COMPLETE,0.060,0.033,-0.052
1774030704.484,COMPLETE,0.063,0.029,-0.057
1774030704.984,COMPLETE,0.068,0.027,-0.061
1774030705.484,COMPLETE,0.068,0.027,-0.064
1774030705.984,COMPLETE,0.062,0.026,-0.066
1774030706.484,COMPLETE,0.056,0.024,-0.067
1774030706.985,COMPLETE,0.050,0.025,-0.067
1774030707.484,COMPLETE,0.052,0.028,-0.069
1774030707.984,COMPLETE,0.056,0.034,-0.069
1774030708.484,COMPLETE,0.058,0.042,-0.068
1774030708.984,COMPLETE,0.059,0.046,-0.067
1774030709.484,COMPLETE,0.059,0.048,-0.067
1774030709.984,COMPLETE,0.057,0.051,-0.070
1774030710.484,COMPLETE,0.049,0.055,-0.072
1774030710.985,COMPLETE,0.042,0.055,-0.071
1774030711.484,COMPLETE,0.040,0.052,-0.068
1774030711.984,COMPLETE,0.034,0.057,-0.065
1774030712.484,COMPLETE,0.027,0.063,-0.063
1774030712.984,COMPLETE,0.027,0.060,-0.057
1774030713.484,COMPLETE,0.025,0.056,-0.052
1774030713.984,COMPLETE,0.021,0.058,-0.050
1774030714.484,COMPLETE,0.020,0.067,-0.042
1774030714.985,COMPLETE,0.020,0.065,-0.037
1774030715.484,COMPLETE,0.024,0.060,-0.033
1774030715.984,COMPLETE,0.029,0.056,-0.030
1774030716.484,COMPLETE,0.034,0.052,-0.026
1774030716.985,COMPLETE,0.040,0.048,-0.019
1774030717.484,COMPLETE,0.046,0.042,-0.007
1774030717.984,COMPLETE,0.043,0.033,0.002
1774030718.484,COMPLETE,0.049,0.032,0.013
1774030718.985,COMPLETE,0.056,0.035,0.021
1774030719.484,COMPLETE,0.052,0.043,0.031
1774030719.984,COMPLETE,0.057,0.055,0.036
1774030720.484,COMPLETE,0.063,0.059,0.042
1774030720.984,COMPLETE,0.063,0.053,0.054
1774030721.484,COMPLETE,0.061,0.038,0.062
1774030721.984,COMPLETE,0.059,0.033,0.062
1774030722.484,COMPLETE,0.058,0.029,0.064
1774030722.985,COMPLETE,0.059,0.019,0.063
1774030723.484,COMPLETE,0.060,0.029,0.059
1774030723.984,COMPLETE,0.061,0.033,0.057
1774030724.484,COMPLETE,0.058,0.035,0.054
1774030724.985,COMPLETE,0.056,0.037,0.054
1774030725.484,COMPLETE,0.053,0.034,0.056
1774030725.984,COMPLETE,0.054,0.032,0.058
1774030726.484,COMPLETE,0.053,0.032,0.061
1774030726.985,COMPLETE,0.052,0.033,0.064
1774030727.484,COMPLETE,0.054,0.032,0.065
1774030727.984,COMPLETE,0.057,0.034,0.066
1774030728.484,COMPLETE,0.063,0.028,0.063
1774030728.985,COMPLETE,0.072,0.017,0.061
1774030729.484,COMPLETE,0.069,0.009,0.058
1774030729.984,COMPLETE,0.064,0.004,0.058
1774030730.484,COMPLETE,0.062,-0.004,0.056
1774030730.985,COMPLETE,0.059,-0.006,0.052
1774030731.484,COMPLETE,0.055,-0.003,0.046
1774030731.984,COMPLETE,0.050,-0.006,0.041
1774030732.484,COMPLETE,0.047,-0.012,0.041
1774030732.984,COMPLETE,0.050,-0.016,0.036
1774030733.484,COMPLETE,0.045,-0.016,0.035
1774030733.984,COMPLETE,0.039,-0.016,0.030
1774030734.484,COMPLETE,0.032,-0.014,0.030
1774030734.984,COMPLETE,0.024,-0.010,0.030
1774030735.484,COMPLETE,0.024,-0.003,0.030
1774030735.984,COMPLETE,0.028,-0.001,0.031
1774030736.484,COMPLETE,0.031,-0.001,0.029
1774030736.984,COMPLETE,0.029,0.001,0.027
1774030737.484,COMPLETE,0.023,-0.000,0.023
1774030737.984,COMPLETE,0.016,-0.003,0.026
1774030738.484,COMPLETE,0.016,-0.004,0.025
1774030738.985,COMPLETE,0.020,-0.006,0.024
1774030739.484,COMPLETE,0.024,-0.010,0.027
1774030739.984,COMPLETE,0.025,-0.009,0.025
1774030740.484,COMPLETE,0.028,-0.012,0.022
1774030740.985,COMPLETE,0.028,-0.017,0.022
1774030741.484,COMPLETE,0.026,-0.017,0.023
1774030741.984,COMPLETE,0.027,-0.018,0.025
1774030742.484,COMPLETE,0.026,-0.015,0.027
1774030742.985,COMPLETE,0.027,-0.014,0.028
1774030743.484,COMPLETE,0.029,-0.003,0.025
1774030743.984,COMPLETE,0.028,-0.001,0.025
1774030744.484,COMPLETE,0.028,-0.003,0.024
1774030744.985,COMPLETE,0.026,-0.006,0.017
1774030745.484,COMPLETE,0.030,-0.002,0.013
1774030745.984,COMPLETE,0.035,0.004,0.011
1774030746.484,COMPLETE,0.039,0.009,0.011
1774030746.984,COMPLETE,0.036,0.016,0.013
1774030747.484,COMPLETE,0.042,0.022,0.014
1774030747.984,COMPLETE,0.044,0.026,0.018
1774030748.484,COMPLETE,0.046,0.031,0.022
1774030748.984,COMPLETE,0.046,0.038,0.025
1774030749.484,COMPLETE,0.047,0.044,0.029
1774030749.984,COMPLETE,0.046,0.044,0.029
1774030750.484,COMPLETE,0.047,0.043,0.036
1774030750.984,COMPLETE,0.054,0.042,0.041
1774030751.484,COMPLETE,0.058,0.040,0.047
1774030751.984,COMPLETE,0.059,0.034,0.053
1774030752.484,COMPLETE,0.062,0.031,0.053
1774030752.984,COMPLETE,0.066,0.026,0.055
1774030753.484,COMPLETE,0.064,0.023,0.054
1774030753.984,COMPLETE,0.063,0.024,0.057
1774030754.484,COMPLETE,0.066,0.023,0.061
1774030754.985,COMPLETE,0.071,0.022,0.068
1774030755.484,COMPLETE,0.071,0.028,0.074
1774030755.984,COMPLETE,0.067,0.029,0.077
1774030756.484,COMPLETE,0.063,0.029,0.077
1774030756.984,COMPLETE,0.058,0.029,0.077
1774030757.484,COMPLETE,0.060,0.033,0.074
1774030757.984,COMPLETE,0.067,0.031,0.073
1774030758.484,COMPLETE,0.072,0.029,0.075
1774030758.985,COMPLETE,0.075,0.023,0.076
1774030759.484,COMPLETE,0.073,0.023,0.075
1774030759.984,COMPLETE,0.073,0.030,0.070
1774030760.484,COMPLETE,0.069,0.029,0.066
1774030760.984,COMPLETE,0.064,0.026,0.066
1774030761.484,COMPLETE,0.053,0.015,0.066
1774030761.984,COMPLETE,0.050,0.014,0.067
1774030762.484,COMPLETE,0.048,0.012,0.068
1774030762.984,COMPLETE,0.046,0.015,0.066
1774030763.484,COMPLETE,0.041,0.022,0.065
1774030763.984,COMPLETE,0.038,0.027,0.064
1774030764.484,COMPLETE,0.036,0.032,0.064
1774030764.984,COMPLETE,0.038,0.033,0.059
1774030765.484,COMPLETE,0.039,0.034,0.050
1774030765.984,COMPLETE,0.035,0.037,0.041
1774030766.484,COMPLETE,0.032,0.041,0.028
1774030766.984,COMPLETE,0.035,0.044,0.019
1774030767.484,COMPLETE,0.039,0.040,0.014
1774030767.984,COMPLETE,0.038,0.036,0.014
1774030768.484,COMPLETE,0.033,0.041,0.015
1774030768.984,COMPLETE,0.025,0.042,0.015
1774030769.485,COMPLETE,0.031,0.039,0.013
1774030769.984,COMPLETE,0.032,0.035,0.010
1774030770.484,COMPLETE,0.029,0.032,0.008
1774030770.984,COMPLETE,0.029,0.032,0.009
1774030771.484,COMPLETE,0.030,0.032,0.009
1774030771.984,COMPLETE,0.029,0.030,0.010
1774030772.484,COMPLETE,0.032,0.031,0.009
1774030772.984,COMPLETE,0.036,0.036,-0.002
1774030773.484,COMPLETE,0.034,0.031,-0.008
1774030773.984,COMPLETE,0.039,0.033,-0.013
1774030774.484,COMPLETE,0.044,0.031,-0.016
1774030774.984,COMPLETE,0.046,0.039,-0.017
1774030775.484,COMPLETE,0.047,0.038,-0.018
1774030775.984,COMPLETE,0.052,0.036,-0.020
1774030776.484,COMPLETE,0.048,0.038,-0.020
1774030776.984,COMPLETE,0.046,0.029,-0.021
1774030777.484,COMPLETE,0.048,0.021,-0.019
1774030777.984,COMPLETE,0.043,0.021,-0.018
1774030778.484,COMPLETE,0.042,0.023,-0.018
1774030778.984,COMPLETE,0.043,0.028,-0.019
1774030779.484,COMPLETE,0.044,0.030,-0.019
1774030779.984,COMPLETE,0.051,0.025,-0.017
1774030780.484,COMPLETE,0.057,0.027,-0.019
1774030780.984,COMPLETE,0.059,0.030,-0.017
1774030781.484,COMPLETE,0.063,0.028,-0.015
1774030781.984,COMPLETE,0.067,0.024,-0.008
1774030782.484,COMPLETE,0.066,0.023,0.001
1774030782.984,COMPLETE,0.066,0.023,0.003
1774030783.484,COMPLETE,0.061,0.014,0.002
1774030783.984,COMPLETE,0.053,0.016,0.004
1774030784.484,COMPLETE,0.044,0.025,0.005
1774030784.984,COMPLETE,0.035,0.032,0.004
1774030785.484,COMPLETE,0.032,0.032,0.008
1774030785.984,COMPLETE,0.034,0.028,0.011
1774030786.484,COMPLETE,0.038,0.026,0.012
1774030786.984,COMPLETE,0.041,0.018,0.016
1774030787.484,COMPLETE,0.046,0.016,0.015
1774030787.984,COMPLETE,0.041,0.016,0.014
1774030788.484,COMPLETE,0.041,0.017,0.010
1774030788.984,COMPLETE,0.043,0.017,0.006
1774030789.484,COMPLETE,0.044,0.021,0.005
1774030789.984,COMPLETE,0.045,0.017,0.005
1774030790.484,COMPLETE,0.047,0.014,0.005
1774030790.984,COMPLETE,0.050,0.013,0.004
1774030791.484,COMPLETE,0.053,0.019,0.002
1774030791.984,COMPLETE,0.052,0.021,-0.002
1774030792.484,COMPLETE,0.057,0.020,-0.007
1774030792.985,COMPLETE,0.065,0.016,-0.009
1774030793.484,COMPLETE,0.065,0.014,-0.009
1774030793.984,COMPLETE,0.064,0.016,-0.008
1774030794.484,COMPLETE,0.059,0.017,-0.011
1774030794.984,COMPLETE,0.049,0.016,-0.016
1774030795.484,COMPLETE,0.044,0.021,-0.020
1774030795.984,COMPLETE,0.043,0.025,-0.022
1774030796.484,COMPLETE,0.041,0.027,-0.023
1774030796.985,COMPLETE,0.039,0.027,-0.023
1774030797.484,COMPLETE,0.039,0.028,-0.023
1774030797.984,COMPLETE,0.038,0.026,-0.025
1774030798.484,COMPLETE,0.033,0.026,-0.023
1774030798.985,COMPLETE,0.027,0.023,-0.024
1774030799.484,COMPLETE,0.028,0.021,-0.024
1774030799.984,COMPLETE,0.025,0.018,-0.022
1774030800.484,COMPLETE,0.024,0.017,-0.021
1774030800.985,COMPLETE,0.031,0.013,-0.017
1774030801.484,COMPLETE,0.037,0.009,-0.016
1774030801.984,COMPLETE,0.038,0.011,-0.013
1774030802.484,COMPLETE,0.045,0.016,-0.009
1774030802.984,COMPLETE,0.053,0.016,-0.009
1774030803.484,COMPLETE,0.064,0.015,-0.012
1774030803.984,COMPLETE,0.064,0.018,-0.012
1774030804.484,COMPLETE,0.064,0.021,-0.012
1774030804.985,COMPLETE,0.064,0.023,-0.016
1774030805.484,COMPLETE,0.060,0.024,-0.018
1774030805.984,COMPLETE,0.060,0.024,-0.020
1774030806.484,COMPLETE,0.065,0.026,-0.019
1774030806.985,COMPLETE,0.072,0.029,-0.024
1774030807.484,COMPLETE,0.072,0.033,-0.028
1774030807.984,COMPLETE,0.067,0.030,-0.028
1774030808.484,COMPLETE,0.067,0.032,-0.027
1774030808.985,COMPLETE,0.065,0.036,-0.020
1774030809.484,COMPLETE,0.066,0.035,-0.014
1774030809.984,COMPLETE,0.070,0.035,-0.012
1774030810.484,COMPLETE,0.069,0.037,-0.008
1774030810.985,COMPLETE,0.065,0.041,-0.006
1774030811.484,COMPLETE,0.056,0.039,-0.001
1774030811.984,COMPLETE,0.045,0.038,0.002
1774030812.484,COMPLETE,0.044,0.044,0.004
1774030812.985,COMPLETE,0.046,0.052,0.005
1774030813.484,COMPLETE,0.046,0.059,0.006
1774030813.984,COMPLETE,0.048,0.058,0.008
1774030814.484,COMPLETE,0.049,0.060,0.009
1774030814.984,COMPLETE,0.050,0.068,0.012
1774030815.484,COMPLETE,0.051,0.069,0.017
1774030815.984,COMPLETE,0.045,0.062,0.019
1774030816.484,COMPLETE,0.043,0.061,0.020
1774030816.984,COMPLETE,0.043,0.066,0.021
1774030817.484,COMPLETE,0.046,0.065,0.015
1774030817.984,COMPLETE,0.046,0.060,0.010
1774030818.484,COMPLETE,0.050,0.062,0.004
1774030818.984,COMPLETE,0.051,0.066,-0.000
1774030819.484,COMPLETE,0.049,0.072,-0.002
1774030819.984,COMPLETE,0.049,0.070,-0.002
1774030820.484,COMPLETE,0.050,0.077,-0.002
1774030820.985,COMPLETE,0.050,0.082,-0.002
1774030821.484,COMPLETE,0.053,0.080,0.000
1774030821.984,COMPLETE,0.051,0.068,0.004
1774030822.484,COMPLETE,0.048,0.061,0.003
1774030822.984,COMPLETE,0.042,0.062,0.005
1774030823.484,COMPLETE,0.039,0.055,0.006
1774030823.984,COMPLETE,0.039,0.046,0.003
1774030824.484,COMPLETE,0.038,0.042,-0.000
1774030824.984,COMPLETE,0.036,0.042,0.001
1774030825.484,COMPLETE,0.032,0.041,0.006
1774030825.984,COMPLETE,0.024,0.040,0.003
1774030826.484,COMPLETE,0.021,0.036,-0.003
1774030826.984,COMPLETE,0.023,0.032,-0.007
1774030827.484,COMPLETE,0.021,0.028,-0.008
1774030827.984,COMPLETE,0.023,0.027,-0.013
1774030828.484,COMPLETE,0.022,0.027,-0.014
1774030828.984,COMPLETE,0.023,0.027,-0.013
1774030829.484,COMPLETE,0.022,0.031,-0.012
1774030829.984,COMPLETE,0.024,0.029,-0.014
1774030830.484,COMPLETE,0.030,0.023,-0.014
1774030830.984,COMPLETE,0.033,0.017,-0.014
1774030831.484,COMPLETE,0.037,0.017,-0.014
1774030831.984,COMPLETE,0.037,0.013,-0.011
1774030832.484,COMPLETE,0.037,0.007,-0.005
1774030832.985,COMPLETE,0.034,-0.004,-0.001
1774030833.484,COMPLETE,0.035,-0.010,-0.000
1774030833.984,COMPLETE,0.036,-0.011,-0.001
1774030834.484,COMPLETE,0.034,-0.010,-0.010
1774030834.984,COMPLETE,0.036,-0.010,-0.020
1774030835.484,COMPLETE,0.037,-0.017,-0.025
1774030835.984,COMPLETE,0.044,-0.017,-0.026
1774030836.484,COMPLETE,0.053,-0.013,-0.022
1774030836.985,COMPLETE,0.051,-0.012,-0.022
1774030837.484,COMPLETE,0.053,-0.009,-0.016
1774030837.984,COMPLETE,0.055,-0.006,-0.017
1774030838.484,COMPLETE,0.053,-0.008,-0.017
1774030838.985,COMPLETE,0.047,-0.008,-0.017
1774030839.484,COMPLETE,0.038,-0.007,-0.020
1774030839.984,COMPLETE,0.033,-0.000,-0.022
1774030840.484,COMPLETE,0.033,0.005,-0.021
1774030840.985,COMPLETE,0.035,0.008,-0.021
1774030841.484,COMPLETE,0.034,0.005,-0.028
1774030841.984,COMPLETE,0.035,-0.001,-0.035
1774030842.484,COMPLETE,0.037,-0.001,-0.038
1774030842.986,COMPLETE,0.038,-0.007,-0.038
1774030843.484,COMPLETE,0.045,-0.010,-0.032
1774030843.984,COMPLETE,0.050,-0.006,-0.030
1774030844.484,COMPLETE,0.046,-0.002,-0.031
1774030844.985,COMPLETE,0.047,-0.003,-0.035
1774030845.484,COMPLETE,0.047,-0.003,-0.037
1774030845.984,COMPLETE,0.048,0.000,-0.034
1774030846.484,COMPLETE,0.051,0.005,-0.033
1774030846.984,COMPLETE,0.053,0.009,-0.029
1774030847.484,COMPLETE,0.055,0.013,-0.028
1774030847.984,COMPLETE,0.049,0.012,-0.025
1774030848.484,COMPLETE,0.045,0.010,-0.021
1774030848.985,COMPLETE,0.043,0.012,-0.018
1774030849.484,COMPLETE,0.048,0.012,-0.017
1774030849.984,COMPLETE,0.048,0.015,-0.018
1774030850.484,COMPLETE,0.044,0.013,-0.019
1774030850.984,COMPLETE,0.048,0.007,-0.016
1774030851.484,COMPLETE,0.059,-0.003,-0.015
1774030851.984,COMPLETE,0.061,-0.003,-0.013
1774030852.484,COMPLETE,0.066,-0.000,-0.007
1774030852.984,COMPLETE,0.073,0.002,-0.002
1774030853.484,COMPLETE,0.076,0.003,0.003
1774030853.984,COMPLETE,0.076,0.006,0.009
1774030854.484,COMPLETE,0.078,0.011,0.014
1774030854.985,COMPLETE,0.079,0.008,0.016
1774030855.484,COMPLETE,0.086,0.006,0.017
1774030855.984,COMPLETE,0.087,0.006,0.017
1774030856.484,COMPLETE,0.083,0.012,0.016
1774030856.984,COMPLETE,0.084,0.011,0.019
1774030857.484,COMPLETE,0.082,0.005,0.022
1774030857.984,COMPLETE,0.082,0.004,0.028
1774030858.484,COMPLETE,0.075,0.005,0.028
1774030858.985,COMPLETE,0.069,0.006,0.029
1774030859.484,COMPLETE,0.069,0.007,0.027
1774030859.984,COMPLETE,0.066,0.009,0.028
1774030860.484,COMPLETE,0.061,0.012,0.030
1774030860.984,COMPLETE,0.058,0.016,0.036
1774030861.484,COMPLETE,0.058,0.020,0.040
1774030861.984,COMPLETE,0.052,0.022,0.043
1774030862.484,COMPLETE,0.040,0.028,0.045
1774030862.984,COMPLETE,0.037,0.033,0.044
1774030863.484,COMPLETE,0.032,0.041,0.046
1774030863.984,COMPLETE,0.030,0.049,0.042
1774030864.484,COMPLETE,0.028,0.052,0.040
1774030864.985,COMPLETE,0.024,0.051,0.038
1774030865.484,COMPLETE,0.019,0.046,0.032
1774030865.984,COMPLETE,0.020,0.046,0.031
1774030866.484,COMPLETE,0.021,0.051,0.030
1774030866.985,COMPLETE,0.022,0.049,0.027
1774030867.484,COMPLETE,0.020,0.045,0.024
1774030867.984,COMPLETE,0.023,0.044,0.023
1774030868.484,COMPLETE,0.022,0.051,0.021
1774030868.984,COMPLETE,0.023,0.053,0.014
1774030869.484,COMPLETE,0.014,0.055,0.006
1774030869.984,COMPLETE,0.015,0.053,-0.000
1774030870.484,COMPLETE,0.018,0.054,-0.005
1774030870.985,COMPLETE,0.019,0.060,-0.009
1774030871.484,COMPLETE,0.021,0.065,-0.004
1774030871.984,COMPLETE,0.025,0.065,-0.001
1774030872.484,COMPLETE,0.029,0.061,0.000
1774030872.985,COMPLETE,0.034,0.059,0.001
1774030873.484,COMPLETE,0.039,0.061,0.003
1774030873.984,COMPLETE,0.040,0.060,0.005
1774030874.484,COMPLETE,0.042,0.056,0.004
1774030874.984,COMPLETE,0.044,0.049,0.006
1774030875.484,COMPLETE,0.044,0.049,0.009
1774030875.984,COMPLETE,0.040,0.048,0.010
1774030876.484,COMPLETE,0.037,0.051,0.007
1774030876.984,COMPLETE,0.034,0.055,0.004
1774030877.484,COMPLETE,0.030,0.053,-0.003
1774030877.984,COMPLETE,0.027,0.049,-0.005
1774030878.484,COMPLETE,0.028,0.046,-0.006
1774030878.985,COMPLETE,0.029,0.047,-0.007
1774030879.484,COMPLETE,0.030,0.042,-0.010
1774030879.984,COMPLETE,0.029,0.039,-0.009
1774030880.484,COMPLETE,0.029,0.030,-0.013
1774030880.984,COMPLETE,0.032,0.025,-0.018
1774030881.484,COMPLETE,0.030,0.022,-0.022
1774030881.984,COMPLETE,0.035,0.014,-0.023
1774030882.484,COMPLETE,0.038,0.011,-0.025
1774030882.985,COMPLETE,0.041,0.012,-0.029
1774030883.484,COMPLETE,0.044,0.016,-0.031
1774030883.984,COMPLETE,0.047,0.015,-0.029
1774030884.484,COMPLETE,0.047,0.013,-0.028
1774030884.984,COMPLETE,0.047,0.004,-0.030
1774030885.484,COMPLETE,0.049,-0.001,-0.033
1774030885.984,COMPLETE,0.046,0.006,-0.032
1774030886.484,COMPLETE,0.048,0.015,-0.032
1774030886.984,COMPLETE,0.050,0.023,-0.031
1774030887.485,COMPLETE,0.052,0.030,-0.029
1774030887.984,COMPLETE,0.048,0.032,-0.027
1774030888.484,COMPLETE,0.049,0.035,-0.026
1774030888.984,COMPLETE,0.049,0.039,-0.028
1774030889.484,COMPLETE,0.050,0.036,-0.030
1774030889.984,COMPLETE,0.048,0.035,-0.031
1774030890.484,COMPLETE,0.047,0.033,-0.032
1774030890.984,COMPLETE,0.049,0.032,-0.034
1774030891.484,COMPLETE,0.047,0.034,-0.036
1774030891.984,COMPLETE,0.043,0.031,-0.041
1774030892.484,COMPLETE,0.036,0.023,-0.047
1774030892.985,COMPLETE,0.033,0.014,-0.052
1774030893.484,COMPLETE,0.035,0.007,-0.056
1774030893.984,COMPLETE,0.035,0.008,-0.058
1774030894.484,COMPLETE,0.034,0.011,-0.061
1774030894.984,COMPLETE,0.035,0.009,-0.063
1774030895.484,COMPLETE,0.036,0.003,-0.064
1774030895.984,COMPLETE,0.040,0.000,-0.064
1774030896.484,COMPLETE,0.043,0.002,-0.058
1774030896.984,COMPLETE,0.042,0.002,-0.054
1774030897.484,COMPLETE,0.039,0.001,-0.050
1774030897.984,COMPLETE,0.041,-0.000,-0.047
1774030898.484,COMPLETE,0.048,-0.001,-0.049
1774030898.985,COMPLETE,0.049,-0.000,-0.050
1774030899.484,COMPLETE,0.050,-0.003,-0.051
1774030899.984,COMPLETE,0.053,-0.003,-0.048
1774030900.484,COMPLETE,0.056,-0.000,-0.042
1774030900.984,COMPLETE,0.055,0.000,-0.037
1774030901.484,COMPLETE,0.055,0.009,-0.037
1774030901.984,COMPLETE,0.056,0.018,-0.039
1774030902.484,COMPLETE,0.057,0.025,-0.042
1774030902.984,COMPLETE,0.060,0.031,-0.043
1774030903.484,COMPLETE,0.064,0.042,-0.045
1774030903.984,COMPLETE,0.067,0.044,-0.048
1774030904.484,COMPLETE,0.069,0.046,-0.048
1774030904.986,COMPLETE,0.071,0.050,-0.049
1774030905.484,COMPLETE,0.079,0.059,-0.051
1774030905.984,COMPLETE,0.080,0.061,-0.052
1774030906.484,COMPLETE,0.078,0.063,-0.050
1774030906.985,COMPLETE,0.074,0.066,-0.049
1774030907.484,COMPLETE,0.071,0.073,-0.046
1774030907.984,COMPLETE,0.068,0.076,-0.046
1774030908.484,COMPLETE,0.074,0.078,-0.044
1774030908.984,COMPLETE,0.083,0.078,-0.043
1774030909.484,COMPLETE,0.087,0.080,-0.039
1774030909.984,COMPLETE,0.090,0.083,-0.037
1774030910.484,COMPLETE,0.096,0.077,-0.032
1774030910.985,COMPLETE,0.097,0.075,-0.024
1774030911.484,COMPLETE,0.099,0.076,-0.015
1774030911.984,COMPLETE,0.099,0.073,-0.011
1774030912.484,COMPLETE,0.098,0.066,-0.009
1774030912.984,COMPLETE,0.102,0.064,-0.006
1774030913.484,COMPLETE,0.106,0.061,-0.001
1774030913.984,COMPLETE,0.106,0.059,0.005
1774030914.484,COMPLETE,0.099,0.056,0.010
1774030914.984,COMPLETE,0.098,0.050,0.014
1774030915.484,COMPLETE,0.099,0.048,0.021
1774030915.984,COMPLETE,0.098,0.044,0.028
1774030916.484,COMPLETE,0.096,0.040,0.031
1774030916.985,COMPLETE,0.096,0.032,0.035
1774030917.484,COMPLETE,0.089,0.025,0.039
1774030917.984,COMPLETE,0.086,0.017,0.043
1774030918.484,COMPLETE,0.088,0.012,0.043
1774030918.985,COMPLETE,0.090,0.006,0.043
1774030919.484,COMPLETE,0.091,-0.002,0.042
1774030919.984,COMPLETE,0.089,-0.001,0.046
1774030920.484,COMPLETE,0.087,0.003,0.042
1774030920.985,COMPLETE,0.083,0.007,0.037
1774030921.484,COMPLETE,0.073,0.007,0.034
1774030921.984,COMPLETE,0.067,0.004,0.032
1774030922.484,COMPLETE,0.063,0.006,0.032
1774030922.985,COMPLETE,0.057,0.005,0.032
1774030923.484,COMPLETE,0.052,0.001,0.031
1774030923.984,COMPLETE,0.048,-0.014,0.027
1774030924.484,COMPLETE,0.045,-0.013,0.022
1774030924.985,COMPLETE,0.045,-0.019,0.017
1774030925.484,COMPLETE,0.048,-0.026,0.011
1774030925.984,COMPLETE,0.047,-0.027,0.001
1774030926.484,COMPLETE,0.046,-0.023,-0.004
1774030926.985,COMPLETE,0.052,-0.020,-0.008
1774030927.484,COMPLETE,0.052,-0.020,-0.011
1774030927.984,COMPLETE,0.049,-0.020,-0.016
1774030928.484,COMPLETE,0.049,-0.013,-0.020
1774030928.984,COMPLETE,0.051,-0.009,-0.023
1774030929.484,COMPLETE,0.053,-0.015,-0.024
1774030929.984,COMPLETE,0.056,-0.021,-0.028
1774030930.484,COMPLETE,0.054,-0.021,-0.032
1774030930.985,COMPLETE,0.058,-0.017,-0.039
1774030931.484,COMPLETE,0.061,-0.015,-0.045
1774030931.984,COMPLETE,0.062,-0.007,-0.048
1774030932.484,COMPLETE,0.063,-0.008,-0.051
1774030932.984,COMPLETE,0.065,-0.011,-0.047
1774030933.484,COMPLETE,0.067,-0.020,-0.041
1774030933.984,COMPLETE,0.065,-0.029,-0.038
1774030934.484,COMPLETE,0.064,-0.027,-0.032
1774030934.985,COMPLETE,0.064,-0.023,-0.027
1774030935.484,COMPLETE,0.063,-0.023,-0.023
1774030935.984,COMPLETE,0.061,-0.021,-0.021
1774030936.484,COMPLETE,0.059,-0.017,-0.018
1774030936.984,COMPLETE,0.059,-0.015,-0.014
1774030937.484,COMPLETE,0.060,-0.013,-0.009
1774030937.984,COMPLETE,0.062,-0.009,-0.005
1774030938.484,COMPLETE,0.069,-0.005,-0.003
1774030938.985,COMPLETE,0.071,-0.004,0.001
1774030939.484,COMPLETE,0.069,-0.008,0.005
1774030939.984,COMPLETE,0.063,-0.003,0.009
1774030940.484,COMPLETE,0.062,0.010,0.012
1774030940.985,COMPLETE,0.063,0.017,0.014
1774030941.485,COMPLETE,0.054,0.021,0.019
1774030941.984,COMPLETE,0.041,0.033,0.021
1774030942.484,COMPLETE,0.038,0.037,0.021
1774030942.984,COMPLETE,0.036,0.039,0.017
1774030943.484,COMPLETE,0.039,0.035,0.019
1774030943.984,COMPLETE,0.043,0.028,0.021
1774030944.484,COMPLETE,0.045,0.025,0.021
1774030944.985,COMPLETE,0.044,0.020,0.014
1774030945.484,COMPLETE,0.042,0.015,0.008
1774030945.984,COMPLETE,0.047,0.007,0.003
1774030946.484,COMPLETE,0.043,0.005,-0.001
1774030946.984,COMPLETE,0.040,-0.002,-0.005
1774030947.484,COMPLETE,0.036,-0.006,-0.009
1774030947.984,COMPLETE,0.037,-0.015,-0.014
1774030948.484,COMPLETE,0.040,-0.007,-0.017
1774030948.985,COMPLETE,0.039,0.003,-0.015
1774030949.484,COMPLETE,0.040,0.007,-0.009
1774030949.984,COMPLETE,0.034,0.013,-0.007
1774030950.484,COMPLETE,0.035,0.016,-0.006
1774030950.984,COMPLETE,0.041,0.017,-0.005
1774030951.484,COMPLETE,0.048,0.017,-0.000
1774030951.984,COMPLETE,0.063,0.016,0.003
1774030952.484,COMPLETE,0.071,0.011,0.004
1774030952.985,COMPLETE,0.078,0.014,0.003
1774030953.484,COMPLETE,0.084,0.014,-0.000
1774030953.984,COMPLETE,0.090,0.014,-0.002
1774030954.484,COMPLETE,0.088,0.016,-0.004
1774030954.984,COMPLETE,0.089,0.016,-0.008
1774030955.484,COMPLETE,0.093,0.016,-0.010
1774030955.984,COMPLETE,0.098,0.013,-0.010
1774030956.484,COMPLETE,0.094,0.013,-0.008
1774030956.984,COMPLETE,0.089,0.009,-0.012
1774030957.484,COMPLETE,0.086,0.009,-0.015
1774030957.984,COMPLETE,0.083,0.009,-0.019
1774030958.484,COMPLETE,0.074,0.021,-0.020
1774030958.984,COMPLETE,0.067,0.027,-0.023
1774030959.484,COMPLETE,0.070,0.033,-0.027
1774030959.984,COMPLETE,0.073,0.033,-0.031
1774030960.484,COMPLETE,0.078,0.029,-0.032
1774030960.984,COMPLETE,0.073,0.024,-0.036
1774030961.484,COMPLETE,0.071,0.017,-0.045
1774030961.984,COMPLETE,0.071,0.010,-0.053
1774030962.484,COMPLETE,0.074,0.009,-0.054
1774030962.984,COMPLETE,0.070,0.010,-0.059
1774030963.484,COMPLETE,0.064,0.012,-0.066
1774030963.984,COMPLETE,0.068,0.017,-0.070
1774030964.484,COMPLETE,0.064,0.022,-0.071
1774030964.984,COMPLETE,0.057,0.028,-0.070
1774030965.484,COMPLETE,0.052,0.041,-0.062
1774030965.984,COMPLETE,0.050,0.050,-0.056
1774030966.484,COMPLETE,0.048,0.046,-0.045
1774030966.984,COMPLETE,0.050,0.043,-0.039
1774030967.484,COMPLETE,0.053,0.046,-0.036
1774030967.984,COMPLETE,0.058,0.050,-0.031
1774030968.484,COMPLETE,0.058,0.049,-0.024
1774030968.984,COMPLETE,0.055,0.050,-0.020
1774030969.484,COMPLETE,0.055,0.052,-0.017
1774030969.984,COMPLETE,0.054,0.054,-0.012
1774030970.484,COMPLETE,0.058,0.051,-0.008
1774030970.984,COMPLETE,0.055,0.053,-0.007
1774030971.484,COMPLETE,0.048,0.056,-0.004
1774030971.984,COMPLETE,0.037,0.059,0.004
1774030972.484,COMPLETE,0.039,0.065,0.008
1774030972.984,COMPLETE,0.036,0.064,0.011
1774030973.484,COMPLETE,0.032,0.058,0.009
1774030973.984,COMPLETE,0.029,0.055,0.007
1774030974.484,COMPLETE,0.034,0.051,0.001
1774030974.985,COMPLETE,0.037,0.047,0.000
1774030975.484,COMPLETE,0.039,0.044,0.001
1774030975.984,COMPLETE,0.039,0.036,-0.003
1774030976.484,COMPLETE,0.039,0.030,-0.005
1774030976.984,COMPLETE,0.044,0.027,-0.010
1774030977.484,COMPLETE,0.040,0.027,-0.015
1774030977.984,COMPLETE,0.034,0.027,-0.020
1774030978.484,COMPLETE,0.038,0.019,-0.017
1774030978.985,COMPLETE,0.046,0.020,-0.012
1774030979.484,COMPLETE,0.051,0.021,-0.012
1774030979.984,COMPLETE,0.053,0.016,-0.015
1774030980.484,COMPLETE,0.055,0.013,-0.012
1774030980.984,COMPLETE,0.059,0.014,-0.008
1774030981.484,COMPLETE,0.058,0.013,-0.009
1774030981.984,COMPLETE,0.058,0.011,-0.010
1774030982.484,COMPLETE,0.058,0.005,-0.011
1774030982.985,COMPLETE,0.055,0.001,-0.011
1774030983.484,COMPLETE,0.053,-0.000,-0.013
1774030983.984,COMPLETE,0.052,-0.000,-0.014
1774030984.484,COMPLETE,0.050,-0.003,-0.012
1774030984.984,COMPLETE,0.043,-0.007,-0.013
1774030985.484,COMPLETE,0.043,-0.011,-0.014
1774030985.984,COMPLETE,0.043,-0.015,-0.015
1774030986.484,COMPLETE,0.044,-0.015,-0.015
1774030986.984,COMPLETE,0.043,-0.016,-0.014
1774030987.484,COMPLETE,0.041,-0.016,-0.012
1774030987.984,COMPLETE,0.037,-0.023,-0.014
1774030988.484,COMPLETE,0.040,-0.024,-0.017
1774030988.985,COMPLETE,0.044,-0.027,-0.019
1774030989.484,COMPLETE,0.046,-0.025,-0.021
1774030989.984,COMPLETE,0.051,-0.024,-0.022
1774030990.484,COMPLETE,0.053,-0.018,-0.019
1774030990.984,COMPLETE,0.057,-0.007,-0.013
1774030991.484,COMPLETE,0.061,0.000,-0.002
1774030991.984,COMPLETE,0.064,0.004,0.003
1774030992.484,COMPLETE,0.063,0.009,0.011
1774030992.984,COMPLETE,0.058,0.012,0.017
1774030993.484,COMPLETE,0.050,0.015,0.022
1774030993.984,COMPLETE,0.048,0.014,0.027
1774030994.484,COMPLETE,0.047,0.007,0.029
1774030994.984,COMPLETE,0.046,0.009,0.030
1774030995.484,COMPLETE,0.045,0.015,0.034
1774030995.984,COMPLETE,0.046,0.012,0.041
1774030996.484,COMPLETE,0.050,0.010,0.044
1774030996.984,COMPLETE,0.055,0.014,0.048
1774030997.484,COMPLETE,0.060,0.016,0.050
1774030997.984,COMPLETE,0.066,0.015,0.053
1774030998.484,COMPLETE,0.070,0.013,0.056
1774030998.984,COMPLETE,0.068,0.013,0.055
1774030999.484,COMPLETE,0.067,0.015,0.054
1774030999.984,COMPLETE,0.066,0.012,0.052
1774031000.484,COMPLETE,0.065,0.013,0.050
1774031000.985,COMPLETE,0.062,0.015,0.049
1774031001.484,COMPLETE,0.059,0.016,0.049
1774031001.984,COMPLETE,0.056,0.015,0.046
1774031002.484,COMPLETE,0.063,0.015,0.042
1774031002.984,COMPLETE,0.066,0.012,0.039
1774031003.484,COMPLETE,0.063,0.012,0.035
1774031003.984,COMPLETE,0.062,0.012,0.029
1774031004.484,COMPLETE,0.049,0.006,0.019
1774031004.985,COMPLETE,0.049,0.008,0.011
1774031005.484,COMPLETE,0.051,0.006,0.006
1774031005.984,COMPLETE,0.056,0.006,0.002
1774031006.484,COMPLETE,0.057,0.014,-0.001
1774031006.984,COMPLETE,0.058,0.018,-0.001
1774031007.484,COMPLETE,0.050,0.027,-0.002
1774031007.984,COMPLETE,0.046,0.034,-0.002
1774031008.484,COMPLETE,0.045,0.038,-0.004
1774031008.984,COMPLETE,0.042,0.036,-0.006
1774031009.484,COMPLETE,0.036,0.041,-0.004
1774031009.984,COMPLETE,0.032,0.043,-0.004
1774031010.484,COMPLETE,0.033,0.037,-0.004
1774031010.985,COMPLETE,0.034,0.037,-0.007
1774031011.484,COMPLETE,0.031,0.038,-0.008
1774031011.984,COMPLETE,0.033,0.040,-0.009
1774031012.484,COMPLETE,0.043,0.037,-0.012
1774031012.985,COMPLETE,0.042,0.029,-0.014
1774031013.484,COMPLETE,0.041,0.024,-0.015
1774031013.984,COMPLETE,0.037,0.023,-0.019
1774031014.484,COMPLETE,0.034,0.029,-0.027
1774031014.985,COMPLETE,0.032,0.036,-0.030
1774031015.484,COMPLETE,0.027,0.034,-0.032
1774031015.984,COMPLETE,0.029,0.027,-0.035
1774031016.484,COMPLETE,0.032,0.020,-0.032
1774031016.984,COMPLETE,0.040,0.021,-0.028
1774031017.484,COMPLETE,0.045,0.022,-0.029
1774031017.984,COMPLETE,0.050,0.020,-0.032
1774031018.484,COMPLETE,0.049,0.016,-0.033
1774031018.985,COMPLETE,0.045,0.018,-0.028
1774031019.484,COMPLETE,0.047,0.019,-0.023
1774031019.984,COMPLETE,0.045,0.020,-0.019
1774031020.484,COMPLETE,0.040,0.017,-0.013
1774031020.985,COMPLETE,0.036,0.017,-0.008
1774031021.484,COMPLETE,0.045,0.020,-0.002
1774031021.984,COMPLETE,0.046,0.024,0.005
1774031022.484,COMPLETE,0.043,0.028,0.012
1774031022.984,COMPLETE,0.037,0.032,0.017
1774031023.484,COMPLETE,0.034,0.031,0.024
1774031023.984,COMPLETE,0.033,0.031,0.032
1774031024.484,COMPLETE,0.022,0.031,0.035
1774031024.984,COMPLETE,0.020,0.033,0.034
1774031025.484,COMPLETE,0.020,0.037,0.033
1774031025.984,COMPLETE,0.023,0.040,0.029
1774031026.484,COMPLETE,0.027,0.040,0.026
1774031026.984,COMPLETE,0.039,0.039,0.024
1774031027.484,COMPLETE,0.042,0.037,0.026
1774031027.984,COMPLETE,0.043,0.035,0.026
1774031028.484,COMPLETE,0.043,0.032,0.022
