t_unix,x,y,z,risk
1773591740.246506,0.008106868714094162,-0.005998170003294945,0.007965087890625,1.0
1773591740.746541,0.01033362839370966,-0.0002943631261587143,0.001922607421875,1.0
1773591741.2465942,0.01078727375715971,0.0022110790014266968,-0.000396728515625,1.0
1773591741.7461922,0.013272173702716827,0.00942611787468195,0.0013427734375,1.0
1773591742.246188,0.012926358729600906,0.013671375811100006,0.00347900390625,1.0
1773591742.746972,0.01431576069444418,0.020375950261950493,0.003570556640625,1.0
1773591743.2461793,0.0024458353873342276,0.022924991324543953,0.00482177734375,1.0
1773591743.746187,0.0013236337108537555,0.02262185513973236,0.0052490234375,1.0
1773591744.2462277,0.008129152469336987,0.018628180027008057,0.00128173828125,1.0
1773591744.746608,0.010931944474577904,0.01910261996090412,-0.004425048828125,1.0
1773591745.246189,0.011778689920902252,0.014307066798210144,-0.0086669921875,1.0
1773591745.7462862,0.007194394711405039,0.006907707080245018,-0.012481689453125,1.0
1773591746.2463658,0.0008014572667889297,0.0035995098296552896,-0.0205078125,1.0
1773591746.7466578,-0.001001540687866509,0.002269705291837454,-0.0240478515625,1.0
1773591747.2462914,-0.004540904425084591,0.005650217644870281,-0.024810791015625,1.0
1773591747.746257,-0.004261264577507973,0.0065012602135539055,-0.02508544921875,1.0
1773591748.2462597,-0.007570605259388685,0.012862189672887325,-0.02777099609375,1.0
1773591748.746749,-0.006275631487369537,0.010297901928424835,-0.0267333984375,1.0
1773591749.246232,-0.006805595476180315,0.00415810476988554,-0.021270751953125,1.0
1773591749.7464583,-0.009029647335410118,-0.002616400131955743,-0.018768310546875,1.0
1773591750.2463331,-0.006016017869114876,-0.005066282115876675,-0.017547607421875,1.0
1773591750.7464247,-0.0026225419715046883,-0.007298680953681469,-0.012451171875,1.0
1773591751.2462204,-0.0003543603525031358,-0.01011553406715393,-0.009002685546875,1.0
1773591751.7465696,0.0019290709169581532,-0.01778719201683998,-0.005950927734375,1.0
1773591752.2462733,0.008053361438214779,-0.017805807292461395,-0.004547119140625,1.0
1773591752.7465281,0.009317793883383274,-0.01584651879966259,-0.006866455078125,1.0
1773591753.2462676,0.006811195984482765,-0.01710745319724083,-0.00701904296875,1.0
1773591753.74625,0.003380119102075696,-0.018474021926522255,-0.00537109375,1.0
1773591754.246234,-0.0018448723712936044,-0.013119429349899292,-0.00146484375,1.0
1773591754.7466547,-0.010625045746564865,-0.010092698037624359,0.00079345703125,1.0
1773591755.2462962,-0.016257958486676216,-0.012557103298604488,0.00286865234375,1.0
1773591755.7463014,-0.02645276114344597,-0.017548348754644394,0.006591796875,1.0
1773591756.2462387,-0.03032701462507248,-0.01929617114365101,0.012359619140625,1.0
1773591756.7465792,-0.028849385678768158,-0.023979725316166878,0.01617431640625,1.0
1773591757.2464283,-0.027072304859757423,-0.02766062691807747,0.02105712890625,1.0
1773591757.7462714,-0.02638726681470871,-0.02545766718685627,0.026641845703125,1.0
1773591758.2468991,-0.028237847611308098,-0.023087361827492714,0.03424072265625,1.0
1773591758.7466564,-0.031377870589494705,-0.0207151398062706,0.038543701171875,1.0
1773591759.246286,-0.033709216862916946,-0.019384991377592087,0.04302978515625,1.0
1773591759.7462463,-0.03413455933332443,-0.02150208130478859,0.04510498046875,1.0
1773591760.246395,-0.033601064234972,-0.023546503856778145,0.049407958984375,1.0
1773591760.7466772,-0.03377890586853027,-0.021443352103233337,0.048858642578125,1.0
1773591761.2463245,-0.028979364782571793,-0.02424567937850952,0.048095703125,1.0
1773591761.746196,-0.023579757660627365,-0.02601950615644455,0.0504150390625,1.0
1773591762.246203,-0.01580142416059971,-0.02534286119043827,0.05291748046875,1.0
1773591762.746427,-0.005821531172841787,-0.020973140373826027,0.055633544921875,1.0
1773591763.2463815,-0.002441116375848651,-0.01803341507911682,0.057830810546875,1.0
1773591763.7462265,0.004069478716701269,-0.02045970782637596,0.06097412109375,1.0
1773591764.2462385,0.006264050491154194,-0.02406848967075348,0.065093994140625,1.0
1773591764.746619,0.008776305243372917,-0.01879647560417652,0.064971923828125,1.0
1773591765.2462926,0.011212343350052834,-0.01879376731812954,0.064910888671875,1.0
1773591765.7462156,0.014970638789236546,-0.02023720182478428,0.068817138671875,1.0
1773591766.2462466,0.017950130626559258,-0.014695403166115284,0.07208251953125,1.0
1773591766.7471097,0.015044634230434895,-0.01756943389773369,0.07568359375,1.0
1773591767.246345,0.013637916184961796,-0.023841194808483124,0.075103759765625,1.0
1773591767.746425,0.018719464540481567,-0.023850249126553535,0.07318115234375,1.0
1773591768.2464259,0.01922052726149559,-0.019382048398256302,0.068115234375,1.0
1773591768.7473867,0.017116215080022812,-0.017565477639436722,0.059356689453125,1.0
1773591769.2465415,0.01191256009042263,-0.017023136839270592,0.050872802734375,1.0
1773591769.7462773,0.008386967703700066,-0.011854205280542374,0.04608154296875,1.0
1773591770.2463171,0.011798539198935032,-0.007676044944673777,0.046417236328125,1.0
1773591770.746503,0.015646889805793762,-0.008100641891360283,0.047637939453125,1.0
1773591771.2463148,0.020499588921666145,-0.00864658784121275,0.0487060546875,1.0
1773591771.7463005,0.021031824871897697,-0.006063437554985285,0.05059814453125,1.0
1773591772.246351,0.02114328369498253,-0.007234884891659021,0.0479736328125,1.0
1773591772.7464614,0.024739671498537064,-0.00220811297185719,0.045196533203125,1.0
1773591773.2462273,0.02725781686604023,0.002450888277962804,0.044464111328125,1.0
1773591773.7462778,0.027990620583295822,0.008114462718367577,0.039215087890625,1.0
1773591774.2462738,0.028682874515652657,0.018176238983869553,0.031097412109375,1.0
1773591774.7473125,0.03247622773051262,0.010210160166025162,0.027069091796875,1.0
1773591775.246425,0.03236072137951851,0.01106278970837593,0.02447509765625,1.0
1773591775.74632,0.033429473638534546,0.01298278197646141,0.02020263671875,1.0
1773591776.2462254,0.03281094878911972,0.012283493764698505,0.013824462890625,1.0
1773591776.7467096,0.032129816710948944,0.015529748052358627,0.009796142578125,1.0
1773591777.2462587,0.02209288626909256,0.011325955390930176,0.005096435546875,1.0
1773591777.7462947,0.017924141138792038,0.009596026502549648,0.004364013671875,1.0
1773591778.2462866,0.015125581063330173,0.010317848064005375,0.003448486328125,1.0
1773591778.7464628,0.015458243899047375,0.011630506254732609,0.00439453125,1.0
1773591779.2463105,0.011414442211389542,0.011656724847853184,0.007110595703125,1.0
1773591779.746219,0.008204247802495956,0.012472901493310928,0.00628662109375,1.0
1773591780.2463508,0.005793308839201927,0.011825677007436752,0.0037841796875,1.0
1773591780.747133,0.005427045281976461,0.010388754308223724,0.002838134765625,1.0
1773591781.2462616,0.0045017157681286335,0.00869264267385006,0.002410888671875,1.0
1773591781.746226,0.0010477101895958185,0.0062944479286670685,0.001129150390625,1.0
1773591782.2463312,-0.0020730625838041306,0.009506858885288239,0.002960205078125,1.0
1773591782.747042,-0.007783215027302504,0.013725361786782742,0.0040283203125,1.0
1773591783.2464335,-0.009632818400859833,0.011787707917392254,0.002410888671875,1.0
1773591783.7463331,-0.008915410377085209,0.011446048505604267,0.003265380859375,1.0
1773591784.2463317,-0.0022791249211877584,0.01609407179057598,0.004608154296875,1.0
1773591784.7466686,0.0014313787687569857,0.02230934612452984,0.009033203125,1.0
1773591785.2463546,0.002717878669500351,0.026650872081518173,0.01019287109375,1.0
1773591785.7462585,0.00246298685669899,0.030851522460579872,0.01025390625,1.0
1773591786.2462697,0.005757649429142475,0.02917739935219288,0.010009765625,1.0
1773591786.747059,0.012169118039309978,0.03608370199799538,0.007415771484375,1.0
1773591787.2462454,0.017772668972611427,0.041283346712589264,0.0067138671875,1.0
1773591787.7462244,0.020025381818413734,0.03936052694916725,0.007354736328125,1.0
1773591788.2462616,0.01828906312584877,0.04123769327998161,0.00439453125,1.0
1773591788.7465184,0.013956294395029545,0.046490058302879333,0.00408935546875,1.0
1773591789.2463102,0.011181301437318325,0.046380504965782166,0.00341796875,1.0
1773591789.746215,0.008809777908027172,0.04521728307008743,0.005340576171875,1.0
1773591790.2462845,0.005913926288485527,0.04302847012877464,0.007568359375,1.0
1773591790.7474365,-0.006499222945421934,0.040866509079933167,0.009765625,1.0
1773591791.2462752,-0.015757231041789055,0.04050159826874733,0.00836181640625,1.0
1773591791.746219,-0.02186521701514721,0.03519229590892792,0.0068359375,1.0
1773591792.246188,-0.02803114615380764,0.029582902789115906,0.0079345703125,1.0
1773591792.7484365,-0.02786330133676529,0.027841974049806595,0.00592041015625,1.0
1773591793.2462463,-0.02296520583331585,0.019993947818875313,0.00439453125,1.0
1773591793.7461703,-0.01827048882842064,0.016553303226828575,0.005218505859375,1.0
1773591794.2465742,-0.017659643664956093,0.016238471493124962,0.00360107421875,1.0
1773591794.746654,-0.01919420063495636,0.009812754578888416,0.001556396484375,1.0
1773591795.2468839,-0.020584283396601677,0.0066213421523571014,-0.00018310546875,1.0
1773591795.7463214,-0.017115721479058266,0.00696210702881217,-0.00701904296875,1.0
1773591796.2464497,-0.01758124865591526,0.007254291325807571,-0.0108642578125,1.0
1773591796.7469475,-0.015924863517284393,0.008733543567359447,-0.010711669921875,1.0
1773591797.2463646,-0.018209557980298996,0.002138911746442318,-0.009552001953125,1.0
1773591797.7462583,-0.01734781637787819,-0.0005914759240113199,-0.009918212890625,1.0
1773591798.246266,-0.017114710062742233,-0.002962659113109112,-0.010986328125,1.0
1773591798.747054,-0.010757813230156898,-0.0062174866907298565,-0.0098876953125,1.0
1773591799.2465408,-0.012788851745426655,-0.011555184610188007,-0.010894775390625,1.0
1773591799.746277,-0.009499371983110905,-0.012274776585400105,-0.016693115234375,1.0
1773591800.246254,-0.009058402851223946,-0.014716074801981449,-0.0238037109375,1.0
1773591800.7473748,-0.007624779362231493,-0.01189374178647995,-0.026885986328125,1.0
1773591801.2462876,-0.00019908453396055847,-0.01412721537053585,-0.030975341796875,1.0
1773591801.746327,0.004018452484160662,-0.020122021436691284,-0.033935546875,1.0
1773591802.2462554,0.004997746553272009,-0.01982114091515541,-0.034576416015625,1.0
1773591802.7466016,0.0066158343106508255,-0.020453639328479767,-0.0338134765625,1.0
1773591803.2462807,0.004610159900039434,-0.019642801955342293,-0.027313232421875,1.0
1773591803.7462661,0.007617740426212549,-0.015706930309534073,-0.02001953125,1.0
1773591804.2463453,0.006183414254337549,-0.007243433967232704,-0.018798828125,1.0
1773591804.7465587,0.0077208466827869415,-0.005646858364343643,-0.015167236328125,1.0
1773591805.2462616,0.003248589811846614,-0.006881243083626032,-0.0125732421875,1.0
1773591805.7463157,0.007028590422123671,-0.002128364285454154,-0.01318359375,1.0
1773591806.2464345,0.0015629949048161507,0.003936793189495802,-0.011505126953125,1.0
1773591806.7466874,-0.005322995129972696,0.015390938147902489,-0.002838134765625,1.0
1773591807.2463546,-0.004296429920941591,0.01914762333035469,0.003997802734375,1.0
1773591807.7462535,0.0037004309706389904,0.0253125187009573,0.011383056640625,1.0
1773591808.2462802,0.009921707212924957,0.028732500970363617,0.01580810546875,1.0
1773591808.7464159,0.00925611425191164,0.02735741250216961,0.01568603515625,1.0
1773591809.2462945,0.009256957098841667,0.02062695473432541,0.0152587890625,1.0
1773591809.7462182,0.009132279083132744,0.021991511806845665,0.015167236328125,1.0
1773591810.2462866,0.015555405989289284,0.02126079425215721,0.017333984375,1.0
1773591810.7464993,0.01604585535824299,0.019636450335383415,0.014312744140625,1.0
1773591811.2462697,0.020944757387042046,0.02284134551882744,0.013092041015625,1.0
1773591811.746218,0.02236662246286869,0.03118637017905712,0.0093994140625,1.0
1773591812.2463171,0.011282175779342651,0.03699391707777977,0.00469970703125,1.0
1773591812.7466333,0.011285139247775078,0.042531780898571014,0.001983642578125,1.0
1773591813.2463439,0.01571025140583515,0.0403067022562027,-0.00262451171875,1.0
1773591813.746206,0.020093487575650215,0.03801051899790764,-0.00604248046875,1.0
1773591814.246256,0.023372936993837357,0.03284243121743202,-0.008056640625,1.0
1773591814.7464774,0.02800191380083561,0.02691001445055008,-0.0086669921875,1.0
1773591815.2462344,0.03210839629173279,0.024112975224852562,-0.009368896484375,1.0
1773591815.746172,0.03227373585104942,0.013739937916398048,-0.013458251953125,1.0
1773591816.2462218,0.03420271724462509,0.00440688943490386,-0.01318359375,1.0
1773591816.746641,0.028105245903134346,-0.007630408741533756,-0.011016845703125,1.0
1773591817.24635,0.02327989973127842,-0.01589268445968628,-0.011260986328125,1.0
1773591817.7462077,0.020834725350141525,-0.022938577458262444,-0.0093994140625,1.0
1773591818.2461817,0.01888452097773552,-0.024475663900375366,-0.00537109375,1.0
1773591818.7472553,0.016125189140439034,-0.023554004728794098,-0.00408935546875,1.0
1773591819.2463207,0.012634736485779285,-0.024081958457827568,-0.004486083984375,1.0
1773591819.746182,-0.0017691563116386533,-0.026722993701696396,-0.004974365234375,1.0
1773591820.2461867,-0.013327532447874546,-0.02807142585515976,-0.007904052734375,1.0
1773591820.7464483,-0.023704681545495987,-0.029808348044753075,-0.0108642578125,1.0
1773591821.246283,-0.029317641630768776,-0.030501650646328926,-0.012847900390625,1.0
1773591821.7462902,-0.023096388205885887,-0.0267953984439373,0.00445556640625,1.0
1773591822.246754,0.05056069418787956,0.017322996631264687,0.155426025390625,1.0
1773591822.7463973,0.15558291971683502,0.08229806274175644,0.433990478515625,1.0
1773591823.2462628,0.23317599296569824,0.11678716540336609,0.749542236328125,1.0
1773591823.7462666,0.24757568538188934,0.11180276423692703,1.07537841796875,1.0
1773591824.2466538,0.21572014689445496,0.09073653817176819,1.400177001953125,1.0
1773591824.7464895,0.1532427966594696,0.0629454031586647,1.693511962890625,1.0
1773591825.2462764,0.08770297467708588,0.027430301532149315,1.9163818359375,1.0
1773591825.7464778,0.03907686099410057,-0.005444008857011795,2.00616455078125,1.0
1773591826.24693,0.0026967318262904882,-0.03912562504410744,2.110076904296875,1.0
1773591826.7462552,-0.011494630016386509,-0.05675867199897766,2.19720458984375,1.0
1773591827.2462628,-0.009928137995302677,-0.0596158429980278,2.2646484375,1.0
1773591827.746276,-0.005762855522334576,-0.057833824306726456,2.31451416015625,1.0
1773591828.2467296,-0.0040906635113060474,-0.05707382783293724,2.355255126953125,1.0
1773591828.7462583,-0.003639846807345748,-0.05817350745201111,2.389129638671875,1.0
1773591829.246277,-0.0047736866399645805,-0.058918632566928864,2.4149169921875,1.0
1773591829.7462482,0.00023582152789458632,-0.06472190469503403,2.42999267578125,1.0
1773591830.2464342,0.010395459830760956,-0.07361632585525513,2.442779541015625,1.0
1773591830.7463048,0.022552717477083206,-0.08225905895233154,2.45458984375,1.0
1773591831.2462595,0.024843385443091393,-0.07949873805046082,2.462554931640625,1.0
1773591831.7462757,0.03199232369661331,-0.07667064666748047,2.469268798828125,1.0
1773591832.2465818,0.035774149000644684,-0.07581842690706253,2.473236083984375,1.0
1773591832.7462707,0.040652595460414886,-0.08361496031284332,2.478790283203125,1.0
1773591833.246258,0.03995499387383461,-0.08473311364650726,2.485198974609375,1.0
1773591833.746295,0.028837496414780617,-0.08426661789417267,2.486968994140625,1.0
1773591834.2467587,0.0263130571693182,-0.08380241692066193,2.486968994140625,1.0
1773591834.7463205,0.02729087695479393,-0.08097386360168457,2.487396240234375,1.0
1773591835.2462726,0.024841079488396645,-0.08231877535581589,2.48992919921875,1.0
1773591835.7462862,0.027714787051081657,-0.07751135528087616,2.4932861328125,1.0
1773591836.2465212,0.023336706683039665,-0.07562579959630966,2.4920654296875,1.0
1773591836.7462764,0.023060234263539314,-0.07287165522575378,2.488677978515625,1.0
1773591837.246274,0.019273357465863228,-0.06468641757965088,2.488983154296875,1.0
1773591837.7462656,0.0142561886459589,-0.05335517227649689,2.48992919921875,1.0
1773591838.246781,0.0097179114818573,-0.04629599303007126,2.491455078125,1.0
1773591838.7462387,0.005971022881567478,-0.041920002549886703,2.496795654296875,1.0
1773591839.2462618,0.007193296682089567,-0.025297939777374268,2.497406005859375,1.0
1773591839.746258,0.01458998117595911,-0.011945732869207859,2.497100830078125,1.0
1773591840.2472913,0.015773097053170204,-0.004905847366899252,2.496856689453125,1.0
1773591840.7463102,0.019901130348443985,-0.0025665899738669395,2.494964599609375,1.0
1773591841.2463045,0.02093738317489624,0.0018542100442573428,2.495819091796875,1.0
1773591841.746267,0.02019529975950718,0.0031393938697874546,2.49652099609375,1.0
1773591842.2471433,0.022814461961388588,0.0015941354213282466,2.493804931640625,1.0
1773591842.7462544,0.017755230888724327,0.004280816297978163,2.493682861328125,1.0
1773591843.2461832,0.01724778488278389,0.013992796652019024,2.495269775390625,1.0
1773591843.7462559,0.017635034397244453,0.024449149146676064,2.49566650390625,1.0
1773591844.246488,0.02051188237965107,0.031849101185798645,2.493438720703125,1.0
1773591844.7462442,0.016964765265583992,0.036884602159261703,2.4969482421875,1.0
1773591845.2462416,0.010375456884503365,0.03453657403588295,2.497467041015625,1.0
1773591845.746241,0.006135696079581976,0.025024428963661194,2.497314453125,1.0
1773591846.2466378,0.004829595796763897,0.0064338152296841145,2.495452880859375,1.0
1773591846.7462554,-0.0033312924206256866,-0.004961621016263962,2.4915771484375,1.0
1773591847.2462242,-0.008689926005899906,-0.020556719973683357,2.489166259765625,1.0
1773591847.7463136,-0.006317897234112024,-0.03002229891717434,2.48681640625,1.0
1773591848.246561,-0.00458862166851759,-0.035193685442209244,2.4879150390625,1.0
1773591848.7463107,-0.006771177053451538,-0.04716494679450989,2.49005126953125,1.0
1773591849.2461953,-0.004721888806670904,-0.05314544215798378,2.491424560546875,1.0
1773591849.7461805,-0.0008682135958224535,-0.051542796194553375,2.492279052734375,1.0
1773591850.2479064,0.010556700639426708,-0.04898880422115326,2.494659423828125,1.0
1773591850.7462876,0.01363347377628088,-0.05253438279032707,2.498291015625,1.0
1773591851.2462292,0.017429493367671967,-0.052254606038331985,2.500457763671875,1.0
1773591851.7463338,0.02014361321926117,-0.04605039581656456,2.50164794921875,1.0
1773591852.246994,0.02464563585817814,-0.04236729443073273,2.504058837890625,1.0
1773591852.7468784,0.028865424916148186,-0.0457485169172287,2.5045166015625,1.0
1773591853.2463017,0.03164222091436386,-0.04580818861722946,2.50494384765625,1.0
1773591853.7463176,0.036521244794130325,-0.04213587939739227,2.50360107421875,1.0
1773591854.2465549,0.04592251405119896,-0.041550468653440475,2.499481201171875,1.0
1773591854.746326,0.063670814037323,-0.030086657032370567,2.4979248046875,1.0
1773591855.2464592,0.07278214395046234,-0.019884346053004265,2.492156982421875,1.0
1773591855.7462838,0.07230938971042633,-0.017017848789691925,2.488555908203125,1.0
1773591856.2468545,0.06895133852958679,-0.02205190807580948,2.48828125,1.0
1773591856.7464616,0.06088536977767944,-0.029875773936510086,2.491851806640625,1.0
1773591857.246224,0.052154541015625,-0.03058827482163906,2.493927001953125,1.0
1773591857.7463393,0.0447545200586319,-0.030632030218839645,2.49603271484375,1.0
1773591858.2470126,0.03866744786500931,-0.026970287784934044,2.49639892578125,1.0
1773591858.7462583,0.037939030677080154,-0.02598884329199791,2.49652099609375,1.0
1773591859.2462637,0.032305758446455,-0.024388860911130905,2.500213623046875,1.0
1773591859.746272,0.017336079850792885,-0.025772538036108017,2.501220703125,1.0
1773591860.2463536,0.011031133122742176,-0.024360910058021545,2.49993896484375,1.0
1773591860.7462728,0.010958886705338955,-0.02433582954108715,2.5018310546875,1.0
1773591861.246328,0.01011898834258318,-0.029337424784898758,2.497467041015625,1.0
1773591861.7462616,0.008390789851546288,-0.028684088960289955,2.495391845703125,1.0
1773591862.2473006,0.00679417047649622,-0.028667941689491272,2.491546630859375,1.0
1773591862.7462494,0.012035354971885681,-0.03427617624402046,2.491973876953125,1.0
1773591863.2462244,0.022398345172405243,-0.03544097766280174,2.49139404296875,1.0
1773591863.746218,0.032664887607097626,-0.032010212540626526,2.491943359375,1.0
1773591864.246595,0.04887860268354416,-0.0350276380777359,2.491729736328125,1.0
1773591864.7463176,0.06338808685541153,-0.032993514090776443,2.495025634765625,1.0
1773591865.2462842,0.06439284980297089,-0.021983221173286438,2.497467041015625,1.0
1773591865.746285,0.05819122493267059,-0.012111053802073002,2.494537353515625,1.0
1773591866.2464857,0.04507750645279884,-0.009858954697847366,2.49383544921875,1.0
1773591866.7462592,0.02284364029765129,-0.002684170613065362,2.49609375,1.0
1773591867.2462661,0.010761093348264694,-2.722769568208605e-05,2.494720458984375,1.0
1773591867.7463112,-0.00023753212008159608,0.008451522327959538,2.49298095703125,1.0
1773591868.2465599,-0.006638047285377979,0.017637912184000015,2.49151611328125,1.0
1773591868.7464807,-0.007292534224689007,0.021514641121029854,2.49334716796875,1.0
1773591869.246191,-0.013653774745762348,0.014635478146374226,2.492279052734375,1.0
1773591869.7462225,-0.018390854820609093,-0.003761166939511895,2.489837646484375,1.0
1773591870.247319,-0.017239348962903023,-0.009450775571167469,2.490386962890625,1.0
1773591870.7462583,-0.015896031633019447,-0.014211399480700493,2.48797607421875,1.0
1773591871.246255,-0.004564361181110144,-0.009749691933393478,2.487701416015625,1.0
1773591871.7461903,0.0013880579499527812,-0.012881220318377018,2.48760986328125,1.0
1773591872.246447,0.008726544678211212,-0.01506462786346674,2.486907958984375,1.0
1773591872.746295,0.02441547065973282,-0.018450535833835602,2.485809326171875,1.0
1773591873.2461877,0.04343691095709801,-0.026418406516313553,2.486175537109375,1.0
1773591873.7462058,0.06256140768527985,-0.030276568606495857,2.48651123046875,1.0
1773591874.2469106,0.07383439689874649,-0.0350608266890049,2.48553466796875,1.0
1773591874.7463949,0.08982384949922562,-0.03751777112483978,2.485321044921875,1.0
1773591875.2467327,0.10374801605939865,-0.0362076573073864,2.48162841796875,1.0
1773591875.7464976,0.10189662873744965,-0.03069131262600422,2.480255126953125,1.0
1773591876.2473748,0.09272740036249161,-0.026521891355514526,2.48101806640625,1.0
1773591876.7462049,0.08619844168424606,-0.025044070556759834,2.483612060546875,1.0
1773591877.246417,0.07403206080198288,-0.020459523424506187,2.481475830078125,1.0
1773591877.746273,0.06015177071094513,-0.014274992980062962,2.482391357421875,1.0
1773591878.2466447,0.05357665941119194,0.0030851815827190876,2.483184814453125,1.0
1773591878.746277,0.05064363405108452,0.0037881904281675816,2.483062744140625,1.0
1773591879.2462845,0.042324766516685486,0.003266859333962202,2.482666015625,1.0
1773591879.7463074,0.03726193308830261,-0.007839687168598175,2.479217529296875,1.0
1773591880.2466273,0.02962997928261757,-0.020618710666894913,2.478271484375,1.0
1773591880.7462826,0.005782241001725197,-0.026269638910889626,2.47833251953125,1.0
1773591881.246298,-0.013616126962006092,-0.028053460642695427,2.47796630859375,1.0
1773591881.7462916,-0.020577505230903625,-0.02841229923069477,2.478302001953125,1.0
1773591882.246538,-0.023062465712428093,-0.02656276896595955,2.477569580078125,1.0
1773591882.746387,-0.03476693853735924,-0.02558630146086216,2.47625732421875,1.0
1773591883.2462707,-0.05004766583442688,-0.014254775829613209,2.471893310546875,1.0
1773591883.7462723,-0.056435395032167435,-0.00268948613665998,2.467559814453125,1.0
1773591884.2465696,-0.053731519728899,0.0020566959865391254,2.467315673828125,1.0
1773591884.7462285,-0.05116670951247215,8.558962690585759e-06,2.46746826171875,1.0
1773591885.246249,-0.05263147130608559,-0.006085349712520838,2.4681396484375,1.0
1773591885.7462971,-0.052970245480537415,-0.011983271688222885,2.471099853515625,1.0
1773591886.2522516,-0.04460453987121582,-0.011198917403817177,2.4720458984375,1.0
1773591886.746603,-0.03132380545139313,-0.0027469550259411335,2.468963623046875,1.0
1773591887.2464447,-0.012427161447703838,0.010832583531737328,2.470458984375,1.0
1773591887.7462747,0.0006587501848116517,0.011846019886434078,2.472137451171875,1.0
1773591888.2466443,-0.0011977507965639234,0.0062150005251169205,2.47296142578125,1.0
1773591888.746282,-0.004755495581775904,0.006267169024795294,2.475006103515625,1.0
1773591889.246271,0.015058569610118866,0.00975706148892641,2.477813720703125,1.0
1773591889.7463596,0.03644672781229019,0.010413456708192825,2.479278564453125,1.0
1773591890.246563,0.051190685480833054,0.003101773327216506,2.479461669921875,1.0
1773591890.7462728,0.07045259326696396,0.00160576484631747,2.480224609375,1.0
1773591891.2462456,0.08003344386816025,-0.0005539464182220399,2.48291015625,1.0
1773591891.7463217,0.08137740194797516,-0.011058440431952477,2.4840087890625,1.0
1773591892.2463388,0.07102644443511963,-0.020114319398999214,2.483306884765625,1.0
1773591892.7462242,0.06313497573137283,-0.034800175577402115,2.4842529296875,1.0
1773591893.2462623,0.0527242012321949,-0.05218878388404846,2.48358154296875,1.0
1773591893.7462711,0.040363263338804245,-0.05768702179193497,2.482666015625,1.0
1773591894.246612,0.0247625894844532,-0.05133352801203728,2.48431396484375,1.0
1773591894.7462828,0.010992614552378654,-0.04059779644012451,2.483154296875,1.0
1773591895.2463155,0.0020509965252131224,-0.016210567206144333,2.4833984375,1.0
1773591895.7462814,0.006688159890472889,0.00419927341863513,2.484283447265625,1.0
1773591896.2469664,0.010836235247552395,0.017809050157666206,2.48541259765625,1.0
1773591896.7462773,0.007196655031293631,0.01690022274851799,2.486846923828125,1.0
1773591897.2463434,0.0037040587048977613,0.01288547646254301,2.488067626953125,1.0
1773591897.7462163,0.00357780116610229,-0.0002669928944669664,2.490966796875,1.0
1773591898.246836,0.0069129872135818005,-0.025617403909564018,2.493316650390625,1.0
1773591898.7463894,0.006796051282435656,-0.04491773247718811,2.49462890625,1.0
1773591899.2482164,0.004280490335077047,-0.05735686048865318,2.49188232421875,1.0
1773591899.7462137,0.010381211526691914,-0.057763855904340744,2.494110107421875,1.0
1773591900.246381,0.021463172510266304,-0.06014910340309143,2.4952392578125,1.0
1773591900.7465577,0.022183571010828018,-0.0635312870144844,2.494537353515625,1.0
1773591901.2463973,0.020635314285755157,-0.05555713176727295,2.493194580078125,1.0
1773591901.7461607,0.026708252727985382,-0.045189809054136276,2.493621826171875,1.0
1773591902.2467484,0.03248327970504761,-0.042594797909259796,2.49273681640625,1.0
1773591902.7461662,0.0364762619137764,-0.043988242745399475,2.494293212890625,1.0
1773591903.2462065,0.04541387781500816,-0.041503459215164185,2.49273681640625,1.0
1773591903.746256,0.04957577958703041,-0.0416979156434536,2.491729736328125,1.0
1773591904.2473598,0.046063266694545746,-0.03653022646903992,2.49755859375,1.0
1773591904.7475448,0.04562431201338768,-0.03288409486413002,2.49688720703125,1.0
1773591905.2467074,0.0434165820479393,-0.029832901433110237,2.497406005859375,1.0
1773591905.7462566,0.037123363465070724,-0.02399291843175888,2.494873046875,1.0
1773591906.2465727,0.022738734260201454,-0.023400576785206795,2.491363525390625,1.0
1773591906.7464373,0.005425864364951849,-0.026917915791273117,2.48699951171875,1.0
1773591907.2462823,-0.00015358436212409288,-0.029377387836575508,2.485015869140625,1.0
1773591907.7462564,-0.0041460613720119,-0.035515300929546356,2.485321044921875,1.0
1773591908.246451,-0.0062013594433665276,-0.046407636255025864,2.484405517578125,1.0
1773591908.7462678,-0.012304809875786304,-0.05287403240799904,2.485931396484375,1.0
1773591909.246347,-0.016586320474743843,-0.051309503614902496,2.486358642578125,1.0
1773591909.7463267,-0.010134660638868809,-0.05094734579324722,2.487548828125,1.0
1773591910.2469003,0.004906840156763792,-0.055431921035051346,2.488128662109375,1.0
1773591910.7462583,0.024585528299212456,-0.05328722298145294,2.488555908203125,1.0
1773591911.2463496,0.04944971948862076,-0.0550154410302639,2.4879150390625,1.0
1773591911.7462316,0.05742684006690979,-0.05192922055721283,2.48724365234375,1.0
1773591912.2468376,0.055152714252471924,-0.04894112050533295,2.4879150390625,1.0
1773591912.7464037,0.050643544644117355,-0.047492578625679016,2.493865966796875,1.0
1773591913.2462578,0.04831588640809059,-0.03373269364237785,2.490692138671875,1.0
1773591913.7462566,0.04183172062039375,-0.017177855595946312,2.4886474609375,1.0
1773591914.246494,0.04151517152786255,-0.003111194586381316,2.489776611328125,1.0
1773591914.7462695,0.03203751519322395,0.014308474026620388,2.49041748046875,1.0
1773591915.2462697,0.024583229795098305,0.03388843312859535,2.489654541015625,1.0
1773591915.7462747,0.012242273427546024,0.047415900975465775,2.488433837890625,1.0
1773591916.2466242,-0.005332940258085728,0.05063074082136154,2.486053466796875,1.0
1773591916.7462494,-0.017114588990807533,0.05070896074175835,2.4859619140625,1.0
1773591917.2462668,-0.0195960383862257,0.041957322508096695,2.486907958984375,1.0
1773591917.7462552,-0.017504164949059486,0.025396285578608513,2.48797607421875,1.0
1773591918.2467225,-0.016086891293525696,0.018329761922359467,2.48828125,1.0
1773591918.7462697,-0.015247835777699947,0.013636337593197823,2.490966796875,1.0
1773591919.2462697,-0.01781611517071724,0.006925234105437994,2.496246337890625,1.0
1773591919.74627,-0.011756189167499542,0.006159750744700432,2.4998779296875,1.0
1773591920.2467465,0.009385334327816963,0.007898211479187012,2.501373291015625,1.0
1773591920.7462604,0.028563013300299644,0.015420548617839813,2.49554443359375,1.0
1773591921.2463133,0.039879050105810165,0.01720140315592289,2.495635986328125,1.0
1773591921.7462578,0.03473954275250435,0.013806646689772606,2.494873046875,1.0
1773591922.2464917,0.023079214617609978,0.006760214921087027,2.495819091796875,1.0
1773591922.7464414,0.0241121593862772,0.00015190789417829365,2.496307373046875,1.0
1773591923.2462528,0.015870481729507446,-0.012239832431077957,2.501312255859375,1.0
1773591923.7462747,-0.004094590432941914,-0.023282626643776894,2.5047607421875,1.0
1773591924.2469697,-0.013569348491728306,-0.05023644119501114,2.5064697265625,1.0
1773591924.746269,-0.02163068763911724,-0.07466745376586914,2.5078125,1.0
1773591925.246388,-0.02437540702521801,-0.08999822288751602,2.511810302734375,1.0
1773591925.7464354,-0.022613853216171265,-0.09739188849925995,2.512054443359375,1.0
1773591926.2466555,-0.01932765170931816,-0.10226891934871674,2.51239013671875,1.0
1773591926.7462254,-0.01102204155176878,-0.11007734388113022,2.51141357421875,1.0
1773591927.2462556,0.00017446860147174448,-0.12045958638191223,2.50970458984375,1.0
1773591927.7462916,0.016793647781014442,-0.12367694079875946,2.506103515625,1.0
1773591928.2467637,0.026227198541164398,-0.12202947586774826,2.50189208984375,1.0
1773591928.7463465,0.030672423541545868,-0.11219803988933563,2.4996337890625,1.0
1773591929.2462173,0.03312166407704353,-0.09704196453094482,2.496307373046875,1.0
1773591929.7462292,0.027521155774593353,-0.08788163959980011,2.49542236328125,1.0
1773591930.2471828,0.011069954372942448,-0.09058786928653717,2.4940185546875,1.0
1773591930.7461748,-0.01020121481269598,-0.0875740647315979,2.4901123046875,1.0
1773591931.2462192,-0.026347169652581215,-0.08839692175388336,2.485809326171875,1.0
1773591931.7463,-0.03316948935389519,-0.09100756794214249,2.48583984375,1.0
1773591932.2471282,-0.03153213858604431,-0.09378336369991302,2.4866943359375,1.0
1773591932.7464676,-0.017860058695077896,-0.09350638091564178,2.4864501953125,1.0
1773591933.2462697,-0.009602012112736702,-0.08726068586111069,2.484527587890625,1.0
1773591933.746582,-0.007285010069608688,-0.06919627636671066,2.485748291015625,1.0
1773591934.2470558,0.0025487409438937902,-0.05952521413564682,2.484832763671875,1.0
1773591934.7477217,0.004503768403083086,-0.0614347867667675,2.4893798828125,1.0
1773591935.246283,0.005651108454912901,-0.06208226457238197,2.489898681640625,1.0
1773591935.7462604,0.006164384074509144,-0.06019909307360649,2.49029541015625,1.0
1773591936.2467961,0.01022767648100853,-0.05275385454297066,2.4908447265625,1.0
1773591936.7463624,0.012718910351395607,-0.04116282984614372,2.489593505859375,1.0
1773591937.2462666,0.012289407663047314,-0.03579318895936012,2.48834228515625,1.0
1773591937.7464137,0.015351812355220318,-0.03288501873612404,2.490447998046875,1.0
1773591938.2464683,0.02023557387292385,-0.037981774657964706,2.490234375,1.0
1773591938.7463074,0.01804417185485363,-0.0396505631506443,2.49237060546875,1.0
1773591939.246289,0.02835163287818432,-0.03720653057098389,2.493377685546875,1.0
1773591939.7462816,0.03702068701386452,-0.033941615372896194,2.494537353515625,1.0
1773591940.2466223,0.04031701013445854,-0.030578285455703735,2.494720458984375,1.0
1773591940.746261,0.03956383839249611,-0.030179647728800774,2.491302490234375,1.0
1773591941.2462683,0.03950480371713638,-0.027764352038502693,2.492340087890625,1.0
1773591941.7462642,0.03851931542158127,-0.01928642950952053,2.49224853515625,1.0
1773591942.2470345,0.028800081461668015,-0.011593624949455261,2.48980712890625,1.0
1773591942.7463093,0.020479129627346992,-0.010683613829314709,2.490509033203125,1.0
1773591943.2462637,0.014916942454874516,-0.010094371624290943,2.489990234375,1.0
1773591943.746394,0.01332981325685978,-0.01725439727306366,2.490875244140625,1.0
1773591944.2472234,0.007672382518649101,-0.032397620379924774,2.491058349609375,1.0
1773591944.746264,0.005330040119588375,-0.0406205989420414,2.490447998046875,1.0
1773591945.247276,0.003175588557496667,-0.04865990951657295,2.489654541015625,1.0
1773591945.7462668,-0.0024733738973736763,-0.04650411009788513,2.49346923828125,1.0
1773591946.2466843,1.982216417673044e-05,-0.039766825735569,2.4932861328125,1.0
1773591946.7462733,0.006017740815877914,-0.03232411667704582,2.49114990234375,1.0
1773591947.2462628,0.016249828040599823,-0.028154809027910233,2.488983154296875,1.0
1773591947.7462616,0.028597978875041008,-0.02484700083732605,2.48809814453125,1.0
1773591948.2472875,0.034808456897735596,-0.014106826856732368,2.487152099609375,1.0
1773591948.746273,0.04660927504301071,-0.0033220299519598484,2.487823486328125,1.0
1773591949.2462873,0.05217121168971062,-0.0011893871705979109,2.488128662109375,1.0
1773591949.7462583,0.06178337335586548,0.00748038524761796,2.48687744140625,1.0
1773591950.2469978,0.06516847014427185,0.016564518213272095,2.4871826171875,1.0
1773591950.7463367,0.06504080444574356,0.020158033818006516,2.4864501953125,1.0
1773591951.246258,0.06724875420331955,0.018960608169436455,2.4830322265625,1.0
1773591951.7462516,0.07594965398311615,0.015385248698294163,2.479156494140625,1.0
1773591952.2465565,0.08560825884342194,0.014320031739771366,2.48016357421875,1.0
1773591952.7462654,0.08614364266395569,0.011934812180697918,2.48406982421875,1.0
1773591953.24624,0.09117565304040909,0.016829416155815125,2.4827880859375,1.0
1773591953.7462797,0.09161721915006638,0.017017390578985214,2.484161376953125,1.0
1773591954.2467291,0.08595087379217148,0.014252465218305588,2.489044189453125,1.0
1773591954.7462823,0.08022213727235794,0.006133544258773327,2.49029541015625,1.0
1773591955.246225,0.06657185405492783,0.012869133614003658,2.49505615234375,1.0
1773591955.7462544,0.050770796835422516,0.004468259867280722,2.495941162109375,1.0
1773591956.2467988,0.04728981480002403,-0.017822133377194405,2.496368408203125,1.0
1773591956.7463071,0.04653049260377884,-0.034755486994981766,2.496551513671875,1.0
1773591957.2462363,0.04485839232802391,-0.06757115572690964,2.493896484375,1.0
1773591957.7462218,0.047236569225788116,-0.08947043120861053,2.49017333984375,1.0
1773591958.247166,0.05183622986078262,-0.10265377163887024,2.491912841796875,1.0
1773591958.7461739,0.061876196414232254,-0.0992492288351059,2.49212646484375,1.0
1773591959.2463112,0.06542597711086273,-0.10398652404546738,2.49090576171875,1.0
1773591959.746276,0.05907114967703819,-0.10694331675767899,2.495147705078125,1.0
1773591960.248146,0.05901074782013893,-0.10140041261911392,2.5001220703125,1.0
1773591960.7462606,0.05466745048761368,-0.09851515293121338,2.50238037109375,1.0
1773591961.2462757,0.04866543412208557,-0.09910401701927185,2.500579833984375,1.0
1773591961.7462852,0.05079645663499832,-0.08362514525651932,2.498077392578125,1.0
1773591962.247249,0.05080477520823479,-0.06534517556428909,2.499542236328125,1.0
1773591962.7462735,0.05628751218318939,-0.04779483750462532,2.499237060546875,1.0
1773591963.2462792,0.06141016259789467,-0.030906232073903084,2.498504638671875,1.0
1773591963.7462752,0.05486930161714554,-0.024251028895378113,2.498779296875,1.0
1773591964.246919,0.04710140451788902,-0.0168444961309433,2.494232177734375,1.0
1773591964.7464216,0.03145797550678253,-0.007177550345659256,2.49017333984375,1.0
1773591965.2462826,0.023409532383084297,-0.004667174071073532,2.49017333984375,1.0
1773591965.7462769,0.015521220862865448,-0.0009424659074284136,2.4912109375,1.0
1773591966.2466962,0.019093863666057587,0.009243437089025974,2.491851806640625,1.0
1773591966.7465565,0.019627444446086884,0.01826060563325882,2.489898681640625,1.0
1773591967.2462811,0.01913069188594818,0.027025308459997177,2.48931884765625,1.0
1773591967.7462828,0.023636318743228912,0.038914140313863754,2.48968505859375,1.0
1773591968.2468019,0.020847709849476814,0.047124385833740234,2.48931884765625,1.0
1773591968.7464683,0.01686406321823597,0.043877460062503815,2.49078369140625,1.0
1773591969.2462828,0.009408753365278244,0.03399933874607086,2.496124267578125,1.0
1773591969.746311,-0.004517377354204655,0.016200440004467964,2.497467041015625,1.0
1773591970.2471366,-0.018646715208888054,0.0012043466558679938,2.49945068359375,1.0
1773591970.7462656,-0.033899664878845215,-0.011666174978017807,2.501373291015625,1.0
1773591971.2462852,-0.04385056719183922,-0.01469234749674797,2.503173828125,1.0
1773591971.7462866,-0.039806265383958817,-0.013322525657713413,2.5050048828125,1.0
1773591972.2466784,-0.02833215333521366,-0.01411024946719408,2.501800537109375,1.0
1773591972.7462857,-0.016700074076652527,-0.009768077172338963,2.499786376953125,1.0
1773591973.2462795,-0.0033447511959820986,-0.009773065336048603,2.502105712890625,1.0
1773591973.7462747,0.007253849413245916,-0.013043870218098164,2.503509521484375,1.0
1773591974.2467828,0.012709729373455048,-0.017298374325037003,2.502197265625,1.0
1773591974.7462828,0.013818075880408287,-0.015454058535397053,2.50030517578125,1.0
1773591975.2462757,0.015494891442358494,-0.016041798517107964,2.49969482421875,1.0
1773591975.7462704,0.01578420214354992,-0.013725550845265388,2.502838134765625,1.0
1773591976.246919,0.01516788825392723,-0.0060640196315944195,2.501861572265625,1.0
1773591976.7462282,0.010128820315003395,-0.0017561810091137886,2.49603271484375,1.0
1773591977.246219,0.008096841163933277,0.0030690901912748814,2.48980712890625,1.0
1773591977.7462878,0.011854581534862518,0.007779746316373348,2.489715576171875,1.0
1773591978.246591,0.01657593622803688,0.020806143060326576,2.488372802734375,1.0
1773591978.746267,0.018289688974618912,0.02623843029141426,2.48895263671875,1.0
1773591979.2462494,0.014235558919608593,0.024005543440580368,2.48773193359375,1.0
1773591979.7462485,0.006180788390338421,0.027338596060872078,2.484375,1.0
1773591980.2474995,0.0032012939918786287,0.03015492483973503,2.48065185546875,1.0
1773591980.7464507,-0.0011305210646241903,0.03351755440235138,2.47821044921875,1.0
1773591981.2463627,-0.01053299754858017,0.03251241147518158,2.4796142578125,1.0
1773591981.746284,-0.027245434001088142,0.03247986361384392,2.478851318359375,1.0
1773591982.2476125,-0.03437419980764389,0.025703521445393562,2.479736328125,1.0
1773591982.7463417,-0.0391886942088604,0.012184147723019123,2.480133056640625,1.0
1773591983.2463012,-0.03520256280899048,-0.0006496738060377538,2.48065185546875,1.0
1773591983.7462525,-0.03216806799173355,-0.0033758380450308323,2.483123779296875,1.0
1773591984.2468922,-0.031493380665779114,0.0009805336594581604,2.48504638671875,1.0
1773591984.7461834,-0.03355083614587784,-0.0036998805589973927,2.4866943359375,1.0
1773591985.2462554,-0.03154410794377327,-0.013542266562581062,2.4920654296875,1.0
1773591985.746205,-0.02228650078177452,-0.024126075208187103,2.493682861328125,1.0
1773591986.2468607,-0.01337744016200304,-0.03371473774313927,2.493438720703125,1.0
1773591986.7462072,0.003091096179559827,-0.04167940095067024,2.49017333984375,1.0
1773591987.2462175,0.026918867602944374,-0.04935068637132645,2.489227294921875,1.0
1773591987.7462695,0.03687560558319092,-0.05168362334370613,2.4879150390625,1.0
1773591988.2465258,0.04375603049993515,-0.05009480193257332,2.488372802734375,1.0
1773591988.7463279,0.0539867989718914,-0.04835248365998268,2.49017333984375,1.0
1773591989.2463465,0.0633024126291275,-0.032817550003528595,2.491943359375,1.0
1773591989.7463138,0.061170559376478195,-0.03337483108043671,2.493316650390625,1.0
1773591990.2466276,0.058466680347919464,-0.03792455792427063,2.490997314453125,1.0
1773591990.7462587,0.053572431206703186,-0.042456772178411484,2.490814208984375,1.0
1773591991.2462492,0.0527973510324955,-0.04567202553153038,2.49053955078125,1.0
1773591991.7462678,0.06169094517827034,-0.05127608776092529,2.486572265625,1.0
1773591992.2469077,0.06548788398504257,-0.05051012709736824,2.4827880859375,1.0
1773591992.7463093,0.05925598740577698,-0.04116734862327576,2.478973388671875,1.0
1773591993.246286,0.05281660705804825,-0.038998186588287354,2.47930908203125,1.0
1773591993.7462676,0.040555190294981,-0.03323313593864441,2.4791259765625,1.0
1773591994.2465749,0.0300307460129261,-0.020687779411673546,2.4757080078125,1.0
1773591994.746353,0.017014741897583008,-0.017287710681557655,2.475006103515625,1.0
1773591995.2462678,-0.011478587985038757,-0.01725996844470501,2.478118896484375,1.0
1773591995.746276,-0.021090837195515633,-0.01479326467961073,2.4791259765625,1.0
1773591996.2467842,-0.017435822635889053,-0.010679710656404495,2.479705810546875,1.0
1773591996.7464192,-0.003889664774760604,-0.00960442516952753,2.48150634765625,1.0
1773591997.2462668,0.00024430378107354045,-0.012031616643071175,2.482757568359375,1.0
1773591997.7462847,0.000823460053652525,-0.011900045908987522,2.4818115234375,1.0
1773591998.246773,0.001388989738188684,-0.00792648084461689,2.481414794921875,1.0
1773591998.7483776,0.012505258433520794,-0.0033554071560502052,2.480987548828125,1.0
1773591999.2462146,0.025830144062638283,0.0016521535580977798,2.47857666015625,1.0
1773591999.7462947,0.0237754974514246,0.004514719359576702,2.47882080078125,1.0
1773592000.247,0.012150660157203674,0.0034503969363868237,2.479156494140625,1.0
1773592000.746229,0.0014051477191969752,0.0008119443082250655,2.4815673828125,1.0
1773592001.2464483,-0.013049292378127575,-0.0006486244965344667,2.483184814453125,1.0
1773592001.7462747,-0.025323407724499702,0.0014107597526162863,2.485626220703125,1.0
1773592002.2466357,-0.03207804262638092,-0.0034465861972421408,2.48944091796875,1.0
1773592002.7462742,-0.030120084062218666,-0.007287448272109032,2.491180419921875,1.0
1773592003.246241,-0.02589358016848564,-0.013675859197974205,2.4901123046875,1.0
1773592003.7462347,-0.024317627772688866,-0.0262315571308136,2.48974609375,1.0
1773592004.2468696,-0.01944359764456749,-0.035102780908346176,2.49114990234375,1.0
1773592004.7462215,-0.010618112981319427,-0.04458153247833252,2.4959716796875,1.0
1773592005.2462301,-0.008019771426916122,-0.048104364424943924,2.4925537109375,1.0
1773592005.74624,-0.0013662605779245496,-0.04867272078990936,2.490203857421875,1.0
1773592006.2466636,0.006228750105947256,-0.04511640593409538,2.492156982421875,1.0
1773592006.746303,0.010486336424946785,-0.041939135640859604,2.4901123046875,1.0
1773592007.2461944,0.015216667205095291,-0.04193415492773056,2.486968994140625,1.0
1773592007.7461717,0.021009789779782295,-0.04234524443745613,2.48681640625,1.0
1773592008.2470167,0.028680138289928436,-0.03811199963092804,2.48529052734375,1.0
1773592008.7463007,0.03231440857052803,-0.034558847546577454,2.48199462890625,1.0
1773592009.2466087,0.03512663021683693,-0.03412511572241783,2.483123779296875,1.0
1773592009.746342,0.03701647371053696,-0.040581341832876205,2.48406982421875,1.0
1773592010.2471504,0.0381009578704834,-0.03931896388530731,2.484954833984375,1.0
1773592010.7463574,0.03896161913871765,-0.03714248538017273,2.482757568359375,1.0
1773592011.24644,0.03775510564446449,-0.042960382997989655,2.4827880859375,1.0
1773592011.7463093,0.031302310526371,-0.05080544576048851,2.4849853515625,1.0
1773592012.246922,0.03678891435265541,-0.04955560341477394,2.48431396484375,1.0
1773592012.746266,0.04779873788356781,-0.0489632822573185,2.4866943359375,1.0
1773592013.2462332,0.05227845162153244,-0.05322638899087906,2.490203857421875,1.0
1773592013.7462654,0.060206346213817596,-0.0549924410879612,2.490875244140625,1.0
1773592014.2466645,0.06552959233522415,-0.05493771284818649,2.49237060546875,1.0
1773592014.746295,0.06941552460193634,-0.044226907193660736,2.4935302734375,1.0
1773592015.2462714,0.06324413418769836,-0.029891980811953545,2.497955322265625,1.0
1773592015.7462685,0.051408350467681885,-0.010094678029417992,2.499267578125,1.0
1773592016.2465625,0.036911334842443466,-0.006016321014612913,2.503570556640625,1.0
1773592016.746351,0.02137213572859764,0.0032482596579939127,2.50634765625,1.0
1773592017.2462616,0.008194176480174065,0.007861439138650894,2.50653076171875,1.0
1773592017.746282,0.0052412087097764015,0.016708416864275932,2.5050048828125,1.0
1773592018.2467065,0.00735054025426507,0.027439698576927185,2.506622314453125,1.0
1773592018.7462845,0.0071222190745174885,0.03461938351392746,2.50579833984375,1.0
1773592019.246238,0.008130176924169064,0.03685751557350159,2.506988525390625,1.0
1773592019.7462327,0.010514417663216591,0.04002681374549866,2.50823974609375,1.0
1773592020.2468393,0.019644396379590034,0.04134322702884674,2.50811767578125,1.0
1773592020.74629,0.028566069900989532,0.041653383523225784,2.506927490234375,1.0
1773592021.2462645,0.02721213921904564,0.040808744728565216,2.504119873046875,1.0
1773592021.7463078,0.031855519860982895,0.04452148452401161,2.5010986328125,1.0
1773592022.2470486,0.03987087681889534,0.04493551328778267,2.49810791015625,1.0
1773592022.7462726,0.041637785732746124,0.04441890865564346,2.494842529296875,1.0
1773592023.2462723,0.03452618420124054,0.03690282627940178,2.492767333984375,1.0
1773592023.7462242,0.03419793024659157,0.03193705901503563,2.493133544921875,1.0
1773592024.2474506,0.03853825479745865,0.02784654311835766,2.492431640625,1.0
1773592024.7463045,0.03784428909420967,0.015805289149284363,2.494232177734375,1.0
1773592025.246245,0.03730498254299164,-0.000902830739505589,2.498138427734375,1.0
1773592025.746277,0.03859199956059456,-0.019042721018195152,2.500518798828125,1.0
1773592026.2476397,0.03969980403780937,-0.03000667877495289,2.502227783203125,1.0
1773592026.7462223,0.03989101201295853,-0.03871801495552063,2.50347900390625,1.0
1773592027.24659,0.04344765096902847,-0.04703465476632118,2.50457763671875,1.0
1773592027.7462182,0.04621116816997528,-0.05744471028447151,2.5107421875,1.0
1773592028.2472115,0.04399923235177994,-0.06729945540428162,2.510833740234375,1.0
1773592028.7462778,0.04080317169427872,-0.07472112029790878,2.511444091796875,1.0
1773592029.2462347,0.0450606606900692,-0.07652824372053146,2.5120849609375,1.0
1773592029.7462275,0.05486910790205002,-0.09936325252056122,2.515838623046875,1.0
1773592030.2474957,0.06951191276311874,-0.11242783814668655,2.514892578125,1.0
1773592030.7462022,0.08369284868240356,-0.11483509838581085,2.5166015625,1.0
1773592031.2462475,0.08232869952917099,-0.11862372606992722,2.514739990234375,1.0
1773592031.7467227,0.08480757474899292,-0.1290300339460373,2.514556884765625,1.0
1773592032.2462995,0.09346561878919601,-0.1427699476480484,2.51654052734375,1.0
1773592032.7463434,0.10274234414100647,-0.14354033768177032,2.515106201171875,1.0
1773592033.2462883,0.11079448461532593,-0.1328342705965042,2.5140380859375,1.0
1773592033.7462885,0.11480028182268143,-0.12497372925281525,2.512542724609375,1.0
1773592034.2473228,0.11411795765161514,-0.12321734428405762,2.514190673828125,1.0
1773592034.7463644,0.114519864320755,-0.11630880832672119,2.513458251953125,1.0
1773592035.2462878,0.10730401426553726,-0.09801816195249557,2.510955810546875,1.0
1773592035.746282,0.10460653156042099,-0.08782705664634705,2.50958251953125,1.0
1773592036.2469153,0.09612243622541428,-0.07083819806575775,2.509521484375,1.0
1773592036.746637,0.08762221783399582,-0.052459392696619034,2.507598876953125,1.0
1773592037.2466216,0.07545637339353561,-0.03233157470822334,2.504241943359375,1.0
1773592037.7464561,0.07098689675331116,-0.018143611028790474,2.499481201171875,1.0
1773592038.2474606,0.0667409598827362,-0.007332623470574617,2.498291015625,1.0
1773592038.7462797,0.06474991887807846,0.0002269566321047023,2.499481201171875,1.0
1773592039.2462175,0.053610000759363174,-0.00533178960904479,2.49993896484375,1.0
1773592039.746336,0.040431223809719086,-0.00386821199208498,2.50213623046875,1.0
1773592040.2468145,0.02957960218191147,0.0026793652214109898,2.500152587890625,1.0
1773592040.7463331,0.027327585965394974,0.009432847611606121,2.500152587890625,1.0
1773592041.2462842,0.031343620270490646,0.01454185415059328,2.49957275390625,1.0
1773592041.7462728,0.04415365308523178,0.02155371569097042,2.502166748046875,1.0
1773592042.247002,0.04924166575074196,0.02940940670669079,2.505889892578125,1.0
1773592042.7462935,0.053468234837055206,0.03230538219213486,2.506591796875,1.0
1773592043.2462537,0.061784885823726654,0.03404011204838753,2.5084228515625,1.0
1773592043.7463017,0.06172238662838936,0.03669792413711548,2.507415771484375,1.0
1773592044.246676,0.05126378312706947,0.04388483613729477,2.5081787109375,1.0
1773592044.7462654,0.03825918957591057,0.04461948573589325,2.511016845703125,1.0
1773592045.2462666,0.022053556516766548,0.03141513466835022,2.512054443359375,1.0
1773592045.7462187,-0.0008566565229557455,0.015862584114074707,2.511505126953125,1.0
1773592046.2469637,-0.02018612250685692,0.005269753746688366,2.510772705078125,1.0
1773592046.7462256,-0.028634734451770782,-0.007392614148557186,2.51007080078125,1.0
1773592047.2462747,-0.019112011417746544,-0.016321221366524696,2.50604248046875,1.0
1773592047.7462604,-0.018190519884228706,-0.01571897603571415,2.502655029296875,1.0
1773592048.2478313,-0.020629214122891426,-0.009159835055470467,2.504669189453125,1.0
1773592048.7462554,-0.01987382024526596,0.0006613368168473244,2.50897216796875,1.0
1773592049.2461913,-0.01749281957745552,0.008787395432591438,2.509521484375,1.0
1773592049.7462645,-0.01382241677492857,0.01613045111298561,2.51080322265625,1.0
1773592050.24718,-0.00978212058544159,0.028904570266604424,2.51373291015625,1.0
1773592050.7461934,-0.005080818198621273,0.04251458868384361,2.513275146484375,1.0
1773592051.246568,-0.00033332049497403204,0.049310456961393356,2.509552001953125,1.0
1773592051.7461946,0.01766558550298214,0.05032102018594742,2.506439208984375,1.0
1773592052.2466424,0.028734030202031136,0.05197766795754433,2.505828857421875,1.0
1773592052.7479742,0.030739210546016693,0.049391742795705795,2.505340576171875,1.0
1773592053.246173,0.024213651195168495,0.037784602493047714,2.5072021484375,1.0
1773592053.746221,0.02384086325764656,0.0291559100151062,2.509185791015625,1.0
1773592054.2469482,0.02003994770348072,0.01790061593055725,2.509674072265625,1.0
1773592054.7462776,0.0058011142536997795,0.0017344991210848093,2.50701904296875,1.0
1773592055.2465124,-0.008221224881708622,-0.012288686819374561,2.504486083984375,1.0
1773592055.7462704,-0.020594758912920952,-0.026186678558588028,2.500579833984375,1.0
1773592056.2472363,-0.025163674727082253,-0.030497483909130096,2.50067138671875,1.0
1773592056.7463813,-0.022412404417991638,-0.03229200839996338,2.49908447265625,1.0
1773592057.2462687,-0.008668901398777962,-0.03891053795814514,2.49810791015625,1.0
1773592057.7462857,0.0013821248430758715,-0.050384264439344406,2.49530029296875,1.0
1773592058.247067,0.009382226504385471,-0.0668584480881691,2.49456787109375,1.0
1773592058.7463195,0.021577252075076103,-0.07114239037036896,2.4921875,1.0
1773592059.2462747,0.02328278310596943,-0.0664486438035965,2.491241455078125,1.0
1773592059.7462783,0.013047811575233936,-0.06270086020231247,2.487396240234375,1.0
1773592060.2464945,-0.0001957744243554771,-0.04994160681962967,2.48785400390625,1.0
1773592060.74628,-0.001000416581518948,-0.05068314075469971,2.4859619140625,1.0
1773592061.2462656,-0.008307096548378468,-0.053422946482896805,2.483367919921875,1.0
1773592061.746274,-0.006609330885112286,-0.05358855798840523,2.483551025390625,1.0
1773592062.2475553,0.00921922829002142,-0.0511152558028698,2.4815673828125,1.0
1773592062.7466085,0.03770292550325394,-0.039747197180986404,2.4818115234375,1.0
1773592063.2463033,0.05333184823393822,-0.024811599403619766,2.482513427734375,1.0
1773592063.7463233,0.0572335384786129,-0.011853431351482868,2.48193359375,1.0
1773592064.2467942,0.061616238206624985,0.0018425487214699388,2.483001708984375,1.0
1773592064.7464068,0.05668681487441063,0.0028839227743446827,2.482147216796875,1.0
1773592065.2462769,0.05256279930472374,0.004537633154541254,2.482696533203125,1.0
1773592065.7462866,0.04471201077103615,0.007995380088686943,2.486053466796875,1.0
1773592066.2465892,0.04025466367602348,0.018121475353837013,2.487548828125,1.0
1773592066.7462568,0.03185016289353371,0.02611747942864895,2.486602783203125,1.0
1773592067.2462676,0.024753617122769356,0.02729243040084839,2.490203857421875,1.0
1773592067.746274,0.019665973260998726,0.02650863490998745,2.49212646484375,1.0
1773592068.2466516,0.015077318996191025,0.02972518838942051,2.491912841796875,1.0
1773592068.746286,0.0013831062242388725,0.031132807955145836,2.492431640625,1.0
1773592069.2462733,-0.0021264764945954084,0.024268129840493202,2.4888916015625,1.0
1773592069.7462656,-0.009671775624155998,0.005171001423150301,2.48638916015625,1.0
1773592070.2465467,-0.011170510202646255,-0.01719103939831257,2.4808349609375,1.0
1773592070.746484,-0.012830118648707867,-0.041798923164606094,2.479827880859375,1.0
1773592071.2462516,-0.0035315377172082663,-0.05266965553164482,2.485382080078125,1.0
1773592071.7462547,-0.00713010597974062,-0.0594068318605423,2.48883056640625,1.0
1773592072.2468016,-0.016472194343805313,-0.05971541255712509,2.491241455078125,1.0
1773592072.746294,-0.017728060483932495,-0.06185662001371384,2.493560791015625,1.0
1773592073.2462916,-0.016639316454529762,-0.06394171714782715,2.493438720703125,1.0
1773592073.7464645,-0.020626496523618698,-0.07161274552345276,2.491668701171875,1.0
1773592074.246809,-0.023100195452570915,-0.078485406935215,2.49066162109375,1.0
1773592074.7462742,-0.02566828578710556,-0.08526436984539032,2.4923095703125,1.0
1773592075.2463176,-0.015570982359349728,-0.0925070121884346,2.493988037109375,1.0
1773592075.74627,-0.0029981895349919796,-0.08983408659696579,2.491546630859375,1.0
1773592076.246541,0.018731597810983658,-0.09246287494897842,2.486480712890625,1.0
1773592076.746807,0.03472968935966492,-0.08436267077922821,2.483978271484375,1.0
1773592077.2462022,0.04706450179219246,-0.07366451621055603,2.487457275390625,1.0
1773592077.7468147,0.05759052187204361,-0.05630353465676308,2.491302490234375,1.0
1773592078.2483122,0.06251607090234756,-0.04200896620750427,2.49481201171875,1.0
1773592078.7464528,0.0603770948946476,-0.028679238632321358,2.499908447265625,1.0
1773592079.2462964,0.05432170256972313,-0.018573561683297157,2.5028076171875,1.0
1773592079.7463567,0.04779456928372383,-0.0138257946819067,2.50323486328125,1.0
1773592080.246413,0.028295544907450676,-0.014261945150792599,2.50579833984375,1.0
1773592080.7462616,0.004140842240303755,-0.0159925427287817,2.5128173828125,1.0
1773592081.246293,-0.012559632770717144,-0.019283974543213844,2.510528564453125,1.0
1773592081.7463799,-0.019844014197587967,-0.024165978655219078,2.50616455078125,1.0
1773592082.2465372,-0.03495446965098381,-0.03081393986940384,2.5078125,1.0
1773592082.7462225,-0.03806530684232712,-0.035750050097703934,2.50885009765625,1.0
1773592083.2462704,-0.04016401246190071,-0.04403187334537506,2.5081787109375,1.0
1773592083.7462602,-0.039946284145116806,-0.054508522152900696,2.507843017578125,1.0
1773592084.2464979,-0.04010184109210968,-0.07849935442209244,2.50823974609375,1.0
1773592084.7462673,-0.03314385190606117,-0.09750957041978836,2.505950927734375,1.0
1773592085.2462783,-0.025105249136686325,-0.0969998762011528,2.50604248046875,1.0
1773592085.74639,-0.013831892050802708,-0.08790381997823715,2.50543212890625,1.0
1773592086.2465394,-0.011895788833498955,-0.07756898552179337,2.505126953125,1.0
1773592086.7463574,-0.005135830491781235,-0.05854491516947746,2.505859375,1.0
1773592087.2462635,0.00033314991742372513,-0.04420264810323715,2.504638671875,1.0
1773592087.7462707,-0.0006851072539575398,-0.0361868217587471,2.501800537109375,1.0
1773592088.2471132,-0.007350970525294542,-0.031095771118998528,2.501373291015625,1.0
1773592088.7463927,-0.022776784375309944,-0.02165265753865242,2.498931884765625,1.0
1773592089.2462547,-0.039990898221731186,-0.002711712382733822,2.49755859375,1.0
1773592089.746277,-0.0473698265850544,0.017083080485463142,2.493560791015625,1.0
1773592090.2464411,-0.04329283535480499,0.025395305827260017,2.490631103515625,1.0
1773592090.7462766,-0.028218915686011314,0.03118917904794216,2.48956298828125,1.0
1773592091.2462285,-0.003439325839281082,0.029860367998480797,2.487030029296875,1.0
1773592091.7462244,0.008462841622531414,0.02437315322458744,2.486419677734375,1.0
1773592092.2466402,0.013363145291805267,0.022377504035830498,2.48907470703125,1.0
1773592092.7462811,0.029500503093004227,0.022186577320098877,2.491058349609375,1.0
1773592093.2462282,0.03994287922978401,0.020642545074224472,2.497283935546875,1.0
1773592093.7462513,0.05008312687277794,0.02018694207072258,2.496185302734375,1.0
1773592094.2466557,0.0627017617225647,0.015995090827345848,2.491668701171875,1.0
1773592094.7462692,0.07796270400285721,0.013051989488303661,2.48876953125,1.0
1773592095.2462008,0.08440019935369492,0.009938448667526245,2.48541259765625,1.0
1773592095.746256,0.08595816045999527,0.00428765406832099,2.483917236328125,1.0
1773592096.2472668,0.07730140537023544,0.006322125904262066,2.480743408203125,1.0
1773592096.7461553,0.06505778431892395,0.010657012462615967,2.477264404296875,1.0
1773592097.2461998,0.058957602828741074,0.012063856236636639,2.47747802734375,1.0
1773592097.7462182,0.049078568816185,0.0099147604778409,2.4769287109375,1.0
1773592098.2464564,0.032250404357910156,0.005142991431057453,2.47509765625,1.0
1773592098.7464204,0.01848364807665348,-0.008620263077318668,2.476837158203125,1.0
1773592099.2461991,0.005991104058921337,-0.02764001302421093,2.474609375,1.0
1773592099.7462971,-0.009963189251720905,-0.04152975603938103,2.4700927734375,1.0
1773592100.2465556,-0.01858610101044178,-0.04202825203537941,2.4715576171875,1.0
1773592100.7462013,-0.03236331790685654,-0.045039352029561996,2.471435546875,1.0
1773592101.246182,-0.038086600601673126,-0.05396077781915665,2.472991943359375,1.0
1773592101.746671,-0.038905709981918335,-0.06457977741956711,2.473663330078125,1.0
1773592102.2465208,-0.03573524206876755,-0.07041893154382706,2.475830078125,1.0
1773592102.7466984,-0.03301190212368965,-0.08045928925275803,2.471649169921875,1.0
1773592103.2467434,-0.040918655693531036,-0.08603749424219131,2.469482421875,1.0
1773592103.7469108,-0.044636934995651245,-0.09027571976184845,2.47052001953125,1.0
1773592104.2471833,-0.04555844888091087,-0.09687170386314392,2.46856689453125,1.0
1773592104.7465558,-0.044416557997465134,-0.10377893596887589,2.46258544921875,1.0
1773592105.246263,-0.034137602895498276,-0.09940125793218613,2.4603271484375,1.0
1773592105.7466412,-0.01697736233472824,-0.09297667443752289,2.46063232421875,1.0
1773592106.2472978,-0.008324832655489445,-0.09279060363769531,2.46514892578125,1.0
1773592106.7462492,-0.0012932989047840238,-0.09500530362129211,2.466796875,1.0
1773592107.246356,2.5104658561758697e-05,-0.09567144513130188,2.469390869140625,1.0
1773592107.7465787,-0.0004281307046767324,-0.08066049218177795,2.471435546875,1.0
1773592108.246536,0.004840717650949955,-0.08092092722654343,2.47021484375,1.0
1773592108.7464094,0.01704755611717701,-0.08611143380403519,2.46875,1.0
1773592109.2462606,0.040379077196121216,-0.0859902948141098,2.47003173828125,1.0
1773592109.7462673,0.05383613705635071,-0.0823688730597496,2.4713134765625,1.0
1773592110.2465599,0.05824359878897667,-0.08035671710968018,2.47235107421875,1.0
1773592110.7464619,0.06780123710632324,-0.07523655891418457,2.469024658203125,1.0
1773592111.2462966,0.08078593015670776,-0.06624537706375122,2.469635009765625,1.0
1773592111.7463312,0.08815257996320724,-0.05528740584850311,2.46734619140625,1.0
1773592112.2472677,0.09699215739965439,-0.04303291067481041,2.46868896484375,1.0
1773592112.7462409,0.10390198230743408,-0.025798406451940536,2.472900390625,1.0
1773592113.2462585,0.1033598855137825,-0.012533394619822502,2.47418212890625,1.0
1773592113.7462626,0.09445903450250626,-0.00755747826769948,2.477630615234375,1.0
1773592114.2465208,0.08800501376390457,-0.0023718983866274357,2.48162841796875,1.0
1773592114.7467387,0.07930425554513931,-0.0026412233710289,2.4854736328125,1.0
1773592115.246246,0.07457917928695679,-0.00430716248229146,2.491058349609375,1.0
1773592115.7463932,0.07313396036624908,-0.008983493782579899,2.49359130859375,1.0
1773592116.2464778,0.06566108018159866,-0.01756647415459156,2.493927001953125,1.0
1773592116.746514,0.060818254947662354,-0.018776316195726395,2.498199462890625,1.0
1773592117.246242,0.06066203862428665,-0.01650850661098957,2.498199462890625,1.0
1773592117.7462656,0.05617133155465126,-0.015270405448973179,2.497528076171875,1.0
1773592118.2469025,0.04918641224503517,-0.02499188669025898,2.49749755859375,1.0
1773592118.7464092,0.043506771326065063,-0.02883215993642807,2.49334716796875,1.0
1773592119.2462447,0.04092242568731308,-0.020349843427538872,2.488800048828125,1.0
1773592119.7462466,0.040401261299848557,-0.012199049815535545,2.483612060546875,1.0
1773592120.2468922,0.030508756637573242,-0.014635547064244747,2.481201171875,1.0
1773592120.7462842,0.024533530697226524,-0.01588086597621441,2.484344482421875,1.0
1773592121.2462296,0.014871887862682343,-0.015320287086069584,2.48199462890625,1.0
1773592121.7466445,0.005675078835338354,-0.013472954742610455,2.481170654296875,1.0
1773592122.247034,0.006473900284618139,-0.011388011276721954,2.482086181640625,1.0
1773592122.7462459,0.009951287880539894,-0.006270265206694603,2.479248046875,1.0
1773592123.2462337,0.010860376060009003,0.003728057025000453,2.48077392578125,1.0
1773592123.7461975,0.018006302416324615,0.021465633064508438,2.480987548828125,1.0
1773592124.2462385,0.02390137128531933,0.03953053057193756,2.48126220703125,1.0
1773592124.7464774,0.017352377995848656,0.05221221596002579,2.479766845703125,1.0
1773592125.2469547,0.009002807550132275,0.05741305649280548,2.47955322265625,1.0
1773592125.7461863,0.009373141452670097,0.06709522753953934,2.475738525390625,1.0
1773592126.250417,0.013368298299610615,0.07923165708780289,2.474273681640625,1.0
1773592126.7464108,0.01406337134540081,0.08765777200460434,2.47662353515625,1.0
1773592127.2461538,0.015245441347360611,0.0886988490819931,2.47869873046875,1.0
1773592127.7462754,0.01774343103170395,0.08724705129861832,2.478057861328125,1.0
1773592128.246326,0.017102843150496483,0.07835689187049866,2.481201171875,1.0
1773592128.7462702,0.01499087829142809,0.06888068467378616,2.485137939453125,1.0
1773592129.246299,0.016078883782029152,0.05392685905098915,2.4857177734375,1.0
1773592129.7463462,0.02348141185939312,0.039955608546733856,2.48663330078125,1.0
1773592130.247062,0.03189247474074364,0.03464753180742264,2.487640380859375,1.0
1773592130.7462938,0.039910655468702316,0.02755359373986721,2.487152099609375,1.0
1773592131.2462947,0.0412258505821228,0.017061270773410797,2.48760986328125,1.0
1773592131.7462232,0.05225677415728569,0.017428182065486908,2.488983154296875,1.0
1773592132.2465177,0.056733302772045135,0.00939871184527874,2.48626708984375,1.0
1773592132.7462735,0.05532783269882202,-0.002310833428055048,2.48406982421875,1.0
1773592133.2462637,0.046507276594638824,-1.3870605926058488e-06,2.485443115234375,1.0
1773592133.7463124,0.04296201840043068,-0.001778283854946494,2.484222412109375,1.0
1773592134.2465277,0.040197618305683136,-0.007176354061812162,2.483367919921875,1.0
1773592134.7462683,0.029039578512310982,-0.009982708841562271,2.4849853515625,1.0
1773592135.2463348,0.019553963094949722,-0.00966294202953577,2.486785888671875,1.0
1773592135.746306,0.017282549291849136,-0.010148507542908192,2.4847412109375,1.0
1773592136.2471216,0.011472017504274845,-0.010128096677362919,2.4833984375,1.0
1773592136.7462778,0.007490371819585562,-0.014485731720924377,2.484100341796875,1.0
1773592137.246259,0.007998394779860973,-0.011698885820806026,2.486846923828125,1.0
1773592137.7463174,0.005556898191571236,-0.008286580443382263,2.48773193359375,1.0
1773592138.2468958,-0.011348690837621689,-0.007548341061919928,2.491943359375,1.0
1773592138.7462265,-0.023712188005447388,-0.009123627096414566,2.49603271484375,1.0
1773592139.2462592,-0.0323624312877655,-0.017316173762083054,2.496429443359375,1.0
1773592139.7462707,-0.041100870817899704,-0.023955751210451126,2.49932861328125,1.0
1773592140.2464585,-0.04324996843934059,-0.03265698626637459,2.500244140625,1.0
1773592140.746259,-0.04011622816324234,-0.03560354933142662,2.498931884765625,1.0
1773592141.2462583,-0.03432641923427582,-0.0361231230199337,2.49560546875,1.0
1773592141.7462537,-0.018749041482806206,-0.051782891154289246,2.4935302734375,1.0
1773592142.2466664,-0.006121884100139141,-0.05054348334670067,2.490936279296875,1.0
1773592142.7462199,-0.005461786407977343,-0.04097171872854233,2.48870849609375,1.0
1773592143.246251,-0.0011152253719046712,-0.036835987120866776,2.48681640625,1.0
1773592143.7462904,0.003240950871258974,-0.03104706108570099,2.482147216796875,1.0
1773592144.2466466,0.0004401441547088325,-0.012604333460330963,2.478759765625,1.0
1773592144.746252,-0.0006973113631829619,-0.003762840759009123,2.47894287109375,1.0
1773592145.2462626,0.0056373123079538345,-0.0005548281478695571,2.477142333984375,1.0
1773592145.7462509,0.0073095690459012985,0.007267794106155634,2.477935791015625,1.0
1773592146.246835,0.013315088115632534,0.01269725151360035,2.479034423828125,1.0
1773592146.7462697,0.018645163625478745,0.009810085408389568,2.48114013671875,1.0
1773592147.2464254,0.029379960149526596,0.005909173749387264,2.485107421875,1.0
1773592147.7462258,0.03343098983168602,0.011625216342508793,2.4888916015625,1.0
1773592148.246826,0.036111243069171906,0.014336018823087215,2.4898681640625,1.0
1773592148.7462802,0.027855025604367256,0.012162743136286736,2.49029541015625,1.0
1773592149.24622,0.021371958777308464,0.008123497478663921,2.4913330078125,1.0
1773592149.7462995,0.004536018241196871,-0.005267683882266283,2.488311767578125,1.0
1773592150.2465057,-0.0023426287807524204,-0.012527353130280972,2.487396240234375,1.0
1773592150.746284,0.0002598381252028048,-0.01645832695066929,2.48663330078125,1.0
1773592151.2462163,0.0032062691170722246,-0.031560223549604416,2.484893798828125,1.0
1773592151.7462444,0.004060393199324608,-0.05193638801574707,2.480560302734375,1.0
1773592152.2465854,0.004325066227465868,-0.06106622889637947,2.47900390625,1.0
1773592152.746278,0.007535788230597973,-0.0737142488360405,2.478485107421875,1.0
1773592153.2461765,0.00843385886400938,-0.08973134309053421,2.4779052734375,1.0
1773592153.7462397,0.01321826409548521,-0.09186035394668579,2.47650146484375,1.0
1773592154.2466066,0.01731814816594124,-0.09661098569631577,2.479827880859375,1.0
1773592154.746286,0.02352858893573284,-0.09566918015480042,2.485321044921875,1.0
1773592155.246258,0.031720131635665894,-0.08505506068468094,2.486907958984375,1.0
1773592155.7462215,0.037591345608234406,-0.07909126579761505,2.4857177734375,1.0
1773592156.2468224,0.04267441853880882,-0.07683330774307251,2.48736572265625,1.0
1773592156.7473736,0.03519193455576897,-0.0653129369020462,2.488861083984375,1.0
1773592157.247277,0.028021275997161865,-0.061884064227342606,2.492401123046875,1.0
1773592157.7462816,0.028407633304595947,-0.06380758434534073,2.495819091796875,1.0
1773592158.2464256,0.032890964299440384,-0.06188344210386276,2.495513916015625,1.0
1773592158.746266,0.037130702286958694,-0.06003977358341217,2.49652099609375,1.0
1773592159.2462637,0.03460529446601868,-0.05015973746776581,2.49542236328125,1.0
1773592159.7462943,0.03533262014389038,-0.049160655587911606,2.491363525390625,1.0
1773592160.2465265,0.03786925971508026,-0.05012856796383858,2.490814208984375,1.0
1773592160.7462687,0.04280821979045868,-0.04816155135631561,2.492645263671875,1.0
1773592161.2462478,0.05537762865424156,-0.04528108984231949,2.4932861328125,1.0
1773592161.7463217,0.0642547532916069,-0.03994806110858917,2.49249267578125,1.0
1773592162.247231,0.07262541353702545,-0.03743759170174599,2.490386962890625,1.0
1773592162.7462313,0.07267788797616959,-0.03667626157402992,2.4918212890625,1.0
1773592163.2462966,0.07248083502054214,-0.0371025912463665,2.495819091796875,1.0
1773592163.746277,0.0687771737575531,-0.04017634317278862,2.494537353515625,1.0
1773592164.246689,0.054734643548727036,-0.045624226331710815,2.490692138671875,1.0
1773592164.7462676,0.0369165763258934,-0.04343032464385033,2.48828125,1.0
1773592165.24626,0.020799657329916954,-0.03308425098657608,2.486236572265625,1.0
1773592165.7462597,0.0010461962083354592,-0.021017471328377724,2.4874267578125,1.0
1773592166.2466912,-0.0038650401402264833,-0.01029939390718937,2.48541259765625,1.0
1773592166.7462757,-0.0046999589540064335,-0.0011348610278218985,2.483734130859375,1.0
1773592167.246269,-0.0017655271803960204,-0.0018449645722284913,2.480499267578125,1.0
1773592167.7462788,-0.007402027491480112,-0.0023647490888834,2.476776123046875,1.0
1773592168.246507,-0.026031970977783203,-0.0012281951494514942,2.475616455078125,1.0
1773592168.7462316,-0.046035703271627426,-0.0009785559959709644,2.476409912109375,1.0
1773592169.2462528,-0.06572782248258591,-0.0035355088766664267,2.4783935546875,1.0
1773592169.7462692,-0.08393242210149765,-0.00491709727793932,2.477325439453125,1.0
1773592170.246741,-0.08256525546312332,-0.006733255460858345,2.474578857421875,1.0
1773592170.7462735,-0.08505972474813461,-0.009328157640993595,2.46966552734375,1.0
1773592171.2462375,-0.08689936995506287,-0.013761240988969803,2.469085693359375,1.0
1773592171.7462554,-0.08842527866363525,-0.031001266092061996,2.472442626953125,1.0
1773592172.2467139,-0.08721647411584854,-0.04431149363517761,2.473907470703125,1.0
1773592172.7462816,-0.0838044136762619,-0.048887550830841064,2.47601318359375,1.0
1773592173.246271,-0.07412730902433395,-0.05182459577918053,2.47943115234375,1.0
1773592173.7462723,-0.06767819821834564,-0.04631586745381355,2.484100341796875,1.0
1773592174.2467492,-0.053052593022584915,-0.04115952178835869,2.486907958984375,1.0
1773592174.7462564,-0.03829796612262726,-0.03959355503320694,2.48687744140625,1.0
1773592175.2462614,-0.012767943553626537,-0.029436469078063965,2.48626708984375,1.0
1773592175.7462761,0.005791070871055126,-0.02970033511519432,2.482879638671875,1.0
1773592176.2467856,0.015748893842101097,-0.03694073483347893,2.485107421875,1.0
1773592176.7462745,0.024064844474196434,-0.041712939739227295,2.4893798828125,1.0
1773592177.2462215,0.023917008191347122,-0.04037319868803024,2.49322509765625,1.0
1773592177.7462306,0.03648349270224571,-0.037639085203409195,2.49420166015625,1.0
1773592178.2466066,0.054600052535533905,-0.034816015511751175,2.493194580078125,1.0
1773592178.7464042,0.07836388051509857,-0.01584082841873169,2.49615478515625,1.0
1773592179.246854,0.09480120986700058,0.0041952915489673615,2.498809814453125,1.0
1773592179.7462258,0.11571569740772247,0.016079604625701904,2.50115966796875,1.0
1773592180.246546,0.1326909065246582,0.029181789606809616,2.499114990234375,1.0
1773592180.7473087,0.13191261887550354,0.03719769045710564,2.50164794921875,1.0
1773592181.2461648,0.12521356344223022,0.04361691325902939,2.500762939453125,1.0
1773592181.746448,0.12404357641935349,0.04533598572015762,2.5025634765625,1.0
1773592182.2499616,0.12618260085582733,0.04208414629101753,2.50469970703125,1.0
1773592182.746991,0.1212611272931099,0.03411927819252014,2.5052490234375,1.0
1773592183.247582,0.10418718308210373,0.013288762420415878,2.504730224609375,1.0
1773592183.7461753,0.08239675313234329,0.0055900635197758675,2.50830078125,1.0
1773592184.246721,0.07342339307069778,0.0022415241692215204,2.5115966796875,1.0
1773592184.7462602,0.058923039585351944,-0.004596414044499397,2.51251220703125,1.0
1773592185.2463846,0.04381437972187996,-0.01084315124899149,2.510955810546875,1.0
1773592185.7463038,0.04487849399447441,-0.013383009470999241,2.509063720703125,1.0
1773592186.2467318,0.043634820729494095,-0.021836359053850174,2.509521484375,1.0
1773592186.7462583,0.03503519669175148,-0.029294950887560844,2.509033203125,1.0
1773592187.2462583,0.027877982705831528,-0.03936569765210152,2.507293701171875,1.0
1773592187.7462564,0.021803829818964005,-0.050174813717603683,2.507568359375,1.0
1773592188.2468863,0.021089766174554825,-0.056990306824445724,2.5069580078125,1.0
1773592188.7462769,0.020880501717329025,-0.06218281015753746,2.505523681640625,1.0
1773592189.246269,0.015107017010450363,-0.06356523185968399,2.505645751953125,1.0
1773592189.7463481,0.020175810903310776,-0.06954490393400192,2.503509521484375,1.0
1773592190.2465663,0.018461065366864204,-0.07646112889051437,2.508636474609375,1.0
1773592190.7463472,0.013281292282044888,-0.08321473002433777,2.51055908203125,1.0
1773592191.2462277,-0.00019048080139327794,-0.0882035344839096,2.508697509765625,1.0
1773592191.7462783,-0.004063918720930815,-0.08536101877689362,2.50518798828125,1.0
1773592192.2467484,0.0014800061471760273,-0.08154558390378952,2.50250244140625,1.0
1773592192.7462745,0.015375982969999313,-0.06703530251979828,2.49859619140625,1.0
1773592193.2462614,0.022051043808460236,-0.055665720254182816,2.497406005859375,1.0
1773592193.7462864,0.027920566499233246,-0.043579183518886566,2.49700927734375,1.0
1773592194.2466323,0.029647886753082275,-0.031313393265008926,2.498077392578125,1.0
1773592194.74626,0.03328807279467583,-0.019803745672106743,2.495635986328125,1.0
1773592195.2462695,0.027746306732296944,-0.013329090550541878,2.4947509765625,1.0
1773592195.7464895,0.01498788595199585,-0.009375996887683868,2.4945068359375,1.0
1773592196.2465467,0.00039854683564044535,-0.012877611443400383,2.495086669921875,1.0
1773592196.746387,-0.00517639983445406,-0.022612741217017174,2.492889404296875,1.0
1773592197.2463052,-0.0019290947820991278,-0.033304035663604736,2.49261474609375,1.0
1773592197.746277,-0.00017141799617093056,-0.037769999355077744,2.494598388671875,1.0
1773592198.2466688,0.003146737115457654,-0.05456337332725525,2.494842529296875,1.0
1773592198.7462482,0.006437164265662432,-0.07285445928573608,2.4971923828125,1.0
1773592199.246309,0.013310282491147518,-0.0834086537361145,2.496002197265625,1.0
1773592199.746444,0.0161169171333313,-0.09535954147577286,2.493927001953125,1.0
1773592200.2468903,0.028382420539855957,-0.09848839044570923,2.494964599609375,1.0
1773592200.746423,0.030515698716044426,-0.08948519825935364,2.491943359375,1.0
1773592201.2462602,0.028528543189167976,-0.07907336205244064,2.491607666015625,1.0
1773592201.746377,0.020971497520804405,-0.07291459292173386,2.496551513671875,1.0
1773592202.2473872,0.02025601640343666,-0.07005607336759567,2.495513916015625,1.0
1773592202.7462766,0.025142308324575424,-0.07492286711931229,2.4921875,1.0
1773592203.2464654,0.0231906957924366,-0.0758647695183754,2.492218017578125,1.0
1773592203.7463334,0.015058020129799843,-0.08889701962471008,2.49188232421875,1.0
1773592204.2473524,0.009996769949793816,-0.10032232105731964,2.492706298828125,1.0
1773592204.7464135,0.010485459119081497,-0.10025352984666824,2.489776611328125,1.0
1773592205.2462568,0.011342912912368774,-0.08402319252490997,2.48876953125,1.0
1773592205.7462926,0.012380413711071014,-0.07031518220901489,2.489501953125,1.0
1773592206.2468176,0.023991037160158157,-0.06077459082007408,2.4886474609375,1.0
1773592206.7464616,0.032295793294906616,-0.04427996277809143,2.48681640625,1.0
1773592207.2462354,0.03275713324546814,-0.027250926941633224,2.48590087890625,1.0
1773592207.7461514,0.03181971609592438,-0.003758192528039217,2.486602783203125,1.0
1773592208.2465038,0.028404753655195236,0.023339200764894485,2.48583984375,1.0
1773592208.7463386,0.021676329895853996,0.049902670085430145,2.48529052734375,1.0
1773592209.2462182,0.0078110829927027225,0.06335338205099106,2.4827880859375,1.0
1773592209.746369,-0.0005945187294855714,0.0691399946808815,2.478790283203125,1.0
1773592210.2468185,-0.0060038319788873196,0.08266818523406982,2.475311279296875,1.0
1773592210.7463045,-0.014940032735466957,0.08968082815408707,2.4735107421875,1.0
1773592211.2463589,-0.03299671411514282,0.0838935375213623,2.47454833984375,1.0
1773592211.7467928,-0.04056665301322937,0.0733228400349617,2.476165771484375,1.0
1773592212.2467058,-0.0559225007891655,0.07697320729494095,2.47784423828125,1.0
1773592212.7463179,-0.06019052490592003,0.07930506020784378,2.482757568359375,1.0
1773592213.2464905,-0.06035751849412918,0.07808772474527359,2.4849853515625,1.0
1773592213.7464674,-0.057133276015520096,0.0814218670129776,2.48529052734375,1.0
1773592214.2470484,-0.0620679073035717,0.08049406856298447,2.487060546875,1.0
1773592214.7462769,-0.05987904220819473,0.07139639556407928,2.487396240234375,1.0
1773592215.2462504,-0.04948654770851135,0.04765116423368454,2.482940673828125,1.0
1773592215.746284,-0.033990297466516495,0.025285646319389343,2.48095703125,1.0
1773592216.2467945,-0.02006843313574791,0.012215862981975079,2.48284912109375,1.0
1773592216.7462544,-0.01358569785952568,0.004586461465805769,2.48309326171875,1.0
1773592217.2462373,-0.010980007238686085,-0.00208190712146461,2.486175537109375,1.0
1773592217.7462776,-0.011780899949371815,-0.0052613765001297,2.485626220703125,1.0
1773592218.2467325,-0.01593831181526184,-0.0011137134861201048,2.485198974609375,1.0
1773592218.7462807,-0.023005593568086624,-0.0025489653926342726,2.48504638671875,1.0
1773592219.2462544,-0.023776685819029808,-0.0017741699703037739,2.48724365234375,1.0
1773592219.7463412,-0.033578041940927505,-0.005457553081214428,2.48858642578125,1.0
1773592220.247023,-0.04803570732474327,-0.007866068743169308,2.49163818359375,1.0
1773592220.7462301,-0.056576166301965714,-0.008515001274645329,2.494476318359375,1.0
1773592221.2462287,-0.047621797770261765,-0.012592890299856663,2.495330810546875,1.0
1773592221.7462378,-0.041279904544353485,-0.014332989230751991,2.49261474609375,1.0
1773592222.246745,-0.044603753834962845,-0.01387878693640232,2.491973876953125,1.0
1773592222.7462413,-0.03311740607023239,-0.022315936163067818,2.491485595703125,1.0
1773592223.2462687,-0.01454546581953764,-0.026962019503116608,2.49346923828125,1.0
1773592223.7462666,0.00011584454477997497,-0.028275275602936745,2.492645263671875,1.0
1773592224.2470431,0.02111697569489479,-0.034932106733322144,2.4908447265625,1.0
1773592224.7463627,0.04483543708920479,-0.03303959593176842,2.486419677734375,1.0
1773592225.2464716,0.05947546660900116,-0.029132666066288948,2.482513427734375,1.0
1773592225.7462845,0.06183097884058952,-0.028057970106601715,2.483306884765625,1.0
1773592226.2468843,0.07655084133148193,-0.02531103603541851,2.48773193359375,1.0
1773592226.7462654,0.08870134502649307,-0.01950673758983612,2.48699951171875,1.0
1773592227.2462242,0.10075008124113083,-0.009916944429278374,2.486602783203125,1.0
1773592227.7462573,0.10468098521232605,-0.007606408093124628,2.488555908203125,1.0
1773592228.2467186,0.11864370852708817,-0.006805810611695051,2.488006591796875,1.0
1773592228.7462292,0.1306249052286148,-0.006624037399888039,2.488525390625,1.0
1773592229.2462265,0.1307346224784851,-0.0062086028046905994,2.491851806640625,1.0
1773592229.7467325,0.11917823553085327,-0.01489566732198,2.49176025390625,1.0
1773592230.24706,0.11561542004346848,-0.04038643091917038,2.491729736328125,1.0
1773592230.7463768,0.10710737854242325,-0.06272506713867188,2.493927001953125,1.0
1773592231.246379,0.09527164697647095,-0.08009202778339386,2.495391845703125,1.0
1773592231.7464445,0.08405633270740509,-0.08226650953292847,2.4957275390625,1.0
1773592232.24844,0.0793161615729332,-0.08019321411848068,2.497833251953125,1.0
1773592232.7463944,0.07472347468137741,-0.08359606564044952,2.50177001953125,1.0
1773592233.2461658,0.06210142746567726,-0.08562921732664108,2.501953125,1.0
1773592233.7463846,0.047478992491960526,-0.08338554203510284,2.502197265625,1.0
1773592234.2465036,0.024530421942472458,-0.0808916985988617,2.5018310546875,1.0
1773592234.7462626,0.0058193630538880825,-0.07161282747983932,2.4974365234375,1.0
1773592235.2462144,-0.007056863512843847,-0.07405464351177216,2.496185302734375,1.0
1773592235.7461839,-0.014699889346957207,-0.07769068330526352,2.4932861328125,1.0
1773592236.246465,-0.018942343071103096,-0.07734686881303787,2.488372802734375,1.0
1773592236.746172,-0.024985993281006813,-0.07214582711458206,2.486083984375,1.0
1773592237.2462876,-0.0290402602404356,-0.06444355100393295,2.48480224609375,1.0
1773592237.746307,-0.03132283315062523,-0.05250038206577301,2.48095703125,1.0
1773592238.2467482,-0.03641584888100624,-0.04203910008072853,2.477325439453125,1.0
1773592238.7463644,-0.03321956470608711,-0.034250155091285706,2.47906494140625,1.0
1773592239.2463152,-0.018093213438987732,-0.02778618223965168,2.478515625,1.0
1773592239.749226,-0.011800521053373814,-0.015758462250232697,2.4752197265625,1.0
1773592240.246319,-0.006874938495457172,-0.004022692330181599,2.474609375,1.0
1773592240.746293,-0.0013535174075514078,0.0022483819629997015,2.47406005859375,1.0
1773592241.2464147,0.008439031429588795,0.012577480636537075,2.471649169921875,1.0
1773592241.7462513,0.020149290561676025,0.021974651142954826,2.4698486328125,1.0
1773592242.2462928,0.042641643434762955,0.028013436123728752,2.469451904296875,1.0
1773592242.7462761,0.05158786475658417,0.031370747834444046,2.468414306640625,1.0
1773592243.2464092,0.06055764481425285,0.02478797733783722,2.47265625,1.0
1773592243.7462661,0.060730352997779846,0.007763020694255829,2.47808837890625,1.0
1773592244.2462897,0.062280960381031036,-0.011076982133090496,2.483673095703125,1.0
1773592244.7462976,0.06758302450180054,-0.022183489054441452,2.48724365234375,1.0
1773592245.246304,0.07216370105743408,-0.033694058656692505,2.48883056640625,1.0
1773592245.7462668,0.073139987885952,-0.038070134818553925,2.49029541015625,1.0
1773592246.2464767,0.06817585229873657,-0.03542220592498779,2.489715576171875,1.0
1773592246.7465622,0.07247787714004517,-0.034907467663288116,2.488494873046875,1.0
1773592247.2462523,0.07368407398462296,-0.034896329045295715,2.491180419921875,1.0
1773592247.7463222,0.0689680427312851,-0.029137082397937775,2.493194580078125,1.0
1773592248.2463403,0.07120881974697113,-0.0323575921356678,2.49761962890625,1.0
1773592248.7462423,0.06742289662361145,-0.033252373337745667,2.49749755859375,1.0
1773592249.2462842,0.0696924701333046,-0.0372433066368103,2.49517822265625,1.0
1773592249.7462933,0.06718485057353973,-0.044043149799108505,2.4959716796875,1.0
1773592250.2465987,0.06650250405073166,-0.0533292293548584,2.4971923828125,1.0
1773592250.7464402,0.06348872184753418,-0.05028160661458969,2.499237060546875,1.0
1773592251.2463043,0.06131954863667488,-0.03964126482605934,2.498443603515625,1.0
1773592251.7462795,0.059834521263837814,-0.022213919088244438,2.497650146484375,1.0
1773592252.2462482,0.057267166674137115,-0.007279964629560709,2.49847412109375,1.0
1773592252.7463093,0.05614867061376572,0.002719914773479104,2.497161865234375,1.0
1773592253.2462614,0.05366640165448189,0.010498033836483955,2.4957275390625,1.0
1773592253.7462456,0.060472533106803894,0.01012988667935133,2.494659423828125,1.0
1773592254.2463152,0.06490780413150787,-0.002655009739100933,2.49334716796875,1.0
1773592254.7463565,0.07065519690513611,-0.033736083656549454,2.494598388671875,1.0
1773592255.2462556,0.07276204228401184,-0.0574684701859951,2.4935302734375,1.0
1773592255.7465892,0.07540211826562881,-0.06873531639575958,2.4947509765625,1.0
1773592256.2496872,0.08398409187793732,-0.07269483804702759,2.4996337890625,1.0
1773592256.746294,0.08725693821907043,-0.06985778361558914,2.500885009765625,1.0
1773592257.246686,0.08654017746448517,-0.07172460108995438,2.4986572265625,1.0
1773592257.7466161,0.07854019850492477,-0.07388618588447571,2.4971923828125,1.0
1773592258.246644,0.06763055175542831,-0.0723431184887886,2.49334716796875,1.0
1773592258.746379,0.053287919610738754,-0.06886602193117142,2.486846923828125,1.0
1773592259.2465057,0.04370423033833504,-0.06665194034576416,2.483001708984375,1.0
1773592259.746215,0.035189975053071976,-0.06448058038949966,2.483978271484375,1.0
1773592260.2467515,0.024680497124791145,-0.059295520186424255,2.485504150390625,1.0
1773592260.746523,0.012295284308493137,-0.05559571459889412,2.4888916015625,1.0
1773592261.2462718,0.009077319875359535,-0.03646620362997055,2.489410400390625,1.0
1773592261.746182,0.008390498347580433,-0.012285513803362846,2.48980712890625,1.0
1773592262.2470143,0.0086560919880867,0.00807453878223896,2.492462158203125,1.0
1773592262.7473314,0.0015023446176201105,0.01257250178605318,2.49176025390625,1.0
1773592263.2463036,0.002260866342112422,0.01442536897957325,2.489288330078125,1.0
1773592263.7461762,0.003994648810476065,0.01477556861937046,2.4853515625,1.0
1773592264.2463133,0.007260538637638092,0.014149070717394352,2.484710693359375,1.0
1773592264.7462451,0.011378820054233074,0.014416906051337719,2.485107421875,1.0
1773592265.2462046,0.02506781741976738,0.0076377722434699535,2.484954833984375,1.0
1773592265.7463665,0.03062383085489273,0.0015967324143275619,2.485595703125,1.0
1773592266.2473195,0.02967110648751259,-0.0038564528804272413,2.48956298828125,1.0
1773592266.7462385,0.02391524240374565,-0.01138291135430336,2.48992919921875,1.0
1773592267.2463021,0.015051543712615967,-0.01860923320055008,2.490753173828125,1.0
1773592267.7461758,0.0009094335837289691,-0.026883140206336975,2.489776611328125,1.0
1773592268.2468812,-0.009375488385558128,-0.03607804328203201,2.4945068359375,1.0
1773592268.7462442,-0.0019822565373033285,-0.04372707009315491,2.4967041015625,1.0
1773592269.2464433,0.007615155540406704,-0.04992571845650673,2.5006103515625,1.0
1773592269.7462626,0.01008086558431387,-0.05196744576096535,2.5037841796875,1.0
1773592270.2463276,0.015614310279488564,-0.051507577300071716,2.504150390625,1.0
1773592270.746262,0.025205383077263832,-0.05127105489373207,2.5059814453125,1.0
1773592271.2462375,0.03772381320595741,-0.05426246300339699,2.50897216796875,1.0
1773592271.7462645,0.04724525287747383,-0.059124428778886795,2.5096435546875,1.0
1773592272.2464154,0.04717186093330383,-0.06001555174589157,2.5115966796875,1.0
1773592272.7462864,0.04045264422893524,-0.061525680124759674,2.51336669921875,1.0
1773592273.2462733,0.03400101140141487,-0.06122826039791107,2.5140380859375,1.0
1773592273.7462685,0.04211323708295822,-0.06514416635036469,2.5147705078125,1.0
1773592274.2464235,0.051877498626708984,-0.06711910665035248,2.511932373046875,1.0
1773592274.7465162,0.05397634580731392,-0.06632208079099655,2.510345458984375,1.0
1773592275.246217,0.0606108084321022,-0.06879714876413345,2.512054443359375,1.0
1773592275.7462964,0.06174167990684509,-0.0697314664721489,2.514251708984375,1.0
1773592276.2465868,0.060631562024354935,-0.06966760754585266,2.51007080078125,1.0
1773592276.7464166,0.06530168652534485,-0.06746004521846771,2.509063720703125,1.0
1773592277.2462606,0.06761255115270615,-0.06888490915298462,2.5059814453125,1.0
1773592277.746262,0.06714940816164017,-0.06470885127782822,2.5048828125,1.0
1773592278.246339,0.06484779715538025,-0.05417146161198616,2.503509521484375,1.0
1773592278.7462442,0.056879885494709015,-0.03757283464074135,2.506378173828125,1.0
1773592279.2462626,0.05593227222561836,-0.026160845533013344,2.5123291015625,1.0
1773592279.746262,0.05115358904004097,-0.02293606474995613,2.513336181640625,1.0
1773592280.2463152,0.04262645170092583,-0.014395770616829395,2.511383056640625,1.0
1773592280.7463005,0.03286352381110191,-0.008693822659552097,2.5084228515625,1.0
1773592281.2462451,0.019524306058883667,0.007948282174766064,2.50799560546875,1.0
1773592281.7462664,-0.0001986719435080886,0.024180548265576363,2.5106201171875,1.0
1773592282.2469552,-0.010208569467067719,0.029945777729153633,2.512908935546875,1.0
1773592282.7462835,-0.013793875463306904,0.03830379620194435,2.51361083984375,1.0
1773592283.2462604,-0.015473834238946438,0.052387550473213196,2.510711669921875,1.0
1773592283.7462354,-0.015824655070900917,0.057341016829013824,2.509063720703125,1.0
1773592284.2463052,-0.01865890994668007,0.05094814673066139,2.509185791015625,1.0
1773592284.7462702,-0.03385159745812416,0.03922560438513756,2.506866455078125,1.0
1773592285.2462482,-0.06159769371151924,0.0234528835862875,2.50860595703125,1.0
1773592285.7462807,-0.0799693614244461,0.010876203887164593,2.507904052734375,1.0
1773592286.2463136,-0.0778445154428482,0.005888778250664473,2.505584716796875,1.0
1773592286.7462184,-0.07824557274580002,0.0059229289181530476,2.5057373046875,1.0
1773592287.2462423,-0.07412765920162201,0.0037398573476821184,2.506072998046875,1.0
1773592287.7462556,-0.06371745467185974,-0.0004139240481890738,2.505462646484375,1.0
1773592288.246284,-0.05916019156575203,0.003529026173055172,2.50396728515625,1.0
1773592288.746229,-0.05020805448293686,-0.0030828125309199095,2.5029296875,1.0
1773592289.246265,-0.046438924968242645,-0.007709678262472153,2.506439208984375,1.0
1773592289.746357,-0.037554893642663956,-0.008037583902478218,2.506744384765625,1.0
1773592290.246548,-0.024432586506009102,-0.00935327261686325,2.506683349609375,1.0
1773592290.746267,-0.02075204811990261,-0.012969445437192917,2.506134033203125,1.0
1773592291.24627,-0.019100842997431755,-0.017839284613728523,2.50787353515625,1.0
1773592291.7463,-0.017200471833348274,-0.031032666563987732,2.511077880859375,1.0
1773592292.2463176,-0.005187766160815954,-0.04593291133642197,2.509552001953125,1.0
1773592292.7463036,0.0064160204492509365,-0.05667869746685028,2.51019287109375,1.0
1773592293.2462432,0.023971589282155037,-0.06749740988016129,2.51263427734375,1.0
1773592293.7462952,0.04456070810556412,-0.08001889288425446,2.51318359375,1.0
1773592294.246635,0.06010102108120918,-0.08710288256406784,2.50787353515625,1.0
1773592294.7463133,0.06670666486024857,-0.08789154142141342,2.504180908203125,1.0
1773592295.2462747,0.06495119631290436,-0.09520554542541504,2.5040283203125,1.0
1773592295.7462158,0.053568027913570404,-0.10561762750148773,2.502655029296875,1.0
1773592296.246357,0.043808430433273315,-0.11482425034046173,2.502532958984375,1.0
1773592296.7462726,0.04748488962650299,-0.11364815384149551,2.5015869140625,1.0
1773592297.2462518,0.055666033178567886,-0.11870414018630981,2.499237060546875,1.0
1773592297.7462552,0.05743240565061569,-0.1175939217209816,2.49798583984375,1.0
1773592298.246367,0.05580568686127663,-0.11033701151609421,2.498138427734375,1.0
1773592298.746308,0.062478456646203995,-0.09969069063663483,2.49530029296875,1.0
1773592299.246597,0.06702788919210434,-0.09024955332279205,2.489501953125,1.0
1773592299.7462947,0.06732221692800522,-0.07593308389186859,2.48748779296875,1.0
1773592300.2464533,0.06098272278904915,-0.057059284299612045,2.486053466796875,1.0
1773592300.7463326,0.06449496001005173,-0.04346131533384323,2.482696533203125,1.0
1773592301.2463005,0.061730071902275085,-0.02910327911376953,2.479949951171875,1.0
1773592301.7462752,0.050835415720939636,-0.023380352184176445,2.47998046875,1.0
1773592302.246426,0.052131496369838715,-0.022722190245985985,2.482879638671875,1.0
1773592302.7464073,0.049115441739559174,-0.024153437465429306,2.487518310546875,1.0
1773592303.246229,0.04791870713233948,-0.02919110096991062,2.48992919921875,1.0
1773592303.7462308,0.047857481986284256,-0.035522982478141785,2.49114990234375,1.0
1773592304.246265,0.044918712228536606,-0.03868401423096657,2.490203857421875,1.0
1773592304.7464068,0.045989327132701874,-0.03759253770112991,2.489013671875,1.0
1773592305.2462661,0.051194943487644196,-0.03903734311461449,2.4873046875,1.0
1773592305.7462718,0.04726118966937065,-0.030848363414406776,2.487274169921875,1.0
1773592306.2468596,0.038397517055273056,-0.016543855890631676,2.48828125,1.0
1773592306.746185,0.033610451966524124,0.0036855903454124928,2.489105224609375,1.0
1773592307.2461796,0.02759844996035099,0.027095261961221695,2.486114501953125,1.0
1773592307.7461932,0.024411173537373543,0.031097406521439552,2.486907958984375,1.0
1773592308.2462957,0.02281615324318409,0.022689934819936752,2.487884521484375,1.0
1773592308.7462187,0.019534720107913017,0.021102042868733406,2.488433837890625,1.0
1773592309.2462063,0.01436700951308012,0.02253827638924122,2.488037109375,1.0
1773592309.7462146,0.008616840466856956,0.02243160642683506,2.482666015625,1.0
1773592310.2463512,0.005826566368341446,0.02372623421251774,2.48046875,1.0
1773592310.7461967,0.005420140456408262,0.024756014347076416,2.480010986328125,1.0
1773592311.246374,-0.007523103151470423,0.02062329091131687,2.477691650390625,1.0
1773592311.7462707,-0.010658028535544872,0.008532587438821793,2.476165771484375,1.0
1773592312.2465668,-0.015375236049294472,-0.006701271049678326,2.480438232421875,1.0
1773592312.7461624,-0.01833299733698368,-0.010308554396033287,2.48016357421875,1.0
1773592313.2467973,-0.025555187836289406,-0.005110600497573614,2.4737548828125,1.0
1773592313.7462847,-0.04117972403764725,0.0017536134691908956,2.46893310546875,1.0
1773592314.2468934,-0.044347330927848816,0.009775790385901928,2.46441650390625,1.0
1773592314.7462795,-0.03988683223724365,0.025751791894435883,2.463592529296875,1.0
1773592315.2462516,-0.034121617674827576,0.04356047138571739,2.461578369140625,1.0
1773592315.7462664,-0.014875984750688076,0.04910013824701309,2.46429443359375,1.0
1773592316.246445,5.1680640353879426e-06,0.0524427704513073,2.46697998046875,1.0
1773592316.7462544,0.011532757431268692,0.06047947332262993,2.46929931640625,1.0
1773592317.2462597,0.005161585286259651,0.06726258248090744,2.469024658203125,1.0
1773592317.7462182,0.003955070395022631,0.060248855501413345,2.4696044921875,1.0
1773592318.246377,0.007426878437399864,0.05979728326201439,2.4736328125,1.0
1773592318.746411,0.008313785307109356,0.06081481650471687,2.474395751953125,1.0
1773592319.2462862,0.007905608974397182,0.06976622343063354,2.473175048828125,1.0
1773592319.7463036,0.008972064591944218,0.06816613674163818,2.473602294921875,1.0
1773592320.2467763,0.004394005052745342,0.06110130995512009,2.473114013671875,1.0
1773592320.7462838,0.0020766158122569323,0.05443150922656059,2.473724365234375,1.0
1773592321.2462208,-0.0016752820229157805,0.061153594404459,2.4722900390625,1.0
1773592321.7462354,-0.007808472961187363,0.05707557126879692,2.47100830078125,1.0
1773592322.2474375,-0.007568734232336283,0.03638942912220955,2.474090576171875,1.0
1773592322.7462919,-0.006017581559717655,0.012907763011753559,2.477142333984375,1.0
1773592323.2465134,-0.005307882558554411,-0.0028659708332270384,2.478515625,1.0
1773592323.7462535,-0.0066709257662296295,-0.009493688121438026,2.48150634765625,1.0
1773592324.2467597,0.002669836161658168,-0.017890142276883125,2.481536865234375,1.0
1773592324.7462327,0.012363368645310402,-0.026462621986865997,2.483551025390625,1.0
1773592325.2462249,0.027074851095676422,-0.03143634274601936,2.48883056640625,1.0
1773592325.7462723,0.03821129351854324,-0.026304438710212708,2.493316650390625,1.0
1773592326.2464366,0.04038616269826889,-0.024361494928598404,2.492950439453125,1.0
1773592326.746257,0.039420560002326965,-0.02883727289736271,2.493927001953125,1.0
1773592327.246264,0.04712137207388878,-0.036324795335531235,2.50164794921875,1.0
1773592327.7462668,0.05693923309445381,-0.04147295281291008,2.508148193359375,1.0
1773592328.246501,0.05773197486996651,-0.037884000688791275,2.511322021484375,1.0
1773592328.7462626,0.054579149931669235,-0.0327937938272953,2.50640869140625,1.0
1773592329.2462525,0.05451767519116402,-0.029069213196635246,2.506805419921875,1.0
1773592329.7462456,0.0543995127081871,-0.030572708696126938,2.5057373046875,1.0
1773592330.2465804,0.04457516968250275,-0.032981835305690765,2.50543212890625,1.0
1773592330.7462823,0.027000222355127335,-0.040380749851465225,2.504913330078125,1.0
1773592331.2462428,0.021996714174747467,-0.047119807451963425,2.5067138671875,1.0
1773592331.7462795,0.024258799850940704,-0.05640792474150658,2.507415771484375,1.0
1773592332.2463977,0.02350630983710289,-0.056885331869125366,2.5052490234375,1.0
1773592332.7462711,0.015999983996152878,-0.05414149537682533,2.505279541015625,1.0
1773592333.2462182,0.020827163010835648,-0.05566295608878136,2.50567626953125,1.0
1773592333.746317,0.022287720814347267,-0.05970778316259384,2.50445556640625,1.0
1773592334.2465515,0.02217087149620056,-0.059270091354846954,2.50360107421875,1.0
1773592334.7462215,0.020947908982634544,-0.056856587529182434,2.503997802734375,1.0
1773592335.2461936,0.018624944612383842,-0.06038357689976692,2.503265380859375,1.0
1773592335.7462518,0.017958661541342735,-0.06199538707733154,2.5029296875,1.0
1773592336.246579,0.020945262163877487,-0.05612983554601669,2.5008544921875,1.0
1773592336.7462103,0.025244656950235367,-0.05275282263755798,2.5009765625,1.0
1773592337.246262,0.032735008746385574,-0.05801144242286682,2.503265380859375,1.0
1773592337.746259,0.031093629077076912,-0.059624869376420975,2.505645751953125,1.0
1773592338.246564,0.03826680779457092,-0.0645856186747551,2.507720947265625,1.0
1773592338.7462296,0.04910634085536003,-0.0640462264418602,2.50830078125,1.0
1773592339.2462258,0.06239829584956169,-0.05072867497801781,2.505523681640625,1.0
1773592339.7463453,0.06480198353528976,-0.044469937682151794,2.503570556640625,1.0
1773592340.2469869,0.061518143862485886,-0.049473024904727936,2.501434326171875,1.0
1773592340.7464356,0.05726035311818123,-0.040749017149209976,2.4967041015625,1.0
1773592341.246246,0.047925498336553574,-0.03327736258506775,2.497802734375,1.0
1773592341.746211,0.03733747452497482,-0.032450687140226364,2.500457763671875,1.0
1773592342.2467735,0.030332094058394432,-0.026228485628962517,2.5023193359375,1.0
1773592342.746365,0.027689803391695023,-0.024163175374269485,2.50054931640625,1.0
1773592343.2463346,0.018670978024601936,-0.028481725603342056,2.499908447265625,1.0
1773592343.7469254,0.004058504011482,-0.040109142661094666,2.50067138671875,1.0
1773592344.246548,-0.009304658509790897,-0.05509721487760544,2.50152587890625,1.0
1773592344.7464905,-0.02183271013200283,-0.059894416481256485,2.500030517578125,1.0
1773592345.2462661,-0.02893032692372799,-0.05985065549612045,2.50152587890625,1.0
1773592345.7462552,-0.03265950828790665,-0.05645822361111641,2.497283935546875,1.0
1773592346.2467093,-0.034735143184661865,-0.05707342550158501,2.49383544921875,1.0
1773592346.7462552,-0.03066016361117363,-0.05615305155515671,2.493927001953125,1.0
1773592347.2463427,-0.026427168399095535,-0.043178390711545944,2.49847412109375,1.0
1773592347.7463489,-0.020097030326724052,-0.03287762030959129,2.501739501953125,1.0
1773592348.2464828,-0.010606382973492146,-0.03177272155880928,2.503692626953125,1.0
1773592348.7462313,-0.0015789539320394397,-0.030283940955996513,2.503570556640625,1.0
1773592349.2462215,-0.004812133964151144,-0.01091983076184988,2.50042724609375,1.0
1773592349.746297,-0.002701995661482215,-0.004329647868871689,2.501434326171875,1.0
1773592350.2464824,0.009444836527109146,0.0013962448574602604,2.497955322265625,1.0
1773592350.7462351,0.017462506890296936,0.013597480021417141,2.49346923828125,1.0
1773592351.2462618,0.022308191284537315,0.01927870698273182,2.4903564453125,1.0
1773592351.7463174,0.021273409947752953,0.009368689730763435,2.487213134765625,1.0
1773592352.2465227,0.01096255797892809,0.0010778107680380344,2.4849853515625,1.0
1773592352.7462618,0.005061013624072075,-0.0011148519115522504,2.483642578125,1.0
1773592353.2465754,0.010303335264325142,0.0004415552830323577,2.48406982421875,1.0
1773592353.7462351,0.017926467582583427,0.007368580903857946,2.480987548828125,1.0
1773592354.2468855,0.01907544769346714,0.009900413453578949,2.483154296875,1.0
1773592354.746253,0.015253308229148388,0.0007416632724925876,2.485595703125,1.0
1773592355.2462175,0.019533725455403328,-0.003400739748030901,2.4847412109375,1.0
1773592355.7463462,0.02934497408568859,-0.010438197292387486,2.4814453125,1.0
1773592356.2464342,0.030297713354229927,-0.01435653306543827,2.4796142578125,1.0
1773592356.7462814,0.028202373534440994,-0.016587289050221443,2.476806640625,1.0
1773592357.2463193,0.0361807607114315,-0.019625090062618256,2.478546142578125,1.0
1773592357.7463014,0.04076682776212692,-0.020407306030392647,2.478118896484375,1.0
1773592358.2468324,0.04283526912331581,-0.023297039791941643,2.477569580078125,1.0
1773592358.7462509,0.03448324277997017,-0.019423099234700203,2.477447509765625,1.0
1773592359.246238,0.028627591207623482,-0.005753725301474333,2.478790283203125,1.0
1773592359.7462783,0.03312354534864426,-0.0020057836081832647,2.47564697265625,1.0
1773592360.246613,0.02932494506239891,-0.004682454746216536,2.476287841796875,1.0
1773592360.7463517,0.032885778695344925,-0.014256161637604237,2.4788818359375,1.0
1773592361.2462306,0.0265633687376976,-0.026880905032157898,2.481964111328125,1.0
1773592361.7462654,0.006821848917752504,-0.03933783620595932,2.48199462890625,1.0
1773592362.2463984,-0.006999872624874115,-0.04250216856598854,2.481719970703125,1.0
1773592362.7462564,-0.014724375680088997,-0.03399999439716339,2.482940673828125,1.0
1773592363.2462382,-0.021154070273041725,-0.027850031852722168,2.482421875,1.0
1773592363.7462995,-0.016058484092354774,-0.01831628940999508,2.4822998046875,1.0
1773592364.2464483,-0.010456282645463943,-0.008451476693153381,2.483245849609375,1.0
1773592364.7463048,-0.0068976483307778835,0.0004917196929454803,2.48541259765625,1.0
1773592365.246258,0.010743233375251293,0.002389336936175823,2.4881591796875,1.0
1773592365.746244,0.024802688509225845,0.0033278956543654203,2.490447998046875,1.0
1773592366.2465012,0.03543715178966522,0.005765574984252453,2.489959716796875,1.0
1773592366.7462702,0.034970350563526154,0.006395234726369381,2.48883056640625,1.0
1773592367.2461886,0.032165009528398514,0.007749203126877546,2.48883056640625,1.0
1773592367.7461863,0.009653126820921898,0.004263426177203655,2.4912109375,1.0
1773592368.2464275,-0.008193315006792545,-0.009462344460189342,2.491973876953125,1.0
1773592368.7464533,-0.016614826396107674,-0.02861565165221691,2.495147705078125,1.0
1773592369.2463217,-0.029446709901094437,-0.053527455776929855,2.500335693359375,1.0
1773592369.7462332,-0.03432469815015793,-0.06132755056023598,2.499298095703125,1.0
1773592370.2470071,-0.02982201986014843,-0.062211211770772934,2.49774169921875,1.0
1773592370.74649,-0.019499406218528748,-0.0556723028421402,2.4986572265625,1.0
1773592371.246191,-0.018678825348615646,-0.038558293133974075,2.5050048828125,1.0
1773592371.7462366,-0.017857234925031662,-0.01749124377965927,2.503662109375,1.0
1773592372.2474263,-0.015388400293886662,-0.0017595157260075212,2.50390625,1.0
1773592372.746258,-0.0038063840474933386,0.007439982146024704,2.502593994140625,1.0
1773592373.2465844,0.0008506596786901355,0.012189075350761414,2.503692626953125,1.0
1773592373.7464645,0.00239516026340425,0.025305643677711487,2.50189208984375,1.0
1773592374.247156,0.0030935131944715977,0.03975822404026985,2.50341796875,1.0
1773592374.7462928,0.005742564797401428,0.048810482025146484,2.505401611328125,1.0
1773592375.246477,0.013966966420412064,0.05007360875606537,2.505279541015625,1.0
1773592375.7463822,0.020909156650304794,0.0563809871673584,2.505401611328125,1.0
1773592376.2465224,0.01758311316370964,0.05982169881463051,2.50341796875,1.0
1773592376.746345,0.017069386318325996,0.05654963478446007,2.501953125,1.0
1773592377.2462835,0.013487524352967739,0.056029364466667175,2.502655029296875,1.0
1773592377.7463186,0.019509604200720787,0.056661490350961685,2.50079345703125,1.0
1773592378.2468333,0.030369533225893974,0.05574481189250946,2.498199462890625,1.0
1773592378.7462287,0.04035276547074318,0.05580753833055496,2.496978759765625,1.0
1773592379.2462904,0.03675884008407593,0.04574309661984444,2.496337890625,1.0
1773592379.7463212,0.030352922156453133,0.030652249231934547,2.497833251953125,1.0
1773592380.246523,0.01490846648812294,0.020060410723090172,2.4989013671875,1.0
1773592380.7462552,0.0014472580514848232,0.007455445360392332,2.500762939453125,1.0
1773592381.2462547,-0.009200476109981537,-0.0030196444131433964,2.502471923828125,1.0
1773592381.746421,-0.009922673925757408,-0.00596437556669116,2.4996337890625,1.0
1773592382.2465212,-0.00734501238912344,-0.0061187176033854485,2.49908447265625,1.0
1773592382.7462533,-0.01013224571943283,-0.0035008497070521116,2.4967041015625,1.0
1773592383.2462623,-0.014381966553628445,-0.007372002582997084,2.494110107421875,1.0
1773592383.7462497,-0.02480492740869522,-0.006288150791078806,2.49249267578125,1.0
1773592384.2465038,-0.03073773719370365,-0.009481153450906277,2.493194580078125,1.0
1773592384.7464185,-0.023208366706967354,-0.00836508721113205,2.492828369140625,1.0
1773592385.2462666,-0.021537452936172485,-0.004253495018929243,2.494293212890625,1.0
1773592385.7462323,-0.022718586027622223,-0.004735095892101526,2.496917724609375,1.0
1773592386.246713,-0.018852852284908295,-0.012347133830189705,2.498382568359375,1.0
1773592386.7462595,-0.026070237159729004,-0.020568126812577248,2.498779296875,1.0
1773592387.2462602,-0.02708609215915203,-0.024372467771172523,2.494598388671875,1.0
1773592387.7463439,-0.02995917573571205,-0.03126264363527298,2.493865966796875,1.0
1773592388.2467058,-0.038465715944767,-0.041184842586517334,2.49310302734375,1.0
1773592388.7464497,-0.03905252367258072,-0.044496916234493256,2.492095947265625,1.0
1773592389.246259,-0.036240462213754654,-0.05096945911645889,2.491302490234375,1.0
1773592389.7462397,-0.0414360836148262,-0.05534721538424492,2.4951171875,1.0
1773592390.2463446,-0.03929673135280609,-0.05229642614722252,2.49853515625,1.0
1773592390.7462547,-0.03147032856941223,-0.045199207961559296,2.498077392578125,1.0
1773592391.246262,-0.024204518646001816,-0.03925056383013725,2.491668701171875,1.0
1773592391.7463307,-0.020112909376621246,-0.030753707513213158,2.488433837890625,1.0
1773592392.2467458,-0.01038706861436367,-0.02421955205500126,2.488006591796875,1.0
1773592392.7462494,-0.00508556654676795,-0.024732166901230812,2.48577880859375,1.0
1773592393.24625,0.003999611362814903,-0.021345268934965134,2.4866943359375,1.0
1773592393.746246,0.004939166828989983,-0.016492068767547607,2.487640380859375,1.0
1773592394.2466888,0.0012488438514992595,-0.010413387790322304,2.485626220703125,1.0
1773592394.7462225,-0.001276506227441132,-0.013414044864475727,2.48486328125,1.0
1773592395.2462475,0.003971950616687536,-0.026662375777959824,2.484375,1.0
1773592395.7462847,0.015930132940411568,-0.05637843534350395,2.483245849609375,1.0
1773592396.2463188,0.021983465179800987,-0.07863755524158478,2.481170654296875,1.0
1773592396.7466035,0.029562003910541534,-0.08550187200307846,2.479583740234375,1.0
1773592397.2462604,0.03916417434811592,-0.09351302683353424,2.4788818359375,1.0
1773592397.7462537,0.05536718666553497,-0.10512702912092209,2.478790283203125,1.0
1773592398.2472272,0.06172982230782509,-0.10557302832603455,2.476654052734375,1.0
1773592398.746254,0.0760236456990242,-0.10097430646419525,2.47540283203125,1.0
1773592399.2463646,0.09057394415140152,-0.09526833891868591,2.47503662109375,1.0
1773592399.7463386,0.09295594692230225,-0.08423930406570435,2.4718017578125,1.0
1773592400.2468674,0.08584419637918472,-0.07418408989906311,2.47308349609375,1.0
1773592400.7467427,0.0768430083990097,-0.06594492495059967,2.473388671875,1.0
1773592401.2466953,0.07649784535169601,-0.06561853736639023,2.473297119140625,1.0
1773592401.7462995,0.07416653633117676,-0.06074801832437515,2.472747802734375,1.0
1773592402.2466495,0.07224605977535248,-0.059291329234838486,2.47247314453125,1.0
1773592402.7463186,0.07804284244775772,-0.05959001183509827,2.474151611328125,1.0
1773592403.246261,0.07760890573263168,-0.06129317730665207,2.4781494140625,1.0
1773592403.7463555,0.07638860493898392,-0.06675830483436584,2.482940673828125,1.0
1773592404.2464058,0.07448065280914307,-0.06516613066196442,2.4852294921875,1.0
1773592404.7462227,0.06568045914173126,-0.05200958997011185,2.4866943359375,1.0
1773592405.2462845,0.05495017021894455,-0.03783939406275749,2.488677978515625,1.0
1773592405.7462637,0.052037131041288376,-0.040427327156066895,2.491546630859375,1.0
1773592406.246355,0.04266692325472832,-0.04061833396553993,2.49151611328125,1.0
1773592406.7462637,0.035556893795728683,-0.0403791107237339,2.494384765625,1.0
1773592407.2467833,0.024720720946788788,-0.04098590090870857,2.49810791015625,1.0
1773592407.7463157,0.02267307974398136,-0.028426725417375565,2.5054931640625,1.0
1773592408.2464952,0.02225431799888611,-0.014308266341686249,2.509796142578125,1.0
1773592408.7464857,0.01294407807290554,-0.010502923280000687,2.50982666015625,1.0
1773592409.2462547,0.007246488705277443,-0.0062185837887227535,2.5078125,1.0
1773592409.7462606,0.00699567561969161,0.0012915019178763032,2.50860595703125,1.0
1773592410.2465763,7.11003813194111e-05,0.005956125445663929,2.506256103515625,1.0
1773592410.7462554,-0.00811895914375782,0.014035283587872982,2.505950927734375,1.0
1773592411.2462697,-0.00623714504763484,0.0123722143471241,2.506011962890625,1.0
1773592411.7463348,-0.0063909548334777355,0.009081771597266197,2.510498046875,1.0
1773592412.2463725,-0.006996201816946268,0.000419701129430905,2.513275146484375,1.0
1773592412.7462552,-0.012673012912273407,-0.013029738329350948,2.516357421875,1.0
1773592413.2463057,-0.013439004309475422,-0.02566254325211048,2.5157470703125,1.0
1773592413.7462928,-0.006370955146849155,-0.037698883563280106,2.51654052734375,1.0
1773592414.246411,0.016423022374510765,-0.04028960317373276,2.51568603515625,1.0
1773592414.74631,0.04074292629957199,-0.040217623114585876,2.50994873046875,1.0
1773592415.246299,0.06059477478265762,-0.03857726603746414,2.509246826171875,1.0
1773592415.7463264,0.09475152939558029,-0.023673007264733315,2.511688232421875,1.0
1773592416.2464838,0.11741075664758682,-0.006978937890380621,2.510223388671875,1.0
1773592416.7462726,0.12453378736972809,-0.003449319861829281,2.511260986328125,1.0
1773592417.2462287,0.11933828890323639,-0.0034256314393132925,2.511077880859375,1.0
1773592417.7463348,0.12025979161262512,0.005979781039059162,2.51104736328125,1.0
1773592418.2463644,0.1173231303691864,0.01712283492088318,2.511688232421875,1.0
1773592418.746262,0.10964465141296387,0.03450240194797516,2.510498046875,1.0
1773592419.246242,0.10832153260707855,0.045978255569934845,2.509368896484375,1.0
1773592419.7463083,0.11189883947372437,0.048764873296022415,2.5152587890625,1.0
1773592420.246464,0.10790687799453735,0.04665336757898331,2.515594482421875,1.0
1773592420.7462595,0.10326021909713745,0.042159952223300934,2.514801025390625,1.0
1773592421.246321,0.0863991528749466,0.027641670778393745,2.51373291015625,1.0
1773592421.7462788,0.07870609313249588,0.024320507422089577,2.5152587890625,1.0
1773592422.2463133,0.07933530956506729,0.026855625212192535,2.51556396484375,1.0
1773592422.7462835,0.0739080160856247,0.028418727219104767,2.515655517578125,1.0
1773592423.2463083,0.06933417916297913,0.03160388767719269,2.51129150390625,1.0
1773592423.7462602,0.05582837387919426,0.033802855759859085,2.50872802734375,1.0
1773592424.246589,0.044015102088451385,0.026338087394833565,2.50579833984375,1.0
1773592424.746315,0.035812344402074814,0.015220669098198414,2.502349853515625,1.0
1773592425.2462418,0.024046409875154495,0.006530365906655788,2.500457763671875,1.0
1773592425.7462835,0.01515154168009758,-0.009667429141700268,2.501129150390625,1.0
1773592426.2464883,0.015679439529776573,-0.025741437450051308,2.498748779296875,1.0
1773592426.746208,0.01377693098038435,-0.04150339215993881,2.496490478515625,1.0
1773592427.2461894,0.011107157915830612,-0.05277883633971214,2.493499755859375,1.0
1773592427.7463732,0.01096957828849554,-0.056759800761938095,2.489471435546875,1.0
1773592428.24776,0.01276252418756485,-0.057467881590127945,2.48681640625,1.0
1773592428.7463295,0.01249428279697895,-0.060528408735990524,2.4814453125,1.0
1773592429.246162,0.011600397527217865,-0.0602034330368042,2.481964111328125,1.0
1773592429.7461388,-0.0008106197346933186,-0.05870440602302551,2.481292724609375,1.0
1773592430.2464502,-0.007481570355594158,-0.0582188218832016,2.480255126953125,1.0
1773592430.746301,-0.015710491687059402,-0.059084195643663406,2.4759521484375,1.0
1773592431.2462654,-0.012943804264068604,-0.048188354820013046,2.47650146484375,1.0
1773592431.7462807,-0.002264088951051235,-0.03925643488764763,2.476837158203125,1.0
1773592432.2466104,0.0032574411015957594,-0.0398811511695385,2.478118896484375,1.0
1773592432.7462592,-0.0031239246018230915,-0.04275915026664734,2.4798583984375,1.0
1773592433.2463017,-0.005010759457945824,-0.03770557790994644,2.4801025390625,1.0
1773592433.7462592,0.0038965940475463867,-0.03728736564517021,2.47955322265625,1.0
1773592434.246616,0.015238153748214245,-0.03321792185306549,2.47821044921875,1.0
1773592434.7462351,0.019552722573280334,-0.02717255800962448,2.479034423828125,1.0
1773592435.2462182,0.022069886326789856,-0.019916826859116554,2.477142333984375,1.0
1773592435.7463572,0.037338219583034515,-0.003786141751334071,2.475738525390625,1.0
1773592436.24649,0.04160157963633537,0.018160460516810417,2.476776123046875,1.0
1773592436.7462585,0.044227614998817444,0.031369950622320175,2.478515625,1.0
1773592437.2462687,0.04804249480366707,0.03668908402323723,2.47802734375,1.0
1773592437.7462535,0.04993351548910141,0.03990887477993965,2.47607421875,1.0
1773592438.2464676,0.048611417412757874,0.03841234743595123,2.476165771484375,1.0
1773592438.7462823,0.04872515797615051,0.033843886107206345,2.4757080078125,1.0
1773592439.24628,0.04122817888855934,0.019615083932876587,2.475616455078125,1.0
1773592439.746259,0.026242375373840332,0.016108553856611252,2.474334716796875,1.0
1773592440.2467504,0.010644380934536457,0.015475308522582054,2.4764404296875,1.0
1773592440.7463427,0.0022964247036725283,0.010184247978031635,2.477386474609375,1.0
1773592441.2462654,-0.0034107218962162733,-0.007417622487992048,2.4774169921875,1.0
1773592441.7463217,-0.019026916474103928,-0.01681598275899887,2.479034423828125,1.0
1773592442.2464375,-0.02140568383038044,-0.01873721554875374,2.4853515625,1.0
1773592442.7462754,-0.020219190046191216,-0.020639607682824135,2.4862060546875,1.0
1773592443.246248,-0.017290372401475906,-0.02868320234119892,2.487060546875,1.0
1773592443.7463522,-0.013949727639555931,-0.03990846127271652,2.487579345703125,1.0
1773592444.2464406,-0.011538876220583916,-0.04777226224541664,2.48822021484375,1.0
1773592444.7463553,0.0040132226422429085,-0.04848175868391991,2.488250732421875,1.0
1773592445.2462618,0.01912255957722664,-0.04671165347099304,2.490509033203125,1.0
1773592445.7462637,0.03295723721385002,-0.04683297500014305,2.493408203125,1.0
1773592446.2466462,0.0445224829018116,-0.046975813806056976,2.4921875,1.0
1773592446.7462337,0.05282297730445862,-0.04565861448645592,2.4952392578125,1.0
1773592447.2463198,0.05510101839900017,-0.04228674992918968,2.500244140625,1.0
1773592447.7462678,0.055003635585308075,-0.03787818178534508,2.50244140625,1.0
1773592448.2468138,0.0463063083589077,-0.03340187296271324,2.5062255859375,1.0
1773592448.746305,0.040915194898843765,-0.024045877158641815,2.50689697265625,1.0
1773592449.2462277,0.03629878908395767,-0.024310531094670296,2.505584716796875,1.0
1773592449.746297,0.03768844157457352,-0.02952774427831173,2.505218505859375,1.0
1773592450.2464578,0.03662180155515671,-0.03479667752981186,2.505279541015625,1.0
1773592450.7463698,0.03282025828957558,-0.04618530720472336,2.50775146484375,1.0
1773592451.2463639,0.027600998058915138,-0.051695000380277634,2.50958251953125,1.0
1773592451.7462645,0.025723466649651527,-0.06262268126010895,2.51129150390625,1.0
1773592452.2471712,0.03200623765587807,-0.07076891511678696,2.5130615234375,1.0
1773592452.746264,0.03644412010908127,-0.07848720252513885,2.511505126953125,1.0
1773592453.2462668,0.05077825486660004,-0.07512730360031128,2.50872802734375,1.0
1773592453.7462344,0.07512328028678894,-0.061280880123376846,2.50927734375,1.0
1773592454.2464619,0.09898339956998825,-0.04157818481326103,2.50787353515625,1.0
1773592454.7462595,0.11623621731996536,-0.029214339330792427,2.510498046875,1.0
1773592455.2462316,0.11015268415212631,-0.0158049575984478,2.508331298828125,1.0
1773592455.746262,0.10616322606801987,-0.0021012439392507076,2.507354736328125,1.0
1773592456.246823,0.10344173014163971,0.012050666846334934,2.508209228515625,1.0
1773592456.7463088,0.09148137271404266,0.024377599358558655,2.509674072265625,1.0
1773592457.24624,0.08172544836997986,0.03166540339589119,2.507537841796875,1.0
1773592457.7462254,0.07289575040340424,0.029971644282341003,2.506317138671875,1.0
1773592458.2466414,0.07155179977416992,0.026777826249599457,2.506134033203125,1.0
1773592458.746408,0.07448998838663101,0.015039695426821709,2.505523681640625,1.0
1773592459.2461798,0.07503126561641693,-0.0059973192401230335,2.506256103515625,1.0
1773592459.7462049,0.08042369037866592,-0.021646512672305107,2.50775146484375,1.0
1773592460.2473674,0.08526000380516052,-0.03193913772702217,2.50579833984375,1.0
1773592460.7463582,0.08953844010829926,-0.030912717804312706,2.5018310546875,1.0
1773592461.2462,0.08699047565460205,-0.025842877104878426,2.49505615234375,1.0
1773592461.7470965,0.09053920954465866,-0.024218399077653885,2.4930419921875,1.0
1773592462.2477865,0.08768545091152191,-0.019376445561647415,2.49432373046875,1.0
1773592462.7462165,0.08264359831809998,-0.013114126399159431,2.492645263671875,1.0
1773592463.2462869,0.06331292539834976,-0.0073033529333770275,2.491363525390625,1.0
1773592463.7461796,0.04767453670501709,-0.008655544370412827,2.490386962890625,1.0
1773592464.2469087,0.03538474813103676,-0.0072388299740850925,2.487823486328125,1.0
1773592464.746306,0.026864003390073776,-0.0032566492445766926,2.483612060546875,1.0
1773592465.2462666,0.03005112335085869,-0.0011155471438542008,2.482513427734375,1.0
1773592465.746346,0.03275330364704132,-0.007681664545089006,2.482421875,1.0
1773592466.2466407,0.03220497816801071,-0.01552096102386713,2.48358154296875,1.0
1773592466.746288,0.031090404838323593,-0.02668050117790699,2.48504638671875,1.0
1773592467.2462668,0.030318638309836388,-0.029772551730275154,2.483367919921875,1.0
1773592467.7463334,0.02956351265311241,-0.03804473206400871,2.483795166015625,1.0
1773592468.2469141,0.024390529841184616,-0.06121116504073143,2.48358154296875,1.0
1773592468.7462883,0.01676350273191929,-0.09211204946041107,2.480255126953125,1.0
1773592469.246279,0.012369244359433651,-0.11708594113588333,2.480438232421875,1.0
1773592469.7462792,0.019024046137928963,-0.12674285471439362,2.485321044921875,1.0
1773592470.2464688,0.02438565529882908,-0.13726350665092468,2.48590087890625,1.0
1773592470.746229,0.02588105946779251,-0.14694443345069885,2.48614501953125,1.0
1773592471.2462845,0.02938053384423256,-0.1420879364013672,2.4837646484375,1.0
1773592471.7463691,0.03719240799546242,-0.1410619616508484,2.485443115234375,1.0
1773592472.2465484,0.041936714202165604,-0.13755588233470917,2.4835205078125,1.0
1773592472.7462447,0.03262343630194664,-0.14172156155109406,2.484222412109375,1.0
1773592473.2462907,0.027739299461245537,-0.13881155848503113,2.4874267578125,1.0
1773592473.746267,0.027350546792149544,-0.12862055003643036,2.485198974609375,1.0
1773592474.2466233,0.029418764635920525,-0.11630167812108994,2.484130859375,1.0
1773592474.746234,0.03110119327902794,-0.11603783071041107,2.484344482421875,1.0
1773592475.24628,0.02885279804468155,-0.10337173193693161,2.486358642578125,1.0
1773592475.7463634,0.021989325061440468,-0.09711737930774689,2.486083984375,1.0
1773592476.2464182,0.01844441518187523,-0.08966220915317535,2.48809814453125,1.0
1773592476.746278,0.013535958714783192,-0.07414951175451279,2.48919677734375,1.0
1773592477.246242,0.00630097696557641,-0.06637964397668839,2.49090576171875,1.0
1773592477.7462158,-0.005330515559762716,-0.06501379609107971,2.49029541015625,1.0
1773592478.2463055,-0.02026432752609253,-0.06391257047653198,2.485107421875,1.0
1773592478.7463,-0.03423126041889191,-0.06278235465288162,2.4813232421875,1.0
1773592479.2464168,-0.04149587079882622,-0.05824081972241402,2.480316162109375,1.0
1773592479.746281,-0.047290436923503876,-0.046789951622486115,2.48553466796875,1.0
1773592480.2464993,-0.05225089564919472,-0.03238708898425102,2.485565185546875,1.0
1773592480.7463245,-0.054849494248628616,-0.030061759054660797,2.48748779296875,1.0
1773592481.2463431,-0.058340951800346375,-0.023675333708524704,2.487548828125,1.0
1773592481.746412,-0.05828031525015831,-0.012878400273621082,2.484222412109375,1.0
1773592482.2473154,-0.05741380155086517,-0.0011438514338806272,2.48193359375,1.0
1773592482.7463467,-0.059883758425712585,0.016793839633464813,2.477447509765625,1.0
1773592483.246666,-0.0632055252790451,0.026829900220036507,2.476318359375,1.0
1773592483.7470312,-0.06651981174945831,0.0306062251329422,2.474761962890625,1.0
1773592484.246437,-0.057235363870859146,0.03640979900956154,2.47119140625,1.0
1773592484.746349,-0.04484892636537552,0.03877753019332886,2.4713134765625,1.0
1773592485.246649,-0.03808825463056564,0.042146943509578705,2.470367431640625,1.0
1773592485.7463892,-0.041944295167922974,0.041488274931907654,2.47198486328125,1.0
1773592486.2463586,-0.0429634265601635,0.04429151490330696,2.4730224609375,1.0
1773592486.7468133,-0.030824456363916397,0.04998846352100372,2.468597412109375,1.0
1773592487.246676,-0.014104791916906834,0.04638759419322014,2.468109130859375,1.0
1773592487.7463002,0.0007238334510475397,0.02849387377500534,2.470916748046875,1.0
1773592488.24626,0.010661141015589237,0.01845940388739109,2.472900390625,1.0
1773592488.7468092,0.010366066358983517,0.023370781913399696,2.475189208984375,1.0
1773592489.246281,-0.004774291068315506,0.02503795363008976,2.47967529296875,1.0
1773592489.7462778,-0.023299751803278923,0.019583620131015778,2.485809326171875,1.0
1773592490.2462528,-0.036142315715551376,0.0039382316172122955,2.487884521484375,1.0
1773592490.7468758,-0.0424371212720871,-0.009436619468033314,2.48895263671875,1.0
1773592491.2462733,-0.04340092092752457,-0.00877454411238432,2.49407958984375,1.0
1773592491.746267,-0.043897900730371475,-0.007344109937548637,2.498565673828125,1.0
1773592492.246274,-0.028356019407510757,-0.016660258173942566,2.501495361328125,1.0
1773592492.7474854,-0.026260623708367348,-0.014044678770005703,2.499420166015625,1.0
1773592493.2462554,-0.01967463828623295,-0.01219054963439703,2.499664306640625,1.0
1773592493.7462788,-0.02080344408750534,-0.015756884589791298,2.501983642578125,1.0
1773592494.2462225,-0.013312255032360554,-0.016037022694945335,2.501861572265625,1.0
1773592494.7469616,-0.009312981739640236,-0.014698226936161518,2.50262451171875,1.0
1773592495.2462442,-0.007411203812807798,-0.015803316608071327,2.5030517578125,1.0
1773592495.7462387,-0.009369359351694584,-0.022530483081936836,2.50286865234375,1.0
1773592496.2462606,-0.015199289657175541,-0.03033311292529106,2.502227783203125,1.0
1773592496.7468908,-0.027523482218384743,-0.034251511096954346,2.50177001953125,1.0
1773592497.2463865,-0.03912665694952011,-0.03624366968870163,2.4989013671875,1.0
1773592497.746273,-0.05007482320070267,-0.03740665689110756,2.4996337890625,1.0
1773592498.246289,-0.06102026253938675,-0.03662451356649399,2.498809814453125,1.0
1773592498.746855,-0.07650449126958847,-0.03334478661417961,2.49749755859375,1.0
1773592499.2464073,-0.07542335242033005,-0.023114701732993126,2.494537353515625,1.0
1773592499.7462645,-0.060094788670539856,-0.013973784632980824,2.49407958984375,1.0
1773592500.2462456,-0.03844469040632248,-0.00900890864431858,2.493438720703125,1.0
1773592500.7470276,-0.01795371249318123,0.004191557876765728,2.4967041015625,1.0
1773592501.246265,-0.006140286102890968,0.0055357422679662704,2.4974365234375,1.0
1773592501.746249,-0.0005692478152923286,-0.007393877953290939,2.49688720703125,1.0
1773592502.246297,-0.0017482767580077052,-0.011318327859044075,2.49688720703125,1.0
1773592502.746942,-0.0031894983258098364,-0.008282885886728764,2.499114990234375,1.0
1773592503.2462735,-0.008710366673767567,-0.005862976890057325,2.499267578125,1.0
1773592503.7462616,-0.013297353871166706,-0.0049252863973379135,2.49884033203125,1.0
1773592504.2462282,-0.012977986596524715,-0.004072132054716349,2.499267578125,1.0
1773592504.7468967,-0.014264955185353756,-0.007799270562827587,2.498779296875,1.0
1773592505.2462757,-0.010755881667137146,-0.0009290261077694595,2.499267578125,1.0
1773592505.7462902,-0.007191530428826809,0.0035913106985390186,2.498046875,1.0
1773592506.2462444,-0.008478675037622452,0.005593141540884972,2.4949951171875,1.0
1773592506.7469032,-0.010140698403120041,0.004792632069438696,2.496246337890625,1.0
1773592507.2463398,0.0013171799946576357,0.0019077489851042628,2.49755859375,1.0
1773592507.7462776,0.019055835902690887,-0.000983992125838995,2.49517822265625,1.0
1773592508.246238,0.029669567942619324,-0.0023927749134600163,2.49432373046875,1.0
1773592508.7468603,0.04922279343008995,-0.009456392377614975,2.495849609375,1.0
1773592509.2462587,0.06862621754407883,-0.02394808642566204,2.49395751953125,1.0
1773592509.7462692,0.08122599869966507,-0.03193891793489456,2.490966796875,1.0
1773592510.2462442,0.08644039928913116,-0.04033126309514046,2.49090576171875,1.0
1773592510.746776,0.09533015638589859,-0.0457124188542366,2.491668701171875,1.0
1773592511.2465014,0.09461337327957153,-0.04361146688461304,2.4918212890625,1.0
1773592511.7462285,0.08814777433872223,-0.04082946106791496,2.489105224609375,1.0
1773592512.246255,0.07912640273571014,-0.037113696336746216,2.485382080078125,1.0
1773592512.746556,0.07746577262878418,-0.03442563861608505,2.48260498046875,1.0
1773592513.2462187,0.058963265269994736,-0.03429388254880905,2.48040771484375,1.0
1773592513.7461784,0.04266618937253952,-0.03382018581032753,2.48040771484375,1.0
1773592514.2461896,0.026050234213471413,-0.0302582997828722,2.48187255859375,1.0
1773592514.7467394,0.01976940408349037,-0.02321764826774597,2.479522705078125,1.0
1773592515.2467186,0.02067955955862999,-0.01101873628795147,2.478240966796875,1.0
1773592515.746346,0.02616860903799534,-0.0064198654145002365,2.478729248046875,1.0
1773592516.246254,0.02697954885661602,-0.009577957913279533,2.47943115234375,1.0
1773592516.7462976,0.01038531493395567,-0.013562432490289211,2.476593017578125,1.0
1773592517.2472503,-0.0027719358913600445,-0.008383908309042454,2.475677490234375,1.0
1773592517.7462678,-0.014227761887013912,-0.007699714973568916,2.477813720703125,1.0
1773592518.2462523,-0.013880406506359577,-0.009601419791579247,2.48211669921875,1.0
1773592518.7468078,-0.01361281331628561,-0.00023103046987671405,2.485504150390625,1.0
1773592519.246281,-0.01364888995885849,-0.0013435697183012962,2.48736572265625,1.0
1773592519.7462497,-0.009495063684880733,-0.01378424558788538,2.4896240234375,1.0
1773592520.2462494,0.008848282508552074,-0.028147824108600616,2.491363525390625,1.0
1773592520.7468016,0.017373478040099144,-0.033127009868621826,2.495147705078125,1.0
1773592521.2465951,0.022898051887750626,-0.039138976484537125,2.498077392578125,1.0
1773592521.746262,0.026949604973196983,-0.033459167927503586,2.499542236328125,1.0
1773592522.2462826,0.026925379410386086,-0.014175302349030972,2.500274658203125,1.0
1773592522.7469876,0.026750028133392334,-0.006443900056183338,2.501220703125,1.0
1773592523.246272,0.03309764340519905,0.006446496117860079,2.501312255859375,1.0
1773592523.7462842,0.033115170896053314,0.011098751798272133,2.502166748046875,1.0
1773592524.2462509,0.025082115083932877,0.011927630752325058,2.50079345703125,1.0
1773592524.7467914,0.01962655410170555,0.0115253496915102,2.49884033203125,1.0
1773592525.2462656,0.017026811838150024,0.01065889187157154,2.49639892578125,1.0
1773592525.7462103,0.02173362858593464,0.003011789172887802,2.49346923828125,1.0
1773592526.2462516,0.022257959470152855,0.0010852599516510963,2.494873046875,1.0
1773592526.7465382,0.028809232637286186,-0.015988770872354507,2.49676513671875,1.0
1773592527.246272,0.031649429351091385,-0.019810037687420845,2.4969482421875,1.0
1773592527.7462556,0.03709414228796959,-0.019561128690838814,2.495574951171875,1.0
1773592528.2466764,0.0374734103679657,-0.018755460157990456,2.493927001953125,1.0
1773592528.746787,0.03718649968504906,-0.02329620160162449,2.491363525390625,1.0
1773592529.246261,0.03073352575302124,-0.04021098092198372,2.49053955078125,1.0
1773592529.74621,0.02299325168132782,-0.04978971555829048,2.487152099609375,1.0
1773592530.2462602,0.020526856184005737,-0.046079881489276886,2.4874267578125,1.0
1773592530.746887,0.020995208993554115,-0.04915823042392731,2.487030029296875,1.0
1773592531.2462537,0.023493343964219093,-0.059403903782367706,2.483673095703125,1.0
1773592531.7462645,0.021222077310085297,-0.06921885907649994,2.4847412109375,1.0
1773592532.2463105,0.018822025507688522,-0.07819250971078873,2.483856201171875,1.0
1773592532.7468898,0.026828709989786148,-0.0775018110871315,2.482635498046875,1.0
1773592533.2462652,0.043918125331401825,-0.0739208236336708,2.481475830078125,1.0
1773592533.7462628,0.0485951229929924,-0.07054948061704636,2.482666015625,1.0
1773592534.2462394,0.045578084886074066,-0.06681198626756668,2.48388671875,1.0
1773592534.7478895,0.044960349798202515,-0.05514004826545715,2.4854736328125,1.0
1773592535.2464676,0.042780663818120956,-0.04262356832623482,2.48583984375,1.0
1773592535.7463021,0.038001708686351776,-0.029951192438602448,2.48760986328125,1.0
1773592536.2462158,0.02704169787466526,-0.019492708146572113,2.486053466796875,1.0
1773592536.7468698,0.028748102486133575,-0.019212640821933746,2.48681640625,1.0
1773592537.2462816,0.036906491965055466,-0.01948261633515358,2.483367919921875,1.0
1773592537.7461936,0.04049626737833023,-0.020062653347849846,2.48065185546875,1.0
1773592538.246238,0.03544796258211136,-0.01971893012523651,2.480224609375,1.0
1773592538.746798,0.03318705037236214,-0.0318613275885582,2.4810791015625,1.0
1773592539.2462852,0.02721547894179821,-0.05225251987576485,2.481719970703125,1.0
1773592539.7461922,0.024223340675234795,-0.07415097951889038,2.484649658203125,1.0
1773592540.2462177,0.02067304216325283,-0.07925376296043396,2.48150634765625,1.0
1773592540.746764,0.014463119208812714,-0.09509701281785965,2.48114013671875,1.0
1773592541.2465198,0.00439087999984622,-0.10583119094371796,2.480224609375,1.0
1773592541.7461886,-0.004964884370565414,-0.11557640135288239,2.483489990234375,1.0
1773592542.2463107,-0.002976661315187812,-0.121665358543396,2.487335205078125,1.0
1773592542.7478418,0.0010813227854669094,-0.12329673022031784,2.48974609375,1.0
1773592543.2476969,0.0031757375691086054,-0.12856750190258026,2.48492431640625,1.0
1773592543.7462988,0.005454431287944317,-0.12254344671964645,2.483734130859375,1.0
1773592544.2465577,0.005736285354942083,-0.10491335391998291,2.485443115234375,1.0
1773592544.748656,0.007090434897691011,-0.08705597370862961,2.485443115234375,1.0
1773592545.2464511,0.014184925705194473,-0.07348403334617615,2.487060546875,1.0
1773592545.7463973,0.02869371324777603,-0.057333167642354965,2.487518310546875,1.0
1773592546.246276,0.04052174463868141,-0.04384763911366463,2.489532470703125,1.0
1773592546.7472057,0.049058541655540466,-0.038790296763181686,2.489227294921875,1.0
1773592547.2464378,0.06335621327161789,-0.025182968005537987,2.487030029296875,1.0
1773592547.7462664,0.06359323114156723,-0.015982316806912422,2.485198974609375,1.0
1773592548.2463088,0.06272254884243011,-0.01728029176592827,2.486053466796875,1.0
1773592548.7467527,0.06427134573459625,-0.018599264323711395,2.48828125,1.0
1773592549.2463088,0.05666320025920868,-0.025165723636746407,2.486602783203125,1.0
1773592549.746278,0.047507394105196,-0.035468894988298416,2.48748779296875,1.0
1773592550.246331,0.0363907627761364,-0.04751240089535713,2.486419677734375,1.0
1773592550.7468276,0.034398872405290604,-0.06773004680871964,2.48663330078125,1.0
1773592551.2462835,0.04082588478922844,-0.07396619021892548,2.483428955078125,1.0
1773592551.7462673,0.04688859358429909,-0.0770542249083519,2.481781005859375,1.0
1773592552.246262,0.05362118408083916,-0.08612743020057678,2.47869873046875,1.0
1773592552.7470367,0.06942776590585709,-0.10031352192163467,2.480072021484375,1.0
1773592553.2464125,0.08573448657989502,-0.11681020259857178,2.479461669921875,1.0
1773592553.7462149,0.09110430628061295,-0.12836997210979462,2.4791259765625,1.0
1773592554.2462637,0.09310035407543182,-0.13280409574508667,2.47943115234375,1.0
1773592554.746856,0.09316466748714447,-0.12244384735822678,2.483673095703125,1.0
1773592555.2462769,0.0937623605132103,-0.1131962314248085,2.484100341796875,1.0
1773592555.7462661,0.09565354883670807,-0.09832064062356949,2.4842529296875,1.0
1773592556.2462578,0.09580640494823456,-0.07251876592636108,2.484375,1.0
1773592556.746751,0.09703757613897324,-0.05934719368815422,2.48406982421875,1.0
1773592557.246469,0.0896526351571083,-0.052486106753349304,2.4815673828125,1.0
1773592557.746269,0.07402437925338745,-0.03726138919591904,2.477691650390625,1.0
1773592558.2462618,0.05315399914979935,-0.028340023010969162,2.47625732421875,1.0
1773592558.7471216,0.034323252737522125,-0.03065849095582962,2.477783203125,1.0
1773592559.2465067,0.016766032204031944,-0.02974874898791313,2.47808837890625,1.0
1773592559.746294,0.005088311620056629,-0.026566434651613235,2.474822998046875,1.0
1773592560.2462,0.003911307081580162,-0.019244743511080742,2.473358154296875,1.0
1773592560.7468932,0.002334645250812173,-0.01346889790147543,2.474334716796875,1.0
1773592561.2464538,0.0033572744578123093,-0.009317483752965927,2.47210693359375,1.0
1773592561.7462711,0.004623493179678917,-0.0017576441168785095,2.4698486328125,1.0
1773592562.2465715,0.010617966763675213,0.00972734298557043,2.467041015625,1.0
1773592562.7468252,0.011368844658136368,0.009391206316649914,2.46563720703125,1.0
1773592563.2464051,0.014136944897472858,0.015430296771228313,2.466033935546875,1.0
1773592563.7482533,0.025337915867567062,0.016002638265490532,2.464935302734375,1.0
1773592564.2462597,0.03674181550741196,0.006880641914904118,2.46893310546875,1.0
1773592564.7466116,0.05832726135849953,-0.003298868192359805,2.46746826171875,1.0
1773592565.24642,0.07973600924015045,-0.0040141139179468155,2.46923828125,1.0
1773592565.7462962,0.09799119830131531,-0.010135866701602936,2.475006103515625,1.0
1773592566.246289,0.0971323549747467,-0.02240116149187088,2.477813720703125,1.0
1773592566.7464545,0.08822182565927505,-0.03430550917983055,2.476318359375,1.0
1773592567.2464578,0.08292597532272339,-0.03579140827059746,2.474853515625,1.0
1773592567.7462776,0.08291811496019363,-0.040196772664785385,2.475250244140625,1.0
1773592568.2462623,0.08152876049280167,-0.05199909210205078,2.476043701171875,1.0
1773592568.7475553,0.07568007707595825,-0.05603322759270668,2.47540283203125,1.0
1773592569.2464662,0.07689859718084335,-0.05614089220762253,2.47503662109375,1.0
1773592569.746274,0.07067546248435974,-0.04357430338859558,2.476715087890625,1.0
1773592570.2462766,0.06621816754341125,-0.030818700790405273,2.4783935546875,1.0
1773592570.746947,0.051844388246536255,-0.02170526050031185,2.476959228515625,1.0
1773592571.2463481,0.035833317786455154,-0.019384536892175674,2.47821044921875,1.0
1773592571.746269,0.018314620479941368,-0.008560018613934517,2.482147216796875,1.0
1773592572.2462769,0.011323947459459305,-0.0017339622136205435,2.484375,1.0
1773592572.7482605,0.012810079380869865,0.0028377880807965994,2.484893798828125,1.0
1773592573.2462153,0.01704409532248974,0.006398245692253113,2.4844970703125,1.0
1773592573.7462802,0.020477961748838425,0.0037717847153544426,2.48394775390625,1.0
1773592574.2462535,0.023352893069386482,0.00865531712770462,2.4864501953125,1.0
1773592574.7467897,0.02143097296357155,0.009341067634522915,2.489715576171875,1.0
1773592575.2463117,0.010021697729825974,0.011830140836536884,2.49127197265625,1.0
1773592575.74627,-0.003276719246059656,0.016075782477855682,2.49139404296875,1.0
1773592576.2462752,-0.009923713281750679,0.018174627795815468,2.487152099609375,1.0
1773592576.7468665,-0.019725369289517403,0.029172150418162346,2.489715576171875,1.0
1773592577.24627,-0.024790994822978973,0.058814018964767456,2.491058349609375,1.0
1773592577.7462676,-0.03080146014690399,0.07716482877731323,2.492584228515625,1.0
1773592578.2462523,-0.023240400478243828,0.08761055022478104,2.494720458984375,1.0
1773592578.747277,-0.017543993890285492,0.08497795462608337,2.49395751953125,1.0
1773592579.2462683,-0.0162375345826149,0.07690517604351044,2.494140625,1.0
1773592579.7462683,-0.01952718384563923,0.06349097937345505,2.491485595703125,1.0
1773592580.2462952,-0.023927683010697365,0.04765661060810089,2.491912841796875,1.0
1773592580.7470286,-0.01628420315682888,0.033514101058244705,2.494964599609375,1.0
1773592581.2463186,-0.007139215711504221,0.018605416640639305,2.49371337890625,1.0
1773592581.746232,0.009825751185417175,0.011895584873855114,2.494171142578125,1.0
1773592582.246454,0.013844763860106468,0.004698516800999641,2.496612548828125,1.0
1773592582.747187,0.016945676878094673,-0.008802967146039009,2.494964599609375,1.0
1773592583.246404,0.01925545558333397,-0.015558892861008644,2.4971923828125,1.0
1773592583.7462246,0.021066227927803993,-0.018528621643781662,2.495697021484375,1.0
1773592584.2462323,0.022930901497602463,-0.021097760647535324,2.49560546875,1.0
1773592584.7469122,0.02534187212586403,-0.033263836055994034,2.4976806640625,1.0
1773592585.2463675,0.024953234940767288,-0.04183162748813629,2.496185302734375,1.0
1773592585.7462714,0.02294887974858284,-0.05083246901631355,2.493499755859375,1.0
1773592586.2462504,0.02486993931233883,-0.06108623370528221,2.49285888671875,1.0
1773592586.7463195,0.018241258338093758,-0.061904337257146835,2.491455078125,1.0
1773592587.2462378,0.025091946125030518,-0.06316637992858887,2.494140625,1.0
1773592587.7462661,0.025194739922881126,-0.06329168379306793,2.493621826171875,1.0
1773592588.246265,0.02887687273323536,-0.059789028018713,2.490570068359375,1.0
1773592588.7469025,0.04247788339853287,-0.059964437037706375,2.487152099609375,1.0
1773592589.2462547,0.05760054290294647,-0.06584326177835464,2.484375,1.0
1773592589.7462306,0.06036870554089546,-0.06891660392284393,2.48388671875,1.0
1773592590.2461772,0.05537965148687363,-0.06437284499406815,2.485595703125,1.0
1773592590.7468321,0.05713172256946564,-0.060807596892118454,2.48822021484375,1.0
1773592591.246266,0.05950886011123657,-0.05059263855218887,2.488861083984375,1.0
1773592591.7462475,0.05669216439127922,-0.0381985567510128,2.490814208984375,1.0
1773592592.2461872,0.052753008902072906,-0.01595555990934372,2.49224853515625,1.0
1773592592.7482858,0.04919105023145676,0.01033174991607666,2.491943359375,1.0
1773592593.2468019,0.03996969386935234,0.025354405865073204,2.4896240234375,1.0
1773592593.7462115,0.030844109132885933,0.029747014865279198,2.492706298828125,1.0
1773592594.2461777,0.017313450574874878,0.0269180778414011,2.495147705078125,1.0
1773592594.7480075,-0.0007248471956700087,0.021779228001832962,2.49560546875,1.0
1773592595.2463198,-0.013448270969092846,0.0148661183193326,2.49725341796875,1.0
1773592595.7462878,-0.021118322387337685,0.012975231744349003,2.499542236328125,1.0
1773592596.246362,-0.023898648098111153,0.009925536811351776,2.499786376953125,1.0
1773592596.7469149,-0.024445584043860435,0.006657165475189686,2.494415283203125,1.0
1773592597.2462626,-0.023853885009884834,0.008945522829890251,2.49310302734375,1.0
1773592597.7462585,-0.026270931586623192,0.007806556764990091,2.49249267578125,1.0
1773592598.246283,-0.03216893970966339,0.009623827412724495,2.492218017578125,1.0
1773592598.7468145,-0.03459429368376732,-0.0008469097665511072,2.492523193359375,1.0
1773592599.2462845,-0.03463330864906311,-0.008121423423290253,2.492889404296875,1.0
1773592599.7462702,-0.027618519961833954,-0.010066289454698563,2.4937744140625,1.0
1773592600.246243,-0.019837280735373497,-0.013302844949066639,2.493927001953125,1.0
1773592600.7473378,-0.015519567765295506,-0.013154065236449242,2.494415283203125,1.0
1773592601.2462664,-0.003980036824941635,-0.012353169731795788,2.495758056640625,1.0
1773592601.7462595,0.01059660129249096,-0.02026274800300598,2.496002197265625,1.0
1773592602.2462566,0.020793862640857697,-0.02937515452504158,2.495941162109375,1.0
1773592602.7469766,0.020526587963104248,-0.03228847309947014,2.49603271484375,1.0
1773592603.2488663,0.017229048535227776,-0.024024715647101402,2.498199462890625,1.0
1773592603.7465384,0.011640118435025215,-0.009419773705303669,2.497314453125,1.0
1773592604.246604,0.008115784265100956,0.00014823015953879803,2.496826171875,1.0
1773592604.7467813,0.011915374547243118,0.011128788813948631,2.49456787109375,1.0
1773592605.2469158,0.01974434033036232,0.01451772078871727,2.494842529296875,1.0
1773592605.7465136,0.022071445360779762,0.012877163477241993,2.491973876953125,1.0
1773592606.246278,0.017049696296453476,0.016877012327313423,2.4886474609375,1.0
1773592606.7463796,0.014631371945142746,0.018539616838097572,2.485565185546875,1.0
1773592607.2464504,0.017845191061496735,0.017616307362914085,2.48858642578125,1.0
1773592607.746433,0.02075229398906231,0.020849891006946564,2.49029541015625,1.0
1773592608.246417,0.017969435080885887,0.020984994247555733,2.4866943359375,1.0
1773592608.746308,0.0190106388181448,0.022227231413125992,2.48651123046875,1.0
1773592609.24679,0.026683250442147255,0.022214237600564957,2.48931884765625,1.0
1773592609.7482998,0.025537168607115746,0.0161554217338562,2.49053955078125,1.0
1773592610.2464616,0.017735902220010757,0.01112336479127407,2.489593505859375,1.0
1773592610.746513,0.004947782959789038,0.011980063281953335,2.488494873046875,1.0
1773592611.246372,-0.0013858904130756855,0.011546463705599308,2.488525390625,1.0
1773592611.746303,-0.0018704825779423118,0.0016156850615516305,2.48974609375,1.0
1773592612.2466762,0.0008398512145504355,-0.01869191974401474,2.491912841796875,1.0
1773592612.746464,0.0018275091424584389,-0.03556885942816734,2.494354248046875,1.0
1773592613.246305,0.007830305024981499,-0.038098037242889404,2.49456787109375,1.0
1773592613.7463558,0.00848664715886116,-0.04049520194530487,2.494354248046875,1.0
1773592614.2465317,0.012648106552660465,-0.041604697704315186,2.492889404296875,1.0
1773592614.7463315,0.016568955034017563,-0.03686624765396118,2.494171142578125,1.0
1773592615.2462664,0.018698403611779213,-0.034473009407520294,2.493133544921875,1.0
1773592615.7469735,0.02002101205289364,-0.030310608446598053,2.486907958984375,1.0
1773592616.2463863,0.02129499241709709,-0.024029918015003204,2.4864501953125,1.0
1773592616.7462616,0.020531943067908287,-0.01895984262228012,2.486480712890625,1.0
1773592617.2462583,0.01871110126376152,-0.004231166560202837,2.488983154296875,1.0
1773592617.7463102,0.019569791853427887,0.005185330752283335,2.489593505859375,1.0
1773592618.246453,0.021300161257386208,0.006243176758289337,2.489898681640625,1.0
1773592618.746282,0.02100399136543274,0.008629955351352692,2.488525390625,1.0
1773592619.2462518,0.01905919797718525,0.012429592199623585,2.48687744140625,1.0
1773592619.7468278,0.011711602099239826,0.018363362178206444,2.4873046875,1.0
1773592620.246437,-0.002697266638278961,0.018901364877820015,2.48687744140625,1.0
1773592620.7462633,-0.009592609480023384,0.012604054063558578,2.48614501953125,1.0
1773592621.2462401,-0.007381843402981758,0.009154805913567543,2.4837646484375,1.0
1773592621.7463863,-0.004247733857482672,0.003921459428966045,2.4840087890625,1.0
1773592622.2463498,-0.002058097394183278,0.00023901437816675752,2.4847412109375,1.0
1773592622.7465303,-0.0013871147530153394,0.0010001251939684153,2.48126220703125,1.0
1773592623.2462485,0.0018690070137381554,0.00961212906986475,2.47723388671875,1.0
1773592623.7477973,0.004511834587901831,0.010281763970851898,2.474578857421875,1.0
1773592624.246547,0.01453105453401804,0.010561944916844368,2.475982666015625,1.0
1773592624.7462392,0.0335492379963398,0.007043246179819107,2.474945068359375,1.0
1773592625.2463107,0.047753091901540756,0.010775193572044373,2.476348876953125,1.0
1773592625.7471895,0.057122744619846344,0.016545448452234268,2.478515625,1.0
1773592626.2462842,0.05965844914317131,0.018702857196331024,2.47808837890625,1.0
1773592626.7462165,0.04263204708695412,0.016430381685495377,2.479644775390625,1.0
1773592627.2462718,0.02590714953839779,0.02041504718363285,2.476715087890625,1.0
1773592627.7464368,0.017297524958848953,0.020180299878120422,2.473358154296875,1.0
1773592628.246404,0.0069758049212396145,0.02508639544248581,2.474517822265625,1.0
1773592628.7462225,0.005955677945166826,0.028519388288259506,2.477935791015625,1.0
1773592629.246363,0.0096305962651968,0.021415259689092636,2.481475830078125,1.0
1773592629.746287,0.0051662614569067955,0.017708653584122658,2.485321044921875,1.0
1773592630.2465086,0.0009024741593748331,0.00942535512149334,2.488067626953125,1.0
1773592630.7462626,0.0024379228707402945,0.00020732558914460242,2.4866943359375,1.0
1773592631.2462144,0.01169254258275032,0.003224938875064254,2.4857177734375,1.0
1773592631.7463048,0.02195216529071331,0.016856109723448753,2.484710693359375,1.0
1773592632.2462697,0.02744423784315586,0.021012889221310616,2.48443603515625,1.0
1773592632.7462144,0.02833595871925354,0.013025335967540741,2.485931396484375,1.0
1773592633.246238,0.028904074802994728,0.0037335273809731007,2.48577880859375,1.0
1773592633.7461603,0.02775120735168457,0.0037130953278392553,2.48468017578125,1.0
1773592634.2466528,0.036063630133867264,-0.002098317723721266,2.485198974609375,1.0
1773592634.7461696,0.04709859564900398,-0.015152998268604279,2.48590087890625,1.0
1773592635.2462895,0.05389658734202385,-0.027754977345466614,2.48699951171875,1.0
1773592635.7467732,0.05784111097455025,-0.03164437785744667,2.486602783203125,1.0
1773592636.246323,0.06408406794071198,-0.030509136617183685,2.4853515625,1.0
1773592636.7462559,0.06758175790309906,-0.031788215041160583,2.482513427734375,1.0
1773592637.2462656,0.07106205075979233,-0.0351078063249588,2.480499267578125,1.0
1773592637.7483714,0.07151032239198685,-0.03918317332863808,2.47705078125,1.0
1773592638.2462838,0.07387879490852356,-0.04781216382980347,2.477294921875,1.0
1773592638.7462592,0.07034647464752197,-0.055349234491586685,2.48101806640625,1.0
1773592639.246291,0.06772390753030777,-0.052363041788339615,2.479705810546875,1.0
1773592639.7467232,0.06382022798061371,-0.05093593895435333,2.478271484375,1.0
1773592640.2462325,0.05034094676375389,-0.04708769544959068,2.474700927734375,1.0
1773592640.746357,0.04312250763177872,-0.046266358345746994,2.474151611328125,1.0
1773592641.2462604,0.03797103837132454,-0.05576368421316147,2.4776611328125,1.0
1773592641.7462757,0.03644800931215286,-0.06035671383142471,2.480865478515625,1.0
1773592642.2463286,0.03228279948234558,-0.07266733795404434,2.486114501953125,1.0
1773592642.7462602,0.026946285739541054,-0.07317951321601868,2.488067626953125,1.0
1773592643.2462447,0.014430444687604904,-0.06691089272499084,2.4864501953125,1.0
1773592643.746624,0.006412246730178595,-0.06982965767383575,2.48388671875,1.0
1773592644.2463193,0.004168371204286814,-0.06668368726968765,2.484954833984375,1.0
1773592644.746274,-0.00035001878859475255,-0.05779806524515152,2.487091064453125,1.0
1773592645.2462425,-0.004172473680227995,-0.04428497329354286,2.488922119140625,1.0
1773592645.7468574,-0.0010571929160505533,-0.02989385463297367,2.4852294921875,1.0
1773592646.247204,0.004186803940683603,-0.010767899453639984,2.48504638671875,1.0
1773592646.7462668,0.00699736038222909,-0.005563951097428799,2.487060546875,1.0
1773592647.2462742,0.006711412686854601,-0.0026702985633164644,2.485931396484375,1.0
1773592647.7468567,0.020822901278734207,-0.006791379768401384,2.483001708984375,1.0
1773592648.2462683,0.03435920178890228,-0.006502891890704632,2.48175048828125,1.0
1773592648.7462764,0.041622985154390335,-0.0033516986295580864,2.482208251953125,1.0
1773592649.2462227,0.03820265829563141,-0.001967468997463584,2.484344482421875,1.0
1773592649.7469468,0.034379154443740845,-0.00016920654161367565,2.488525390625,1.0
1773592650.2462435,0.02353077009320259,0.005280849989503622,2.490234375,1.0
1773592650.7462766,0.01964103803038597,-0.0009655122994445264,2.49169921875,1.0
1773592651.246245,0.01162782683968544,-0.004433344583958387,2.492706298828125,1.0
1773592651.7463233,0.016714302822947502,-0.013311877846717834,2.491424560546875,1.0
1773592652.2463446,0.024035336449742317,-0.028838327154517174,2.49188232421875,1.0
1773592652.7462552,0.02997264266014099,-0.03182940185070038,2.49310302734375,1.0
1773592653.2462342,0.03167441859841347,-0.027187591418623924,2.494781494140625,1.0
1773592653.7462726,0.019486473873257637,-0.022766297683119774,2.49517822265625,1.0
1773592654.2463002,0.012954621575772762,-0.031125236302614212,2.494354248046875,1.0
1773592654.7463322,0.014872221276164055,-0.03602796047925949,2.494598388671875,1.0
1773592655.2463279,0.015243642963469028,-0.04508974403142929,2.4954833984375,1.0
1773592655.7463155,0.011247588321566582,-0.06782156229019165,2.496063232421875,1.0
1773592656.2462559,0.007291150279343128,-0.09017898142337799,2.493804931640625,1.0
1773592656.7462645,-0.0017012044554576278,-0.11245810985565186,2.4925537109375,1.0
1773592657.2462656,-0.009620372205972672,-0.1126934215426445,2.49359130859375,1.0
1773592657.7463555,-0.017317460849881172,-0.11908981949090958,2.49444580078125,1.0
1773592658.246326,-0.024192480370402336,-0.12792952358722687,2.497650146484375,1.0
1773592658.7462046,-0.035205040127038956,-0.12834244966506958,2.5010986328125,1.0
1773592659.2461607,-0.042348116636276245,-0.12103985249996185,2.505615234375,1.0
1773592659.746282,-0.04974030703306198,-0.12199854105710983,2.50811767578125,1.0
1773592660.246435,-0.055470142513513565,-0.11014582216739655,2.50799560546875,1.0
1773592660.7461762,-0.06724340468645096,-0.1008109375834465,2.50439453125,1.0
1773592661.2461782,-0.07480433583259583,-0.09642567485570908,2.496368408203125,1.0
1773592661.746616,-0.08843085169792175,-0.09240203350782394,2.49761962890625,1.0
1773592662.24702,-0.1024036556482315,-0.08423151820898056,2.499481201171875,1.0
1773592662.7464354,-0.10921725630760193,-0.07357345521450043,2.498748779296875,1.0
1773592663.2464862,-0.10816221684217453,-0.0673413872718811,2.498382568359375,1.0
1773592663.7462883,-0.1076522022485733,-0.06245233491063118,2.49700927734375,1.0
1773592664.2462633,-0.10425708442926407,-0.055435020476579666,2.493438720703125,1.0
1773592664.7462966,-0.09760593622922897,-0.04794515669345856,2.488677978515625,1.0
1773592665.246254,-0.08247927576303482,-0.033010657876729965,2.48974609375,1.0
1773592665.7465663,-0.0708342045545578,-0.009912051260471344,2.485198974609375,1.0
1773592666.246263,-0.06411123275756836,0.01409031543880701,2.482757568359375,1.0
1773592666.746229,-0.0536888912320137,0.029802551493048668,2.485137939453125,1.0
1773592667.2464328,-0.03546394035220146,0.03727484866976738,2.483612060546875,1.0
1773592667.7464545,-0.035549066960811615,0.035065606236457825,2.48095703125,1.0
1773592668.2463093,-0.03224146366119385,0.03208223357796669,2.4769287109375,1.0
1773592668.746388,-0.02672382816672325,0.029866160824894905,2.476470947265625,1.0
1773592669.2462652,-0.02211264707148075,0.02608114294707775,2.47479248046875,1.0
1773592669.7462192,-0.014185091480612755,0.01007533073425293,2.474151611328125,1.0
1773592670.2462323,0.00281084724701941,0.0013288514455780387,2.47247314453125,1.0
1773592670.7462823,0.023572072386741638,-0.011038592085242271,2.4705810546875,1.0
1773592671.2462635,0.03445327654480934,-0.020279621705412865,2.469940185546875,1.0
1773592671.746982,0.04760494455695152,-0.02870240993797779,2.470458984375,1.0
1773592672.2462373,0.05754029378294945,-0.02263670042157173,2.4710693359375,1.0
1773592672.746297,0.06959162652492523,-0.020465051755309105,2.4698486328125,1.0
1773592673.2462592,0.07543210685253143,-0.014051726087927818,2.473663330078125,1.0
1773592673.74669,0.07820793241262436,-0.013680960983037949,2.476409912109375,1.0
1773592674.2462418,0.08295891433954239,-0.010537123307585716,2.475860595703125,1.0
1773592674.746272,0.08307551592588425,-0.017035312950611115,2.4732666015625,1.0
1773592675.2462742,0.0922812670469284,-0.020517373457551003,2.47296142578125,1.0
1773592675.7463067,0.0926617980003357,-0.02169594168663025,2.4716796875,1.0
1773592676.2464178,0.09144572168588638,-0.016262708231806755,2.470611572265625,1.0
1773592676.746258,0.08441152423620224,-0.005480433814227581,2.471588134765625,1.0
1773592677.246329,0.06933386623859406,-0.0005784873501397669,2.478118896484375,1.0
1773592677.746389,0.05760335177183151,-0.005067258141934872,2.481414794921875,1.0
1773592678.2462933,0.0455998070538044,-0.010078076273202896,2.48583984375,1.0
1773592678.7463038,0.03621964156627655,-0.00983929168432951,2.48858642578125,1.0
1773592679.2462807,0.03293744847178459,-0.01165410503745079,2.492340087890625,1.0
1773592679.7470415,0.03575867414474487,-0.014224558137357235,2.4957275390625,1.0
1773592680.2462761,0.03640049695968628,-0.013383527286350727,2.4971923828125,1.0
1773592680.746261,0.03824495151638985,-0.01029685977846384,2.498809814453125,1.0
1773592681.2462392,0.038311801850795746,-0.008885291405022144,2.496612548828125,1.0
1773592681.7469845,0.03963059186935425,0.0012340014800429344,2.495880126953125,1.0
1773592682.2463114,0.034775059670209885,0.006067553535103798,2.494354248046875,1.0
1773592682.7463498,0.028741857036948204,0.007631081622093916,2.496368408203125,1.0
1773592683.2461817,0.017595775425434113,0.0024597179144620895,2.499755859375,1.0
1773592683.7463346,0.016048913821578026,0.000883583736140281,2.501678466796875,1.0
1773592684.2462547,0.01834597997367382,-0.0015745025593787432,2.500701904296875,1.0
1773592684.746228,0.018148187547922134,-0.00837635062634945,2.498138427734375,1.0
1773592685.2462533,0.024542728438973427,-0.012098107486963272,2.49639892578125,1.0
1773592685.7473247,0.029845189303159714,-0.018757227808237076,2.5020751953125,1.0
1773592686.246679,0.03284382075071335,-0.021810827776789665,2.502716064453125,1.0
1773592686.7461514,0.03813439607620239,-0.021512918174266815,2.50262451171875,1.0
1773592687.2461915,0.042670972645282745,-0.02158661186695099,2.503448486328125,1.0
1773592687.746563,0.0436389222741127,-0.022907385602593422,2.50537109375,1.0
1773592688.2464468,0.03995265066623688,-0.033165015280246735,2.507293701171875,1.0
1773592688.746929,0.039041340351104736,-0.05067016929388046,2.5115966796875,1.0
1773592689.246215,0.037267208099365234,-0.05962670221924782,2.51409912109375,1.0
1773592689.7474608,0.03507751226425171,-0.05664209648966789,2.51568603515625,1.0
1773592690.2466216,0.03385782241821289,-0.04467201605439186,2.517669677734375,1.0
1773592690.7463524,0.032326553016901016,-0.030902594327926636,2.517852783203125,1.0
1773592691.246694,0.029408687725663185,-0.01875682920217514,2.517181396484375,1.0
1773592691.7463057,0.022717073559761047,-0.010332580655813217,2.514007568359375,1.0
1773592692.2462895,0.02643064223229885,-0.010067193768918514,2.513031005859375,1.0
1773592692.7463927,0.029446221888065338,-0.003797283163294196,2.513824462890625,1.0
1773592693.2463977,0.03434263542294502,0.006903714034706354,2.509185791015625,1.0
1773592693.746338,0.04728443920612335,0.011720658279955387,2.505889892578125,1.0
1773592694.2463825,0.05283338949084282,0.01051946822553873,2.50286865234375,1.0
1773592694.746587,0.05373990163207054,0.010464197024703026,2.497833251953125,1.0
1773592695.246339,0.043108537793159485,0.009690258651971817,2.4981689453125,1.0
1773592695.7464159,0.03087441809475422,0.008101650513708591,2.501129150390625,1.0
1773592696.2464368,0.011049107648432255,0.005559709854424,2.501800537109375,1.0
1773592696.7463849,-0.009128314442932606,-0.002055749064311385,2.498626708984375,1.0
1773592697.2462668,-0.021313803270459175,-0.006507797632366419,2.495330810546875,1.0
1773592697.746419,-0.02368072047829628,-0.012226042337715626,2.49359130859375,1.0
1773592698.246648,-0.014114241115748882,-0.03564867004752159,2.493988037109375,1.0
1773592698.7462757,0.0009936182759702206,-0.06097560375928879,2.49298095703125,1.0
1773592699.2462714,0.0093016242608428,-0.07389727979898453,2.490753173828125,1.0
1773592699.746257,0.018551401793956757,-0.0758015587925911,2.491485595703125,1.0
1773592700.246382,0.017504379153251648,-0.07522853463888168,2.48828125,1.0
1773592700.746246,0.014675314538180828,-0.06999137252569199,2.486358642578125,1.0
1773592701.246495,0.008685353212058544,-0.060129690915346146,2.482452392578125,1.0
1773592701.7475183,0.006642823573201895,-0.05925767868757248,2.4808349609375,1.0
1773592702.2462976,0.0023573762737214565,-0.05120781436562538,2.478363037109375,1.0
1773592702.746349,-0.009448557160794735,-0.032657258212566376,2.47772216796875,1.0
1773592703.24624,-0.019515063613653183,-0.014893153682351112,2.47662353515625,1.0
1773592703.7464392,-0.02583935670554638,0.0015892114024609327,2.475555419921875,1.0
1773592704.246432,-0.027959298342466354,0.011839184910058975,2.474853515625,1.0
1773592704.7463279,-0.018635420128703117,0.01957802101969719,2.4732666015625,1.0
1773592705.246264,-0.010536784306168556,0.016881732270121574,2.47467041015625,1.0
1773592705.7462637,-0.0010710153728723526,0.01756451465189457,2.47705078125,1.0
1773592706.246367,0.010572524741292,0.01744743064045906,2.476898193359375,1.0
1773592706.7462585,0.01817231811583042,0.015647903084754944,2.476654052734375,1.0
1773592707.2462509,0.020472262054681778,0.013937545008957386,2.478759765625,1.0
1773592707.7466946,0.01656561903655529,0.01458757370710373,2.4794921875,1.0
1773592708.246338,0.011967267841100693,0.023550525307655334,2.48028564453125,1.0
1773592708.746221,0.0018290773732587695,0.029021304100751877,2.47979736328125,1.0
1773592709.24645,-0.004208165220916271,0.035619836300611496,2.479339599609375,1.0
1773592709.7464807,-0.005464291200041771,0.0338263064622879,2.480316162109375,1.0
1773592710.2462974,-0.0007625182042829692,0.024138178676366806,2.480010986328125,1.0
1773592710.746284,0.013936005532741547,-0.002208178164437413,2.482574462890625,1.0
1773592711.246251,0.02749418467283249,-0.015881935134530067,2.4832763671875,1.0
1773592711.7462811,0.04538731649518013,-0.01847175322473049,2.48101806640625,1.0
1773592712.2466223,0.05456765741109848,-0.035760246217250824,2.485565185546875,1.0
1773592712.746224,0.05446138232946396,-0.04881482198834419,2.4881591796875,1.0
1773592713.2462204,0.06188157573342323,-0.056993015110492706,2.491668701171875,1.0
1773592713.7462337,0.07613293081521988,-0.06352081149816513,2.492828369140625,1.0
1773592714.2514157,0.08276218175888062,-0.06623957306146622,2.49468994140625,1.0
1773592714.746234,0.086667001247406,-0.07238343358039856,2.49517822265625,1.0
1773592715.2462265,0.08490031957626343,-0.08604270219802856,2.496673583984375,1.0
1773592715.7466261,0.08421549946069717,-0.0853336825966835,2.497406005859375,1.0
1773592716.246554,0.094764843583107,-0.08366946876049042,2.494232177734375,1.0
1773592716.7462049,0.1027846485376358,-0.08062627911567688,2.495391845703125,1.0
1773592717.2462373,0.10422329604625702,-0.08257903903722763,2.4962158203125,1.0
1773592717.746912,0.10412105917930603,-0.09007377922534943,2.4952392578125,1.0
1773592718.2464285,0.1071503683924675,-0.09710635244846344,2.498626708984375,1.0
1773592718.7462823,0.10632378607988358,-0.10216369479894638,2.49822998046875,1.0
1773592719.24627,0.10553507506847382,-0.10642389208078384,2.49786376953125,1.0
1773592719.7462945,0.10219664871692657,-0.1016148254275322,2.497772216796875,1.0
1773592720.246321,0.11230359226465225,-0.10309160500764847,2.49951171875,1.0
1773592720.7462559,0.11389156430959702,-0.0917917937040329,2.499053955078125,1.0
1773592721.2462637,0.10796655714511871,-0.07318288832902908,2.5001220703125,1.0
1773592721.7463145,0.09269091486930847,-0.061037082225084305,2.5008544921875,1.0
1773592722.246483,0.07615874707698822,-0.06139702349901199,2.500732421875,1.0
1773592722.7462637,0.05510532855987549,-0.05691921338438988,2.5029296875,1.0
1773592723.2463114,0.03580057993531227,-0.05580979585647583,2.504486083984375,1.0
1773592723.746281,0.027981828898191452,-0.043761368840932846,2.504791259765625,1.0
1773592724.2464561,0.02282884530723095,-0.03839072212576866,2.506134033203125,1.0
1773592724.7462683,0.012419183738529682,-0.03076053038239479,2.50311279296875,1.0
1773592725.246327,-0.007650310173630714,-0.012738734483718872,2.49847412109375,1.0
1773592725.746408,-0.022943638265132904,-0.0016268363688141108,2.50128173828125,1.0
1773592726.2466486,-0.0438702329993248,-0.00434139696881175,2.501373291015625,1.0
1773592726.7466974,-0.05217093974351883,-0.005854921881109476,2.4996337890625,1.0
1773592727.246286,-0.050620391964912415,-0.002923249965533614,2.498260498046875,1.0
1773592727.7463765,-0.0471140593290329,-0.0012336276704445481,2.494720458984375,1.0
1773592728.2464273,-0.04491257667541504,-0.005491888616234064,2.4962158203125,1.0
1773592728.7462852,-0.039296045899391174,-0.006837822496891022,2.49700927734375,1.0
1773592729.246444,-0.028399059548974037,-0.012057794257998466,2.494354248046875,1.0
1773592729.746438,-0.01215543132275343,-0.015231510624289513,2.48974609375,1.0
1773592730.2466779,-0.00314307096414268,-0.016412923112511635,2.489654541015625,1.0
1773592730.7463398,-0.0020395410247147083,-0.016695307567715645,2.4876708984375,1.0
1773592731.2463033,0.00238310475833714,-0.01856388710439205,2.487091064453125,1.0
1773592731.7463713,0.004147771280258894,-0.019183192402124405,2.487335205078125,1.0
1773592732.2463543,0.015068704262375832,-0.022542348131537437,2.4879150390625,1.0
1773592732.746232,0.020620150491595268,-0.022826243191957474,2.488311767578125,1.0
1773592733.246256,0.025899715721607208,-0.023596687242388725,2.482025146484375,1.0
1773592733.746793,0.030820338055491447,-0.021664820611476898,2.479827880859375,1.0
1773592734.2463593,0.03759033605456352,-0.02543018013238907,2.477447509765625,1.0
1773592734.746265,0.04618719965219498,-0.0233463142067194,2.480316162109375,1.0
1773592735.2462509,0.05443201959133148,-0.0174210574477911,2.47943115234375,1.0
1773592735.7463164,0.05567269027233124,-0.00829635001718998,2.47686767578125,1.0
1773592736.2462592,0.06418021768331528,-0.004086366388946772,2.47412109375,1.0
1773592736.746214,0.06890078634023666,-0.0005116375396028161,2.473480224609375,1.0
1773592737.246175,0.06744474917650223,0.0040433513931930065,2.47412109375,1.0
1773592737.7462883,0.05944394692778587,0.002681506099179387,2.47637939453125,1.0
1773592738.246331,0.0471765473484993,-0.0005270664114505053,2.4766845703125,1.0
1773592738.746169,0.029170777648687363,-0.00439399853348732,2.476287841796875,1.0
1773592739.2461953,0.004666424356400967,-0.013376961462199688,2.474639892578125,1.0
1773592739.7462492,-0.006072996184229851,-0.013318781740963459,2.476165771484375,1.0
1773592740.2462583,-0.018063239753246307,-0.015273687429726124,2.474517822265625,1.0
1773592740.7463856,-0.01811029016971588,-0.01778888888657093,2.4766845703125,1.0
1773592741.246154,-0.015299484133720398,-0.023953476920723915,2.4774169921875,1.0
1773592741.7463717,-0.009681382216513157,-0.028173083439469337,2.476898193359375,1.0
1773592742.246612,-0.024471580982208252,-0.0358012355864048,2.476287841796875,1.0
1773592742.7462804,-0.03092283569276333,-0.0399843268096447,2.475189208984375,1.0
1773592743.2463293,-0.0289442241191864,-0.043957579880952835,2.47711181640625,1.0
1773592743.7463942,-0.021281030029058456,-0.05147993564605713,2.47882080078125,1.0
1773592744.2465124,-0.011771626770496368,-0.06547094881534576,2.479034423828125,1.0
1773592744.7462895,-0.0013347013154998422,-0.06960651278495789,2.480377197265625,1.0
1773592745.246279,0.010126602835953236,-0.06830217689275742,2.478515625,1.0
1773592745.7462738,0.01670878566801548,-0.06413319706916809,2.4788818359375,1.0
1773592746.2472582,0.017352724447846413,-0.04986104369163513,2.47918701171875,1.0
1773592746.7462811,0.014110377989709377,-0.04087093099951744,2.4796142578125,1.0
1773592747.2462778,0.006673049181699753,-0.04118825122714043,2.481842041015625,1.0
1773592747.746418,0.0022745360620319843,-0.03718787804245949,2.48443603515625,1.0
1773592748.2464705,-0.013235064223408699,-0.035944756120443344,2.48681640625,1.0
1773592748.7462862,-0.023779232054948807,-0.030245264992117882,2.484375,1.0
1773592749.2462893,-0.030744342133402824,-0.03180865943431854,2.48675537109375,1.0
1773592749.74645,-0.025794627144932747,-0.027499234303832054,2.4910888671875,1.0
1773592750.246662,-0.00961319450289011,-0.019952736794948578,2.493743896484375,1.0
1773592750.7465363,0.013455472886562347,-0.022247707471251488,2.49359130859375,1.0
1773592751.2464619,0.023909304291009903,-0.02061087265610695,2.492218017578125,1.0
1773592751.7466135,0.030888305976986885,-0.01225088071078062,2.490692138671875,1.0
1773592752.2467647,0.04514644294977188,-0.007883111946284771,2.490203857421875,1.0
1773592752.7463706,0.054299041628837585,-0.006384208798408508,2.49072265625,1.0
1773592753.2473211,0.06556293368339539,-0.009492622688412666,2.491424560546875,1.0
1773592753.7464697,0.07221778482198715,-0.013786234892904758,2.496063232421875,1.0
1773592754.2470608,0.07529084384441376,-0.011729029938578606,2.5010986328125,1.0
1773592754.7462587,0.07164713740348816,-0.005183520261198282,2.49957275390625,1.0
1773592755.2462482,0.06305404007434845,-0.010413046926259995,2.498260498046875,1.0
1773592755.746465,0.05395287647843361,-0.007805234752595425,2.4989013671875,1.0
1773592756.247232,0.05012618377804756,-0.0055368635803461075,2.497955322265625,1.0
1773592756.7462287,0.051627397537231445,-0.00317001692019403,2.499420166015625,1.0
1773592757.247006,0.05280075594782829,-0.0060548014007508755,2.500396728515625,1.0
1773592757.7463183,0.05349748954176903,-0.012667237780988216,2.4989013671875,1.0
1773592758.2467206,0.0526675209403038,-0.015039446763694286,2.498382568359375,1.0
1773592758.7464404,0.04780321568250656,-0.012965529225766659,2.497802734375,1.0
1773592759.246541,0.032909244298934937,-0.010257881134748459,2.496337890625,1.0
1773592759.7463624,0.018064530566334724,0.00027493684319779277,2.499725341796875,1.0
1773592760.2468858,0.012584708631038666,0.0016152305761352181,2.501312255859375,1.0
1773592760.7462544,0.017865924164652824,0.0013387808576226234,2.50555419921875,1.0
1773592761.2465522,0.020452575758099556,-0.002997669856995344,2.505218505859375,1.0
1773592761.746449,0.018926948308944702,-0.0058952681720256805,2.50421142578125,1.0
1773592762.2462606,0.014215242117643356,-0.0015839471016079187,2.50567626953125,1.0
1773592762.7462902,0.00512224854901433,-0.0013398906448855996,2.503814697265625,1.0
1773592763.247057,-0.008907259441912174,-0.0005669286474585533,2.499420166015625,1.0
1773592763.746405,-0.013673609122633934,-0.0011359845520928502,2.49859619140625,1.0
1773592764.2462826,-0.0029659694992005825,-0.010327501222491264,2.50238037109375,1.0
1773592764.7463107,-0.0003615929454099387,-0.022616634145379066,2.503997802734375,1.0
1773592765.2463036,0.006528133526444435,-0.02738560363650322,2.5032958984375,1.0
1773592765.7464852,0.008589482866227627,-0.02534155361354351,2.502655029296875,1.0
1773592766.246477,0.020606162026524544,-0.025705011561512947,2.5,1.0
1773592766.746266,0.03224034234881401,-0.036615144461393356,2.501220703125,1.0
1773592767.2463486,0.03030061163008213,-0.04680261015892029,2.501373291015625,1.0
1773592767.746363,0.03053233027458191,-0.060448069125413895,2.499267578125,1.0
1773592768.2462564,0.030430510640144348,-0.07512516528367996,2.49945068359375,1.0
1773592768.7462358,0.030089590698480606,-0.08591851592063904,2.498291015625,1.0
1773592769.246312,0.0257004015147686,-0.0849006399512291,2.49945068359375,1.0
1773592769.746374,0.022661540657281876,-0.08444169908761978,2.498931884765625,1.0
1773592770.2463145,0.008660415187478065,-0.09023814648389816,2.500457763671875,1.0
1773592770.7462928,-0.009714899584650993,-0.09368248283863068,2.5067138671875,1.0
1773592771.2464225,-0.015789514407515526,-0.08195488899946213,2.50640869140625,1.0
1773592771.7463486,-0.01850561983883381,-0.07161466032266617,2.5040283203125,1.0
1773592772.2462623,-0.011680847965180874,-0.0687091201543808,2.4971923828125,1.0
1773592772.7463064,-0.012866728007793427,-0.0731189176440239,2.49481201171875,1.0
1773592773.246892,-0.008265700191259384,-0.06474191695451736,2.495513916015625,1.0
1773592773.7463086,0.0015763506526127458,-0.05424769967794418,2.4957275390625,1.0
1773592774.2463257,0.01925421506166458,-0.04691672325134277,2.49847412109375,1.0
1773592774.7462456,0.029304318130016327,-0.046415816992521286,2.499114990234375,1.0
1773592775.24631,0.0427304171025753,-0.03692631423473358,2.4962158203125,1.0
1773592775.746382,0.05345834419131279,-0.026644311845302582,2.4954833984375,1.0
1773592776.2462525,0.06833717226982117,-0.0241285040974617,2.49774169921875,1.0
1773592776.7462504,0.07922156900167465,-0.02160094678401947,2.4970703125,1.0
1773592777.2468543,0.08260751515626907,-0.01757749356329441,2.496063232421875,1.0
1773592777.7514105,0.08108274638652802,-0.016185423359274864,2.49285888671875,1.0
1773592778.2463684,0.07748384773731232,-0.012713521718978882,2.48944091796875,1.0
1773592778.7468114,0.07303912937641144,-0.002800135174766183,2.490509033203125,1.0
1773592779.2463086,0.07519721239805222,0.01083407923579216,2.493499755859375,1.0
1773592779.746539,0.07523096352815628,0.024842970073223114,2.490936279296875,1.0
1773592780.2462018,0.07139752805233002,0.039812762290239334,2.4892578125,1.0
1773592780.7462115,0.05962197482585907,0.06185365095734596,2.489715576171875,1.0
1773592781.2462637,0.0391681045293808,0.07947686314582825,2.4901123046875,1.0
1773592781.7468925,0.00685466080904007,0.08331122994422913,2.490203857421875,1.0
1773592782.2461467,-0.01248290203511715,0.07617097347974777,2.490142822265625,1.0
1773592782.746221,-0.023828551173210144,0.07975102216005325,2.490447998046875,1.0
1773592783.246616,-0.028823135420680046,0.07332587242126465,2.491607666015625,1.0
1773592783.7462778,-0.025522146373987198,0.06221839040517807,2.4937744140625,1.0
1773592784.2465043,-0.02235463447868824,0.04410114884376526,2.49749755859375,1.0
1773592784.7461658,-0.027154840528964996,0.026658566668629646,2.499786376953125,1.0
1773592785.2462478,-0.030281249433755875,0.017797064036130905,2.50164794921875,1.0
1773592785.7470078,-0.028699254617094994,0.011459145694971085,2.50146484375,1.0
1773592786.2464979,-0.031583741307258606,0.0024558044970035553,2.5050048828125,1.0
1773592786.7463086,-0.03551807999610901,-0.00946418009698391,2.506378173828125,1.0
1773592787.2466085,-0.03468030318617821,-0.029398571699857712,2.5057373046875,1.0
1773592787.7464345,-0.022337742149829865,-0.043054837733507156,2.50457763671875,1.0
1773592788.2464767,-0.011645358055830002,-0.0513707734644413,2.500335693359375,1.0
1773592788.7463446,-0.002619042294099927,-0.06917412579059601,2.49981689453125,1.0
1773592789.2470376,0.007217037957161665,-0.07214880734682083,2.50006103515625,1.0
1773592789.7462602,0.014511460438370705,-0.07406137138605118,2.498199462890625,1.0
1773592790.2463446,0.02496466040611267,-0.08094583451747894,2.49871826171875,1.0
1773592790.7462695,0.03970526158809662,-0.08246530592441559,2.498046875,1.0
1773592791.2462645,0.055064618587493896,-0.07992368191480637,2.49566650390625,1.0
1773592791.7462983,0.06585405766963959,-0.07874173671007156,2.494873046875,1.0
1773592792.246272,0.07704532891511917,-0.07507778704166412,2.49603271484375,1.0
1773592792.746264,0.09599470347166061,-0.0695110559463501,2.49530029296875,1.0
1773592793.246361,0.10926759243011475,-0.06526804715394974,2.492584228515625,1.0
1773592793.7462747,0.11162278056144714,-0.06400932371616364,2.49237060546875,1.0
1773592794.2462552,0.10316761583089828,-0.06423486024141312,2.49688720703125,1.0
1773592794.746309,0.09768740832805634,-0.05767093226313591,2.49749755859375,1.0
1773592795.2467525,0.09217103570699692,-0.05488334968686104,2.500213623046875,1.0
1773592795.7465167,0.08184318989515305,-0.046445105224847794,2.50299072265625,1.0
1773592796.246302,0.0665423795580864,-0.025425616651773453,2.500823974609375,1.0
1773592796.7462256,0.05219524726271629,-0.012581352144479752,2.501739501953125,1.0
1773592797.246304,0.04164902865886688,0.0010560532100498676,2.501190185546875,1.0
1773592797.7464187,0.026335103437304497,0.015151794999837875,2.501434326171875,1.0
1773592798.2462618,0.011230232194066048,0.017355378717184067,2.50469970703125,1.0
1773592798.7462637,0.011198370717465878,0.026379486545920372,2.5054931640625,1.0
1773592799.246329,0.015647413209080696,0.018889421597123146,2.504058837890625,1.0
1773592799.7462664,0.017253369092941284,0.014607641845941544,2.504425048828125,1.0
1773592800.2462778,0.025119829922914505,0.010453861206769943,2.503662109375,1.0
1773592800.74629,0.02525358274579048,-0.0006906207418069243,2.5030517578125,1.0
1773592801.2464857,0.031582415103912354,-0.004217812791466713,2.49945068359375,1.0
1773592801.7465715,0.04047449305653572,-0.01750621758401394,2.4993896484375,1.0
1773592802.2462668,0.054370541125535965,-0.02646159939467907,2.4954833984375,1.0
1773592802.746229,0.06832870841026306,-0.028510963544249535,2.493988037109375,1.0
1773592803.2462656,0.06837265193462372,-0.0398525632917881,2.491119384765625,1.0
1773592803.7462552,0.06701714545488358,-0.043916136026382446,2.49114990234375,1.0
1773592804.2462983,0.06974498927593231,-0.043580424040555954,2.49249267578125,1.0
1773592804.7462306,0.060098785907030106,-0.04502003639936447,2.493560791015625,1.0
1773592805.2463536,0.04362407699227333,-0.04749933257699013,2.493194580078125,1.0
1773592805.746385,0.02582491561770439,-0.03894373029470444,2.494659423828125,1.0
1773592806.2465932,0.006084247957915068,-0.0260921660810709,2.4945068359375,1.0
1773592806.746321,-0.012651857919991016,-0.01906832866370678,2.4918212890625,1.0
1773592807.247068,-0.025185206905007362,-0.01570219174027443,2.49261474609375,1.0
1773592807.7464936,-0.0256184134632349,-0.014009689912199974,2.49658203125,1.0
1773592808.246283,-0.020519979298114777,-0.01233814749866724,2.499359130859375,1.0
1773592808.7461867,-0.01234969962388277,-0.010003739036619663,2.50091552734375,1.0
1773592809.2470243,0.006486794911324978,-0.007827426306903362,2.503662109375,1.0
1773592809.7468727,0.030182797461748123,-0.01303939986974001,2.503875732421875,1.0
1773592810.2462137,0.04711315408349037,-0.019454404711723328,2.503997802734375,1.0
1773592810.7462268,0.0500793531537056,-0.022605661302804947,2.50555419921875,1.0
1773592811.2462618,0.05542746186256409,-0.020091483369469643,2.503875732421875,1.0
1773592811.746276,0.058657482266426086,-0.02427724190056324,2.503387451171875,1.0
1773592812.246184,0.05174393951892853,-0.025507645681500435,2.501373291015625,1.0
1773592812.7463746,0.05467025563120842,-0.01306118443608284,2.503509521484375,1.0
1773592813.2462866,0.055970583111047745,-0.0016793947434052825,2.502685546875,1.0
1773592813.7468913,0.0584816038608551,0.002270311815664172,2.503448486328125,1.0
1773592814.2466621,0.057913850992918015,0.009247099049389362,2.501800537109375,1.0
1773592814.7462494,0.06802298128604889,0.018162211403250694,2.502044677734375,1.0
1773592815.2469053,0.0748448371887207,0.021193496882915497,2.503631591796875,1.0
1773592815.7464619,0.07971757650375366,0.02323867194354534,2.50372314453125,1.0
1773592816.2464843,0.0731777623295784,0.015447407960891724,2.5059814453125,1.0
1773592816.746248,0.06408705562353134,0.01598203554749489,2.505828857421875,1.0
1773592817.2472079,0.05233354493975639,0.012106025591492653,2.505035400390625,1.0
1773592817.7464952,0.03159083425998688,0.007578968536108732,2.507049560546875,1.0
1773592818.2462668,0.015714162960648537,0.003418237203732133,2.50726318359375,1.0
1773592818.746261,0.007682431489229202,-0.008801445364952087,2.50537109375,1.0
1773592819.2463095,0.0014547689352184534,-0.018636351451277733,2.5057373046875,1.0
1773592819.7463553,-0.0023752269335091114,-0.022847604006528854,2.50018310546875,1.0
1773592820.2463024,-0.010506683960556984,-0.02561669610440731,2.4945068359375,1.0
1773592820.7463076,-0.008696187287569046,-0.02387814223766327,2.49517822265625,1.0
1773592821.2473183,-0.0031201462261378765,-0.020377282053232193,2.49273681640625,1.0
1773592821.7478654,-0.003939615096896887,-0.01725783385336399,2.4903564453125,1.0
1773592822.246255,-0.005224503576755524,-0.020980335772037506,2.48822021484375,1.0
1773592822.7462618,-0.0037889645900577307,-0.03210388869047165,2.48858642578125,1.0
1773592823.2470067,0.0011693901615217328,-0.04734036698937416,2.487823486328125,1.0
1773592823.7465186,0.00855534989386797,-0.06519361585378647,2.48822021484375,1.0
1773592824.2462654,0.01023899670690298,-0.07340483367443085,2.489044189453125,1.0
1773592824.7462559,0.009857210330665112,-0.08231712132692337,2.4893798828125,1.0
1773592825.2475026,0.008364307694137096,-0.09396020323038101,2.488067626953125,1.0
1773592825.7462413,0.005634276196360588,-0.09839380532503128,2.487518310546875,1.0
1773592826.2463148,0.009673675522208214,-0.105397067964077,2.48602294921875,1.0
1773592826.7463293,0.006883793510496616,-0.10840240865945816,2.486114501953125,1.0
1773592827.2462938,0.004388040862977505,-0.1061241626739502,2.487152099609375,1.0
1773592827.7464447,0.006401563994586468,-0.09723237156867981,2.48712158203125,1.0
1773592828.2462926,0.013509996235370636,-0.09128600358963013,2.485137939453125,1.0
1773592828.7462864,0.023080745711922646,-0.09234455972909927,2.486785888671875,1.0
1773592829.2463343,0.03235404193401337,-0.09482824057340622,2.4844970703125,1.0
1773592829.7464657,0.048459116369485855,-0.09203582257032394,2.483642578125,1.0
1773592830.2462764,0.06754036992788315,-0.08630785346031189,2.4854736328125,1.0
1773592830.7462738,0.07925792038440704,-0.07434216886758804,2.48822021484375,1.0
1773592831.2462578,0.0799376517534256,-0.07095368206501007,2.48828125,1.0
1773592831.7466695,0.08111760020256042,-0.06720191240310669,2.4908447265625,1.0
1773592832.246316,0.07988742738962173,-0.06251189112663269,2.490203857421875,1.0
1773592832.7467425,0.08068019151687622,-0.06271855533123016,2.489532470703125,1.0
1773592833.247068,0.08144837617874146,-0.055321965366601944,2.4886474609375,1.0
1773592833.7463615,0.0745980367064476,-0.04540224373340607,2.486297607421875,1.0
1773592834.246294,0.06261559575796127,-0.034105341881513596,2.48309326171875,1.0
1773592834.7462935,0.05150638520717621,-0.026437703520059586,2.483734130859375,1.0
1773592835.246326,0.029812781140208244,-0.01867406815290451,2.4837646484375,1.0
1773592835.746417,0.018394146114587784,-0.00628135958686471,2.482025146484375,1.0
1773592836.2462142,0.00634040730074048,0.006403299514204264,2.483306884765625,1.0
1773592836.7462752,-0.0010537331691011786,0.013728426769375801,2.481964111328125,1.0
1773592837.2463512,-0.00216540670953691,0.009906325489282608,2.4815673828125,1.0
1773592837.746383,0.0006764455465599895,0.0061034285463392735,2.48345947265625,1.0
1773592838.2463083,-0.0011192015372216702,-0.001628055819310248,2.483306884765625,1.0
1773592838.7462096,0.002167167840525508,-0.011141459457576275,2.487640380859375,1.0
1773592839.2469301,0.010541035793721676,-0.012814178131520748,2.490264892578125,1.0
1773592839.7469895,0.014147255569696426,-0.01579432189464569,2.49029541015625,1.0
1773592840.246473,0.017338827252388,-0.024767229333519936,2.490203857421875,1.0
1773592840.7464073,0.012551416642963886,-0.024631483480334282,2.490386962890625,1.0
1773592841.2463672,0.013233296573162079,-0.02677774801850319,2.488037109375,1.0
1773592841.7462425,0.01007408183068037,-0.041063711047172546,2.489105224609375,1.0
1773592842.2462842,0.003355292370542884,-0.0491616390645504,2.488555908203125,1.0
1773592842.7461672,0.001007728511467576,-0.05766149237751961,2.485748291015625,1.0
1773592843.2462933,0.0022891778498888016,-0.06569210439920425,2.488037109375,1.0
1773592843.746309,0.007008783519268036,-0.07473809272050858,2.491607666015625,1.0
1773592844.2462795,0.013523058965802193,-0.07790867984294891,2.490478515625,1.0
1773592844.746315,0.021790167316794395,-0.08164384216070175,2.492919921875,1.0
1773592845.246278,0.01900172233581543,-0.09048835933208466,2.494720458984375,1.0
1773592845.746483,0.015227212570607662,-0.0849943682551384,2.494598388671875,1.0
1773592846.2462595,0.017768437042832375,-0.07013147324323654,2.49468994140625,1.0
1773592846.746263,0.020245186984539032,-0.056125953793525696,2.49163818359375,1.0
1773592847.2468185,0.027940010651946068,-0.04639920964837074,2.494476318359375,1.0
1773592847.7463887,0.028940986841917038,-0.036536604166030884,2.497039794921875,1.0
1773592848.2462711,0.027348754927515984,-0.018241317942738533,2.500762939453125,1.0
1773592848.746278,0.024187659844756126,0.0076989722438156605,2.50146484375,1.0
1773592849.2466497,0.023200804367661476,0.02910398133099079,2.50518798828125,1.0
1773592849.746453,0.027532679960131645,0.0407637357711792,2.504364013671875,1.0
1773592850.2463176,0.029486525803804398,0.038333598524332047,2.503631591796875,1.0
1773592850.746265,0.025897419080138206,0.0333244763314724,2.502838134765625,1.0
1773592851.2468765,0.011645135469734669,0.03641919791698456,2.50115966796875,1.0
1773592851.7463884,-0.005644266493618488,0.035576432943344116,2.495819091796875,1.0
1773592852.2462726,-0.022706152871251106,0.02750461734831333,2.4901123046875,1.0
1773592852.746263,-0.0364973209798336,0.01639399118721485,2.484954833984375,1.0
1773592853.2462945,-0.04513717442750931,0.00983894057571888,2.4859619140625,1.0
1773592853.7462845,-0.04374589025974274,0.015639321878552437,2.485687255859375,1.0
1773592854.2463353,-0.03654959797859192,0.008268758654594421,2.48419189453125,1.0
1773592854.7463787,-0.02556530572474003,-0.0049998704344034195,2.48443603515625,1.0
1773592855.2468178,-0.014785055071115494,-0.016613587737083435,2.485595703125,1.0
1773592855.7466521,-0.005116329528391361,-0.01924578845500946,2.488922119140625,1.0
1773592856.2462766,-0.000519587832968682,-0.015304525382816792,2.4901123046875,1.0
1773592856.7462447,0.0036404260899871588,-0.013633573427796364,2.48980712890625,1.0
1773592857.246271,0.0007816635770723224,-0.024404076859354973,2.4915771484375,1.0
1773592857.7468753,-0.0013958191266283393,-0.03164295107126236,2.496185302734375,1.0
1773592858.2462153,-0.007966765202581882,-0.03428380563855171,2.501800537109375,1.0
1773592858.7462463,-0.006487758830189705,-0.03878968209028244,2.50164794921875,1.0
1773592859.2462666,-0.0005304306396283209,-0.03862472623586655,2.5025634765625,1.0
1773592859.746618,0.00913271214812994,-0.034466493874788284,2.504913330078125,1.0
1773592860.246233,0.01598253846168518,-0.03492171689867973,2.507476806640625,1.0
1773592860.7462015,0.015527038834989071,-0.03842664137482643,2.50274658203125,1.0
1773592861.246747,0.017029980197548866,-0.03723998740315437,2.501312255859375,1.0
1773592861.7474065,0.02158396691083908,-0.02803526073694229,2.500640869140625,1.0
1773592862.2461963,0.03158935531973839,-0.030339373275637627,2.496551513671875,1.0
1773592862.7462552,0.04182964563369751,-0.027816977351903915,2.496429443359375,1.0
1773592863.2462912,0.04235745593905449,-0.019881097599864006,2.498931884765625,1.0
1773592863.746549,0.03814990818500519,-0.013982522301375866,2.499664306640625,1.0
1773592864.2461948,0.037292610853910446,0.0030184253118932247,2.501434326171875,1.0
1773592864.7461832,0.02234063111245632,0.01692511886358261,2.50311279296875,1.0
1773592865.246405,0.006396275945007801,0.020135771483182907,2.50567626953125,1.0
1773592865.746719,0.002680765464901924,0.023824822157621384,2.505859375,1.0
1773592866.2474875,-0.004267976153641939,0.029989663511514664,2.50799560546875,1.0
1773592866.7464495,0.0006433043745346367,0.03837171196937561,2.50811767578125,1.0
1773592867.247194,0.0029491435270756483,0.049781519919633865,2.506317138671875,1.0
1773592867.7465935,0.01307112630456686,0.0522814616560936,2.504730224609375,1.0
1773592868.246767,0.027521075680851936,0.05266157165169716,2.50396728515625,1.0
1773592868.7466905,0.04107241705060005,0.04712195694446564,2.501220703125,1.0
1773592869.2472904,0.04638611152768135,0.03167135640978813,2.501678466796875,1.0
1773592869.7475328,0.044405497610569,0.015149414539337158,2.501800537109375,1.0
1773592870.2463162,0.043140243738889694,0.016747672110795975,2.5008544921875,1.0
1773592870.746237,0.04736383631825447,0.020039385184645653,2.498199462890625,1.0
1773592871.2469509,0.042279090732336044,0.021273303776979446,2.499755859375,1.0
1773592871.7462707,0.036676447838544846,0.016201797872781754,2.503082275390625,1.0
1773592872.246264,0.02672778256237507,0.021163467317819595,2.503173828125,1.0
1773592872.7462583,0.026816675439476967,0.019443556666374207,2.50201416015625,1.0
1773592873.247057,0.029108326882123947,0.015594377182424068,2.49951171875,1.0
1773592873.74633,0.027342012152075768,0.010051177814602852,2.49981689453125,1.0
1773592874.246516,0.026825832203030586,0.003344267373904586,2.500518798828125,1.0
1773592874.746282,0.02947195991873741,8.782972145127133e-05,2.503387451171875,1.0
1773592875.2462873,0.030607782304286957,-0.001899296185001731,2.5020751953125,1.0
1773592875.7464538,0.025526175275444984,-0.004590013064444065,2.496673583984375,1.0
1773592876.246495,0.01757075823843479,-0.005660040769726038,2.493438720703125,1.0
1773592876.7462776,0.0034826199989765882,-0.013562396168708801,2.487945556640625,1.0
1773592877.2496579,-0.012864134274423122,-0.02321319840848446,2.484375,1.0
1773592877.7462964,-0.018785813823342323,-0.02617412991821766,2.485137939453125,1.0
1773592878.2467823,-0.026764243841171265,-0.02741868421435356,2.4827880859375,1.0
1773592878.7462783,-0.023974794894456863,-0.03612803667783737,2.479156494140625,1.0
1773592879.2462957,-0.013972528278827667,-0.042964741587638855,2.47918701171875,1.0
1773592879.7463267,-0.0011638065334409475,-0.04913977161049843,2.4791259765625,1.0
1773592880.2471523,-0.0011338882613927126,-0.05567282438278198,2.477264404296875,1.0
1773592880.746426,0.002210002625361085,-0.056710392236709595,2.473602294921875,1.0
1773592881.246293,0.004764727782458067,-0.051454298198223114,2.474151611328125,1.0
1773592881.7463357,0.01005253754556179,-0.04461418837308884,2.471832275390625,1.0
1773592882.2473273,0.012245536781847477,-0.04107588902115822,2.468048095703125,1.0
1773592882.7463021,0.01784459687769413,-0.03507990390062332,2.4669189453125,1.0
1773592883.246248,0.019245270639657974,-0.018611690029501915,2.464874267578125,1.0
1773592883.7462916,0.018780391663312912,0.005171184428036213,2.466949462890625,1.0
1773592884.2472699,0.020660612732172012,0.01656702160835266,2.462921142578125,1.0
1773592884.7464132,0.02527584321796894,0.02671409212052822,2.464752197265625,1.0
1773592885.2462344,0.02414129301905632,0.02348245121538639,2.46917724609375,1.0
1773592885.7462957,0.02343657612800598,0.019808834418654442,2.47210693359375,1.0
1773592886.2465725,0.026106059551239014,0.019911136478185654,2.4747314453125,1.0
1773592886.746299,0.026472123339772224,0.02023601531982422,2.477081298828125,1.0
1773592887.2461956,0.028076959773898125,0.013532721437513828,2.4788818359375,1.0
1773592887.7462459,0.020853308960795403,0.006238962057977915,2.479248046875,1.0
1773592888.2463784,0.02012767642736435,-0.005434896796941757,2.4764404296875,1.0
1773592888.7466214,0.02274450659751892,-0.024723758921027184,2.478759765625,1.0
1773592889.2462802,0.025379806756973267,-0.03004499152302742,2.479736328125,1.0
1773592889.7462258,0.018910612910985947,-0.03380541130900383,2.47747802734375,1.0
1773592890.2462673,0.013375944457948208,-0.034307461231946945,2.477508544921875,1.0
1773592890.7462351,0.011876579374074936,-0.03437298536300659,2.478179931640625,1.0
1773592891.2462046,0.0049171242862939835,-0.03262650966644287,2.478424072265625,1.0
1773592891.7462199,-0.016221005469560623,-0.03276967257261276,2.479705810546875,1.0
1773592892.2474504,-0.032473351806402206,-0.032765623182058334,2.480987548828125,1.0
1773592892.7472963,-0.03927917778491974,-0.03863003849983215,2.4830322265625,1.0
1773592893.2468553,-0.0402512289583683,-0.046247586607933044,2.487274169921875,1.0
1773592893.7462392,-0.03303023427724838,-0.05753181129693985,2.4881591796875,1.0
1773592894.2465286,-0.020241592079401016,-0.06183294579386711,2.49041748046875,1.0
1773592894.7463732,-0.014689034782350063,-0.06083424761891365,2.4931640625,1.0
1773592895.246247,-0.015342146158218384,-0.05690043792128563,2.49554443359375,1.0
1773592895.7462966,-0.009370001964271069,-0.043950729072093964,2.493988037109375,1.0
1773592896.2463064,0.006753699854016304,-0.03384304791688919,2.49249267578125,1.0
1773592896.746353,0.020659979432821274,-0.02795693837106228,2.4918212890625,1.0
1773592897.2466056,0.018905550241470337,-0.03158507123589516,2.49261474609375,1.0
1773592897.7463796,0.017281176522374153,-0.03178062289953232,2.4949951171875,1.0
1773592898.246573,0.018763381987810135,-0.02372204139828682,2.49786376953125,1.0
1773592898.746267,0.02855888195335865,-0.019634433090686798,2.49658203125,1.0
1773592899.2464082,0.03155650570988655,-0.031223241239786148,2.49298095703125,1.0
1773592899.7463446,0.03359667584300041,-0.03735281154513359,2.489410400390625,1.0
1773592900.2462332,0.03325406089425087,-0.04524312540888786,2.48834228515625,1.0
1773592900.7462645,0.03022616356611252,-0.05223935842514038,2.487030029296875,1.0
1773592901.246519,0.02388003282248974,-0.05862513184547424,2.485992431640625,1.0
1773592901.7462215,0.018530331552028656,-0.06353938579559326,2.484130859375,1.0
1773592902.2463868,0.012910988181829453,-0.0665341392159462,2.48333740234375,1.0
1773592902.7462938,0.018880357965826988,-0.06879261136054993,2.480926513671875,1.0
1773592903.246694,0.021178865805268288,-0.0694286897778511,2.48052978515625,1.0
1773592903.7463822,0.026707446202635765,-0.06826091557741165,2.47991943359375,1.0
1773592904.2462864,0.03146922215819359,-0.063413105905056,2.478607177734375,1.0
1773592904.7464154,0.03749873489141464,-0.06304770708084106,2.480560302734375,1.0
1773592905.2463038,0.04487641155719757,-0.07274343818426132,2.484710693359375,1.0
1773592905.7462711,0.056093692779541016,-0.07472274452447891,2.484710693359375,1.0
1773592906.2463887,0.0617290623486042,-0.0643150731921196,2.484649658203125,1.0
1773592906.746387,0.06317390501499176,-0.04309497028589249,2.48223876953125,1.0
1773592907.2466438,0.06883814185857773,-0.026265937834978104,2.482879638671875,1.0
1773592907.7462363,0.07626886665821075,-0.01966262049973011,2.485015869140625,1.0
1773592908.2462666,0.07838417589664459,-0.0153435617685318,2.482086181640625,1.0
1773592908.7463543,0.0648893415927887,-0.010479340329766273,2.4835205078125,1.0
1773592909.2464464,0.05950701981782913,-0.003837479976937175,2.4822998046875,1.0
1773592909.746259,0.05283404886722565,-0.004011489450931549,2.479034423828125,1.0
1773592910.2464645,0.03759684041142464,-0.004937200807034969,2.47857666015625,1.0
1773592910.746342,0.03247719630599022,-0.01005511824041605,2.48211669921875,1.0
1773592911.24648,0.03639540076255798,-0.01962040737271309,2.481719970703125,1.0
1773592911.7462654,0.04182694852352142,-0.023359674960374832,2.480926513671875,1.0
1773592912.2462735,0.04602668061852455,-0.019964998587965965,2.481842041015625,1.0
1773592912.7463667,0.043919168412685394,-0.018582377582788467,2.484405517578125,1.0
1773592913.2462373,0.04359600320458412,-0.016896598041057587,2.4822998046875,1.0
1773592913.7462573,0.04247676581144333,-0.020233402028679848,2.481536865234375,1.0
1773592914.246311,0.036419402807950974,-0.02033006027340889,2.482421875,1.0
1773592914.7463093,0.020901205018162727,-0.01570221595466137,2.4840087890625,1.0
1773592915.2463672,0.005163942463696003,-0.01326156035065651,2.483856201171875,1.0
1773592915.7463005,-0.00746774859726429,-0.009289593435823917,2.481842041015625,1.0
1773592916.2463646,-0.015511857345700264,-0.0045605008490383625,2.48077392578125,1.0
1773592916.7463255,-0.016331536695361137,0.009636439383029938,2.4796142578125,1.0
1773592917.246514,-0.011934288777410984,0.032698921859264374,2.481292724609375,1.0
1773592917.7461793,-0.009360365569591522,0.038803793489933014,2.4757080078125,1.0
1773592918.2462158,-0.009113290347158909,0.03378015011548996,2.476318359375,1.0
1773592918.7463634,-0.008661283180117607,0.023260606452822685,2.479034423828125,1.0
1773592919.2463906,0.0019440893083810806,0.01885042153298855,2.48028564453125,1.0
1773592919.7461863,0.01401196513324976,0.019857464358210564,2.47882080078125,1.0
1773592920.2462018,0.021737566217780113,0.020580364391207695,2.482757568359375,1.0
1773592920.7461803,0.008912328630685806,0.01102523971349001,2.48370361328125,1.0
1773592921.247665,0.0018857265822589397,-0.003525239648297429,2.482696533203125,1.0
1773592921.7461934,-0.0037163563538342714,-0.005616949871182442,2.48077392578125,1.0
1773592922.2462943,-0.012154228053987026,-0.007736919913440943,2.48126220703125,1.0
1773592922.7462087,-0.0202015433460474,-0.017056403681635857,2.48138427734375,1.0
1773592923.2498226,-0.027416806668043137,-0.01998300850391388,2.478240966796875,1.0
1773592923.7462735,-0.03193928673863411,-0.01904325559735298,2.47637939453125,1.0
1773592924.2464652,-0.03715105354785919,-0.020942818373441696,2.47772216796875,1.0
1773592924.7463403,-0.038902197033166885,-0.029059967026114464,2.478240966796875,1.0
1773592925.2469633,-0.03489544615149498,-0.036004211753606796,2.479156494140625,1.0
1773592925.7462895,-0.03390365466475487,-0.037908885627985,2.47723388671875,1.0
1773592926.2462797,-0.03235442936420441,-0.03770827129483223,2.475372314453125,1.0
1773592926.7462842,-0.032774534076452255,-0.03845615312457085,2.475677490234375,1.0
1773592927.2464306,-0.029318684712052345,-0.046272460371255875,2.47833251953125,1.0
1773592927.7462232,-0.028889846056699753,-0.050371088087558746,2.47802734375,1.0
1773592928.2462127,-0.025267627090215683,-0.049662377685308456,2.480010986328125,1.0
1773592928.7462566,-0.023702900856733322,-0.04596108943223953,2.478179931640625,1.0
1773592929.2463923,-0.012502570636570454,-0.036190327256917953,2.474090576171875,1.0
1773592929.7463415,-0.008742574602365494,-0.02480010688304901,2.472808837890625,1.0
1773592930.2462714,0.003116793464869261,-0.024899743497371674,2.47216796875,1.0
1773592930.7462518,0.01445127371698618,-0.025393253192305565,2.473785400390625,1.0
1773592931.246619,0.028540171682834625,-0.03226493299007416,2.482025146484375,1.0
1773592931.7462559,0.03349700942635536,-0.04069427773356438,2.483428955078125,1.0
1773592932.2462242,0.034360721707344055,-0.03973468393087387,2.487274169921875,1.0
1773592932.746317,0.03916024789214134,-0.037239402532577515,2.49102783203125,1.0
1773592933.2463915,0.03971549868583679,-0.03583959862589836,2.49359130859375,1.0
1773592933.7462876,0.03878726065158844,-0.03621354326605797,2.50048828125,1.0
1773592934.246294,0.043331582099199295,-0.03823639824986458,2.502288818359375,1.0
1773592934.7462769,0.047962408512830734,-0.045307982712984085,2.5008544921875,1.0
1773592935.2465072,0.0516238808631897,-0.05529266223311424,2.499298095703125,1.0
1773592935.7464097,0.07027757167816162,-0.06319982558488846,2.496429443359375,1.0
1773592936.2462552,0.08150340616703033,-0.06495293974876404,2.494293212890625,1.0
1773592936.7462792,0.08386851102113724,-0.06317590177059174,2.493377685546875,1.0
1773592937.2466645,0.08096813410520554,-0.056816279888153076,2.492218017578125,1.0
1773592937.7462275,0.07944914698600769,-0.05369120463728905,2.491485595703125,1.0
1773592938.246271,0.07075851410627365,-0.05699726194143295,2.491119384765625,1.0
1773592938.7463849,0.06812169402837753,-0.05134998634457588,2.4876708984375,1.0
1773592939.2463362,0.07259067893028259,-0.043801143765449524,2.4864501953125,1.0
1773592939.7462544,0.07512780278921127,-0.03532770276069641,2.488372802734375,1.0
1773592940.2462761,0.07578741759061813,-0.03348960727453232,2.488372802734375,1.0
1773592940.746306,0.07266347110271454,-0.03096909075975418,2.487060546875,1.0
1773592941.2463207,0.06535093486309052,-0.02341180294752121,2.483306884765625,1.0
1773592941.7462578,0.07016207277774811,-0.028982095420360565,2.484771728515625,1.0
1773592942.2462306,0.07718490064144135,-0.03585316985845566,2.4852294921875,1.0
1773592942.7462792,0.08476004749536514,-0.03693292289972305,2.483795166015625,1.0
1773592943.2465277,0.08535517752170563,-0.033628709614276886,2.48065185546875,1.0
1773592943.7462683,0.09917470812797546,-0.03084789775311947,2.479339599609375,1.0
1773592944.2462223,0.10926798731088638,-0.027437826618552208,2.483184814453125,1.0
1773592944.7462676,0.11125060170888901,-0.026075927540659904,2.488067626953125,1.0
1773592945.2464516,0.11723633855581284,-0.012678943574428558,2.490081787109375,1.0
1773592945.7461991,0.11909537762403488,-0.004422939848154783,2.489227294921875,1.0
1773592946.246166,0.11124208569526672,-0.0006731505272909999,2.4888916015625,1.0
1773592946.746254,0.09506727010011673,-0.0017063480336219072,2.48876953125,1.0
1773592947.2466729,0.07892052829265594,-0.007227136753499508,2.49072265625,1.0
1773592947.7463846,0.07483284920454025,-0.008373858407139778,2.490447998046875,1.0
1773592948.246186,0.07502744346857071,-0.015283052809536457,2.493011474609375,1.0
1773592948.7462265,0.07004819810390472,-0.016677606850862503,2.49542236328125,1.0
1773592949.2475102,0.06685543805360794,-0.02625221200287342,2.49407958984375,1.0
1773592949.7461889,0.056714195758104324,-0.029826270416378975,2.49365234375,1.0
1773592950.2483885,0.037356629967689514,-0.030126212164759636,2.4912109375,1.0
1773592950.74625,0.016125513240695,-0.03202949836850166,2.492645263671875,1.0
1773592951.2468224,0.0037614237517118454,-0.03591638430953026,2.494171142578125,1.0
1773592951.7464724,-0.0005724893999285996,-0.03537529334425926,2.492919921875,1.0
1773592952.2463632,-0.0009725422714836895,-0.035020969808101654,2.491607666015625,1.0
1773592952.7463381,-0.0026619834825396538,-0.02680453658103943,2.493865966796875,1.0
1773592953.2466147,0.0009452736703678966,-0.016939083114266396,2.4957275390625,1.0
1773592953.7462943,0.005761818960309029,-0.01735278032720089,2.499725341796875,1.0
1773592954.2462308,0.0035535383503884077,-0.02769865281879902,2.50335693359375,1.0
1773592954.7463853,-0.004972192458808422,-0.04903651028871536,2.501922607421875,1.0
1773592955.2464013,-0.003153241705149412,-0.055634014308452606,2.49932861328125,1.0
1773592955.746277,-0.002116043819114566,-0.06477953493595123,2.4962158203125,1.0
1773592956.2462652,0.002206113189458847,-0.06401790678501129,2.494354248046875,1.0
1773592956.7464116,0.005997983273118734,-0.05659032240509987,2.4942626953125,1.0
1773592957.2468743,0.006165254395455122,-0.0506078340113163,2.494384765625,1.0
1773592957.746214,-0.0007096957415342331,-0.040873005986213684,2.49456787109375,1.0
1773592958.2462742,-0.0048361229710280895,-0.03745589032769203,2.4940185546875,1.0
1773592958.746282,-0.012109166942536831,-0.03467139974236488,2.492645263671875,1.0
1773592959.2464437,-0.012988216243684292,-0.03398488089442253,2.491546630859375,1.0
1773592959.74626,-0.019668152555823326,-0.02529331110417843,2.4935302734375,1.0
1773592960.2462654,-0.02951624058187008,-0.014331617392599583,2.4952392578125,1.0
1773592960.7463148,-0.03371351212263107,-0.013377263210713863,2.4932861328125,1.0
1773592961.2463408,-0.03459606319665909,-0.013086154125630856,2.4945068359375,1.0
1773592961.7462363,-0.04022243246436119,-0.013580132275819778,2.498992919921875,1.0
1773592962.246236,-0.049574971199035645,-0.01547554973512888,2.50286865234375,1.0
1773592962.7462745,-0.058362577110528946,-0.014552493579685688,2.505096435546875,1.0
1773592963.246789,-0.06228331848978996,-0.010471380315721035,2.504730224609375,1.0
1773592963.7462316,-0.07233238220214844,-0.0023334987927228212,2.505950927734375,1.0
1773592964.2462628,-0.07156640291213989,0.008919836021959782,2.51007080078125,1.0
1773592964.7463138,-0.06810037046670914,0.015212838537991047,2.5126953125,1.0
1773592965.246379,-0.06194775924086571,0.012318977154791355,2.512359619140625,1.0
1773592965.746247,-0.04617650806903839,0.0129864402115345,2.51226806640625,1.0
1773592966.246287,-0.03203452751040459,0.02115323580801487,2.511260986328125,1.0
1773592966.7463017,-0.018819039687514305,0.02444450743496418,2.51153564453125,1.0
1773592967.24661,-0.01873498596251011,0.0280794445425272,2.509521484375,1.0
1773592967.7462845,-0.03164375573396683,0.02689213864505291,2.5086669921875,1.0
1773592968.2463155,-0.03863873705267906,0.017388395965099335,2.50811767578125,1.0
1773592968.7462976,-0.0385601632297039,0.0021194296423345804,2.50787353515625,1.0
1773592969.2465947,-0.026766667142510414,-0.011763506568968296,2.506195068359375,1.0
1773592969.7462685,-0.025212964043021202,-0.020587678998708725,2.506134033203125,1.0
1773592970.246321,-0.017432676628232002,-0.019660549238324165,2.50494384765625,1.0
1773592970.7466004,-0.0024325239937752485,-0.019769731909036636,2.50213623046875,1.0
1773592971.2466261,0.008662154898047447,-0.01720811426639557,2.50079345703125,1.0
1773592971.7462559,0.023880543187260628,-0.014074857346713543,2.5010986328125,1.0
1773592972.2462397,0.02967550978064537,-0.01338937133550644,2.501312255859375,1.0
1773592972.7462952,0.032122980803251266,-0.007848521694540977,2.501068115234375,1.0
1773592973.2464714,0.03362284228205681,0.0010538601782172918,2.499847412109375,1.0
1773592973.7462559,0.02304278314113617,0.009089076891541481,2.499908447265625,1.0
1773592974.2462502,0.01337428018450737,0.005003295838832855,2.50445556640625,1.0
1773592974.7462094,0.005196466576308012,-0.002087316708639264,2.505889892578125,1.0
1773592975.2464092,-0.006609523668885231,-0.010408636182546616,2.500213623046875,1.0
1773592975.7462757,-0.01605147123336792,-0.01688385009765625,2.496826171875,1.0
1773592976.246252,-0.024560140445828438,-0.01228406373411417,2.495147705078125,1.0
1773592976.7462451,-0.028792623430490494,-0.004247382283210754,2.495452880859375,1.0
1773592977.2472553,-0.02797098457813263,0.0015384538564831018,2.495361328125,1.0
1773592977.7464964,-0.034682657569646835,0.005017273128032684,2.497802734375,1.0
1773592978.2463424,-0.03320002555847168,0.007459102664142847,2.497833251953125,1.0
1773592978.7461588,-0.027801163494586945,0.008875949308276176,2.499053955078125,1.0
1773592979.2470574,-0.024732418358325958,0.00535535579547286,2.5006103515625,1.0
1773592979.7464933,-0.013071875087916851,-0.002715901006013155,2.50543212890625,1.0
1773592980.246542,0.008389296941459179,-0.011104453355073929,2.5069580078125,1.0
1773592980.7464218,0.03311878815293312,-0.01296652015298605,2.503143310546875,1.0
1773592981.2464,0.05478223040699959,-0.0014517615782096982,2.502044677734375,1.0
1773592981.7463913,0.06749510765075684,-0.00395561708137393,2.50390625,1.0
1773592982.2493644,0.08098731189966202,0.0022966661490499973,2.500274658203125,1.0
1773592982.7465498,0.08373074233531952,0.0072385999374091625,2.498199462890625,1.0
1773592983.2465801,0.07881107926368713,0.006011541932821274,2.496978759765625,1.0
1773592983.7463121,0.07583986222743988,0.005039839539676905,2.498565673828125,1.0
1773592984.2462568,0.08910241723060608,-0.0030631800182163715,2.49664306640625,1.0
1773592984.746257,0.10556522011756897,-0.0145448949187994,2.4921875,1.0
1773592985.246944,0.11403664201498032,-0.030608272179961205,2.49005126953125,1.0
1773592985.7462718,0.12860389053821564,-0.036285754293203354,2.488372802734375,1.0
1773592986.2462714,0.1416502147912979,-0.03563689440488815,2.49029541015625,1.0
1773592986.7463129,0.13531507551670074,-0.019238464534282684,2.483978271484375,1.0
1773592987.2463322,0.12232912331819534,-0.007097106426954269,2.4822998046875,1.0
1773592987.7464821,0.11501577496528625,-0.007917476817965508,2.48028564453125,1.0
1773592988.2463768,0.1138000562787056,-0.0010294917738065124,2.478851318359375,1.0
1773592988.7462926,0.10355164855718613,-0.0011233892291784286,2.47900390625,1.0
1773592989.2468438,0.08819209039211273,-0.006894339341670275,2.480316162109375,1.0
1773592989.7462676,0.07398530840873718,-0.0151906693354249,2.480133056640625,1.0
1773592990.2463052,0.05738158896565437,-0.015272790566086769,2.47802734375,1.0
1773592990.7463279,0.039885263890028,-0.018779795616865158,2.476470947265625,1.0
1773592991.2468526,0.018200326710939407,-0.020088454708456993,2.478302001953125,1.0
1773592991.746392,0.004787331912666559,-0.019029567018151283,2.477752685546875,1.0
1773592992.2462559,0.009119621478021145,-0.0169539712369442,2.47772216796875,1.0
1773592992.746458,0.012389469891786575,-0.01879194751381874,2.476226806640625,1.0
1773592993.2467659,0.005863615777343512,-0.014729694463312626,2.475982666015625,1.0
1773592993.7464454,-0.012890373356640339,-0.015432165004312992,2.47821044921875,1.0
1773592994.2462626,-0.02283059060573578,-0.016448667272925377,2.47802734375,1.0
1773592994.7464576,-0.02213074080646038,-0.02517714723944664,2.4803466796875,1.0
1773592995.2463033,-0.018238738179206848,-0.03140515461564064,2.482391357421875,1.0
1773592995.7463574,-0.014005320146679878,-0.035950202494859695,2.484039306640625,1.0
1773592996.2462678,-0.0061480822041630745,-0.04701046273112297,2.4842529296875,1.0
1773592996.7463794,-0.004528354853391647,-0.06040005758404732,2.48529052734375,1.0
1773592997.2465355,-0.002204625401645899,-0.07900071144104004,2.488922119140625,1.0
1773592997.7462919,-0.015302986837923527,-0.0917772427201271,2.491485595703125,1.0
1773592998.2462814,-0.019649997353553772,-0.0998726561665535,2.49151611328125,1.0
1773592998.7463818,-0.021513011306524277,-0.10018359869718552,2.488189697265625,1.0
1773592999.246502,-0.028368085622787476,-0.09586677700281143,2.49188232421875,1.0
1773592999.7462292,-0.029083268716931343,-0.09249019622802734,2.497650146484375,1.0
1773593000.246222,-0.029269982129335403,-0.0890849381685257,2.50018310546875,1.0
1773593000.7463694,-0.02879668027162552,-0.08388831466436386,2.49932861328125,1.0
1773593001.2477846,-0.019219309091567993,-0.07818739861249924,2.501007080078125,1.0
1773593001.7461562,-0.016417812556028366,-0.07251150906085968,2.503875732421875,1.0
1773593002.2463412,0.001846562372520566,-0.06893003731966019,2.508331298828125,1.0
1773593002.7463331,0.014700111001729965,-0.07077235728502274,2.506134033203125,1.0
1773593003.2467766,0.024497799575328827,-0.06684039533138275,2.503173828125,1.0
1773593003.7462997,0.04249897226691246,-0.06910651922225952,2.500701904296875,1.0
1773593004.2461486,0.053243111819028854,-0.07513108104467392,2.500091552734375,1.0
1773593004.746322,0.055847130715847015,-0.08916426450014114,2.492950439453125,1.0
1773593005.2463238,0.05611831322312355,-0.09856344759464264,2.491363525390625,1.0
1773593005.7462728,0.06453661620616913,-0.09854365885257721,2.49237060546875,1.0
1773593006.2462564,0.07947250455617905,-0.10239347070455551,2.491912841796875,1.0
1773593006.7463923,0.09017254412174225,-0.10550188273191452,2.4891357421875,1.0
1773593007.246867,0.08660433441400528,-0.10236746817827225,2.48699951171875,1.0
1773593007.7464604,0.07363582402467728,-0.09296835958957672,2.485504150390625,1.0
1773593008.2463067,0.056761160492897034,-0.07441053539514542,2.485076904296875,1.0
1773593008.7463622,0.03293691202998161,-0.06448116153478622,2.485809326171875,1.0
1773593009.2466002,0.011767943389713764,-0.06003573536872864,2.48968505859375,1.0
1773593009.7462656,-0.005680179223418236,-0.05929162725806236,2.489837646484375,1.0
1773593010.2465758,-0.009479341097176075,-0.05905979126691818,2.492034912109375,1.0
1773593010.7463582,-0.009821341373026371,-0.05535927787423134,2.496734619140625,1.0
1773593011.2466097,-0.020039616152644157,-0.05507626011967659,2.4957275390625,1.0
1773593011.7463598,-0.03550678491592407,-0.06288684904575348,2.494964599609375,1.0
1773593012.2462876,-0.03910228610038757,-0.061985839158296585,2.496307373046875,1.0
1773593012.7463934,-0.033674322068691254,-0.05808528885245323,2.491607666015625,1.0
1773593013.246721,-0.03911680355668068,-0.05759182199835777,2.4921875,1.0
1773593013.7462497,-0.03872019052505493,-0.05477607995271683,2.493194580078125,1.0
1773593014.246314,-0.039757296442985535,-0.04316360875964165,2.493408203125,1.0
1773593014.746277,-0.03726038709282875,-0.029269009828567505,2.49603271484375,1.0
1773593015.2462983,-0.0444755032658577,-0.024804789572954178,2.49822998046875,1.0
1773593015.746269,-0.04859742894768715,-0.018621403723955154,2.4964599609375,1.0
1773593016.246267,-0.04465827718377113,-0.011927378363907337,2.4974365234375,1.0
1773593016.7462697,-0.03705639764666557,-0.0032235493417829275,2.496734619140625,1.0
1773593017.246487,-0.02462545782327652,-4.89821218252473e-07,2.49847412109375,1.0
1773593017.746259,-0.019254187121987343,-0.003636191599071026,2.5,1.0
1773593018.2462811,-0.015220524743199348,-0.005980444140732288,2.495880126953125,1.0
1773593018.7462556,-0.007561189588159323,-0.0058735692873597145,2.495391845703125,1.0
1773593019.2464194,-0.004888926167041063,-0.0065643684938549995,2.4957275390625,1.0
1773593019.7464,0.0030906121246516705,-0.005305346101522446,2.4940185546875,1.0
1773593020.2462711,0.018018122762441635,-0.00818780716508627,2.486907958984375,1.0
1773593020.7463286,0.03799407184123993,-0.012627231888473034,2.485565185546875,1.0
1773593021.2463493,0.05343123897910118,-0.02249903604388237,2.487274169921875,1.0
1773593021.7462585,0.05526032671332359,-0.025200681760907173,2.489227294921875,1.0
1773593022.2462656,0.052898529917001724,-0.028913913294672966,2.487945556640625,1.0
1773593022.7463903,0.057482488453388214,-0.028778212144970894,2.484283447265625,1.0
1773593023.2463317,0.06393247097730637,-0.02269134856760502,2.4769287109375,1.0
1773593023.7463794,0.07168903946876526,-0.016623055562376976,2.474517822265625,1.0
1773593024.2463841,0.07429943233728409,-0.005727887619286776,2.478057861328125,1.0
1773593024.7461998,0.07142253965139389,-0.0010657201055437326,2.477294921875,1.0
1773593025.2464356,0.06581442803144455,-0.0010043425718322396,2.475921630859375,1.0
1773593025.7462254,0.05786251276731491,-0.003391699865460396,2.475128173828125,1.0
1773593026.2463243,0.05801510810852051,-0.00503193587064743,2.47509765625,1.0
1773593026.7464192,0.06259600073099136,-0.006643376778811216,2.478546142578125,1.0
1773593027.246795,0.06558865308761597,0.0001971758611034602,2.482696533203125,1.0
1773593027.7462494,0.05621841549873352,0.010237827897071838,2.4814453125,1.0
1773593028.246274,0.047167472541332245,0.011268487200140953,2.479400634765625,1.0
1773593028.7462997,0.03386853262782097,0.015165665186941624,2.48101806640625,1.0
1773593029.2471094,0.03214844688773155,0.01518680714070797,2.482452392578125,1.0
1773593029.7469401,0.040235813707113266,0.015579449944198132,2.485992431640625,1.0
1773593030.246139,0.04281182959675789,0.028451545163989067,2.490081787109375,1.0
1773593030.7462952,0.042094625532627106,0.03907524049282074,2.4918212890625,1.0
1773593031.246361,0.05214359238743782,0.04445938766002655,2.492095947265625,1.0
1773593031.7465835,0.055215079337358475,0.0402318499982357,2.490142822265625,1.0
1773593032.2465792,0.058690622448921204,0.03196582570672035,2.48809814453125,1.0
1773593032.7464566,0.07461930811405182,0.03052278235554695,2.48870849609375,1.0
1773593033.2467856,0.08265065401792526,0.0266090277582407,2.487060546875,1.0
1773593033.7465482,0.07976781576871872,0.014942949637770653,2.48321533203125,1.0
1773593034.2464628,0.07334677129983902,0.0060212514363229275,2.4833984375,1.0
1773593034.7503407,0.0630805492401123,-0.009823590517044067,2.486480712890625,1.0
1773593035.2463238,0.04655326530337334,-0.023679986596107483,2.48626708984375,1.0
1773593035.7462518,0.02391418069601059,-0.034030936658382416,2.487396240234375,1.0
1773593036.246279,0.0072647035121917725,-0.03629293292760849,2.486602783203125,1.0
1773593036.7462978,0.008821929804980755,-0.043660249561071396,2.486480712890625,1.0
1773593037.2463017,0.00905955582857132,-0.051634274423122406,2.4820556640625,1.0
1773593037.7463043,0.010603144764900208,-0.05814610794186592,2.48016357421875,1.0
1773593038.246266,0.011593700386583805,-0.05948581174015999,2.480926513671875,1.0
1773593038.7463388,0.015169051475822926,-0.05378156155347824,2.480072021484375,1.0
1773593039.2465427,0.010731813497841358,-0.05076611787080765,2.478118896484375,1.0
1773593039.7462459,0.010704295709729195,-0.042896568775177,2.474761962890625,1.0
1773593040.2462723,0.014548451639711857,-0.03726702556014061,2.474639892578125,1.0
1773593040.74628,0.016195224598050117,-0.03653963655233383,2.476806640625,1.0
1773593041.246509,0.022269567474722862,-0.04500117525458336,2.47344970703125,1.0
1773593041.7462268,0.031929899007081985,-0.057009823620319366,2.476043701171875,1.0
1773593042.246269,0.034478262066841125,-0.05902620404958725,2.474761962890625,1.0
1773593042.7462645,0.03390014171600342,-0.057650066912174225,2.475677490234375,1.0
1773593043.2466388,0.03717432916164398,-0.056699298322200775,2.478759765625,1.0
1773593043.7462766,0.0389367938041687,-0.054800137877464294,2.480194091796875,1.0
1773593044.2462564,0.042216334491968155,-0.05641789361834526,2.4825439453125,1.0
1773593044.746271,0.0518200621008873,-0.05311082303524017,2.486785888671875,1.0
1773593045.246598,0.057117342948913574,-0.044645730406045914,2.486175537109375,1.0
1773593045.7462876,0.052435122430324554,-0.04037204757332802,2.48760986328125,1.0
1773593046.2462652,0.05097610875964165,-0.04334373399615288,2.48895263671875,1.0
1773593046.7463284,0.052519358694553375,-0.046485643833875656,2.49066162109375,1.0
1773593047.246302,0.04130255803465843,-0.0473739430308342,2.4921875,1.0
1773593047.7464497,0.029754064977169037,-0.05371810495853424,2.49188232421875,1.0
1773593048.2462635,0.027873041108250618,-0.055642735213041306,2.492523193359375,1.0
1773593048.7462564,0.02875722572207451,-0.041766200214624405,2.494598388671875,1.0
1773593049.2468808,0.02647138200700283,-0.03267896920442581,2.4951171875,1.0
1773593049.7463348,0.01772397942841053,-0.02288503386080265,2.494140625,1.0
1773593050.2462337,0.01334893237799406,-0.016667300835251808,2.4947509765625,1.0
1773593050.746265,0.013974403962492943,-0.011188154108822346,2.493865966796875,1.0
1773593051.2467034,0.009882430545985699,-0.011582866311073303,2.49200439453125,1.0
1773593051.7464273,0.003939587622880936,-0.02281271293759346,2.491973876953125,1.0
1773593052.2463346,0.001842329977080226,-0.04058409109711647,2.494903564453125,1.0
1773593052.7462573,0.002994994167238474,-0.04674449563026428,2.49652099609375,1.0
1773593053.2463715,0.005014491267502308,-0.0546167828142643,2.49725341796875,1.0
1773593053.7462068,0.01877412758767605,-0.052394524216651917,2.50042724609375,1.0
1773593054.2461934,0.022555427625775337,-0.04413784295320511,2.50244140625,1.0
1773593054.7461815,0.02637525647878647,-0.03667626529932022,2.5030517578125,1.0
1773593055.2467177,0.023378340527415276,-0.028585495427250862,2.501251220703125,1.0
1773593055.7463188,0.018338676542043686,-0.021958790719509125,2.49871826171875,1.0
1773593056.2463846,0.01871478743851185,-0.016918299719691277,2.49871826171875,1.0
1773593056.7463017,0.026320884004235268,-0.01336720772087574,2.500640869140625,1.0
1773593057.2475224,0.0372241735458374,-0.0004121879464946687,2.4969482421875,1.0
1773593057.7465694,0.04616548866033554,0.015152810141444206,2.49334716796875,1.0
1773593058.2462409,0.04982977360486984,0.013422192074358463,2.494964599609375,1.0
1773593058.7463808,0.057514406740665436,-0.005954682361334562,2.495758056640625,1.0
1773593059.2465894,0.061545465141534805,-0.024280324578285217,2.493988037109375,1.0
1773593059.7463188,0.055937957018613815,-0.03892435133457184,2.493499755859375,1.0
1773593060.2462656,0.05535530671477318,-0.04400593414902687,2.487762451171875,1.0
1773593060.7462513,0.05552905052900314,-0.045227862894535065,2.486968994140625,1.0
1773593061.24658,0.06546434760093689,-0.0461176373064518,2.485626220703125,1.0
1773593061.7462673,0.07127364724874496,-0.04690955951809883,2.485321044921875,1.0
1773593062.2462776,0.07768263667821884,-0.049915410578250885,2.483428955078125,1.0
1773593062.7463117,0.07440334558486938,-0.04876955226063728,2.480743408203125,1.0
1773593063.2472312,0.06843090057373047,-0.038214121013879776,2.482696533203125,1.0
1773593063.7464576,0.06447986513376236,-0.027020545676350594,2.48095703125,1.0
1773593064.246274,0.06128337234258652,-0.01079013291746378,2.47900390625,1.0
1773593064.7465181,0.04794396832585335,0.0018312495667487383,2.48040771484375,1.0
1773593065.2463923,0.025880029425024986,0.010672471486032009,2.479583740234375,1.0
1773593065.7462256,0.011545062065124512,0.01698063313961029,2.4791259765625,1.0
1773593066.2463381,0.0057108099572360516,0.01529625989496708,2.478759765625,1.0
1773593066.7462356,-0.0031778309494256973,0.012530624866485596,2.47869873046875,1.0
1773593067.246601,-0.009934156201779842,0.003685516770929098,2.477691650390625,1.0
1773593067.746349,-0.009127235040068626,0.0018568119267001748,2.47576904296875,1.0
1773593068.2463212,-0.010058419778943062,0.0004716002440545708,2.475311279296875,1.0
1773593068.7463026,-0.007104138378053904,0.005335503723472357,2.475860595703125,1.0
1773593069.2469876,-0.008316206745803356,0.002842525253072381,2.475616455078125,1.0
1773593069.7462764,-0.009190491400659084,-0.015633806586265564,2.473846435546875,1.0
1773593070.246285,0.002328997477889061,-0.03259674087166786,2.47210693359375,1.0
1773593070.7463243,0.02431991882622242,-0.03261377662420273,2.471038818359375,1.0
1773593071.2465277,0.04559869319200516,-0.032524656504392624,2.470794677734375,1.0
1773593071.7462797,0.060347314924001694,-0.0384674072265625,2.47149658203125,1.0
1773593072.2462666,0.06378833949565887,-0.03683759272098541,2.471710205078125,1.0
1773593072.7462769,0.05980625003576279,-0.03551320731639862,2.474517822265625,1.0
1773593073.2463222,0.05846713110804558,-0.03904767334461212,2.478240966796875,1.0
1773593073.7462592,0.06311947852373123,-0.05246619135141373,2.48175048828125,1.0
1773593074.2462776,0.06906183809041977,-0.05107283592224121,2.486572265625,1.0
1773593074.7471988,0.07271178066730499,-0.03785218670964241,2.488006591796875,1.0
1773593075.246395,0.07298774272203445,-0.02681576833128929,2.487579345703125,1.0
1773593075.746301,0.07048605382442474,-0.02335413172841072,2.48626708984375,1.0
1773593076.246397,0.07078751921653748,-0.024738725274801254,2.48822021484375,1.0
1773593076.746319,0.062003061175346375,-0.021740958094596863,2.48980712890625,1.0
1773593077.2462637,0.05772676691412926,-0.008317044004797935,2.489990234375,1.0
1773593077.7463944,0.04755141958594322,-0.00508137745782733,2.4913330078125,1.0
1773593078.2462595,0.03422343358397484,-0.008521742187440395,2.492523193359375,1.0
1773593078.7464442,0.01811760477721691,-0.009722784161567688,2.4932861328125,1.0
1773593079.2466877,0.0025317491963505745,-0.010327532887458801,2.492401123046875,1.0
1773593079.7462862,-0.006397647317498922,-0.009469244629144669,2.49334716796875,1.0
1773593080.2461908,-0.013150215148925781,-0.011143992654979229,2.49169921875,1.0
1773593080.7464192,-0.02723889797925949,-0.010550872422754765,2.492523193359375,1.0
1773593081.2462127,-0.037832558155059814,-0.0009019755525514483,2.49365234375,1.0
1773593081.7463748,-0.0483504980802536,0.0028167041018605232,2.49395751953125,1.0
1773593082.2462704,-0.052892833948135376,0.0022721842397004366,2.492919921875,1.0
1773593082.7472577,-0.05238448455929756,0.001291188644245267,2.49462890625,1.0
1773593083.2463715,-0.0485243946313858,0.0038324918132275343,2.498291015625,1.0
1773593083.7462852,-0.050983037799596786,0.01225452683866024,2.500213623046875,1.0
1773593084.2462995,-0.05001441389322281,0.012054379098117352,2.5020751953125,1.0
1773593084.7469504,-0.0676923617720604,0.0137746287509799,2.502227783203125,1.0
1773593085.2464352,-0.07427345961332321,0.00940875243395567,2.499847412109375,1.0
1773593085.7462938,-0.07344910502433777,0.009718161076307297,2.497650146484375,1.0
1773593086.2462332,-0.11066067963838577,0.13476237654685974,2.51287841796875,1.0
1773593086.7468991,-0.21821223199367523,0.731076717376709,2.546051025390625,1.0
1773593087.2463644,-0.3923244774341583,1.969462275505066,2.549163818359375,1.0
1773593087.7462366,-0.6373989582061768,3.8655877113342285,2.533538818359375,1.0
1773593088.2462566,-0.9075390696525574,6.139209747314453,2.497344970703125,1.0
1773593088.746913,-1.1718772649765015,8.553098678588867,2.474945068359375,1.0
1773593089.2464552,-1.4372962713241577,10.907735824584961,2.46783447265625,1.0
1773593089.7463567,-1.7115880250930786,13.285969734191895,2.468170166015625,1.0
1773593090.2463777,-1.983241319656372,15.630189895629883,2.47589111328125,1.0
1773593090.7463195,-2.2857298851013184,18.013648986816406,2.479705810546875,1.0
1773593091.2464771,-2.591235637664795,20.365371704101562,2.48541259765625,1.0
1773593091.7463152,-2.923341989517212,22.74269676208496,2.490509033203125,1.0
1773593092.246236,-3.263887882232666,25.096731185913086,2.495697021484375,1.0
1773593092.746955,-3.6169674396514893,27.494314193725586,2.500396728515625,1.0
1773593093.2463958,-3.9415931701660156,29.867050170898438,2.507049560546875,1.0
1773593093.7462268,-4.26258659362793,32.299774169921875,2.514007568359375,1.0
1773593094.2462587,-4.585874080657959,34.712005615234375,2.516204833984375,1.0
1773593094.747274,-4.904863357543945,37.17051315307617,2.522552490234375,1.0
1773593095.246312,-5.228022575378418,39.5920524597168,2.520782470703125,1.0
1773593095.7462757,-5.562210559844971,42.0511589050293,2.519195556640625,1.0
1773593096.2462797,-5.891055107116699,44.47737121582031,2.5155029296875,1.0
1773593096.7472243,-6.224569320678711,46.9368896484375,2.514923095703125,1.0
1773593097.2463017,-6.553652763366699,49.376426696777344,2.515380859375,1.0
1773593097.746247,-6.88784122467041,51.86569595336914,2.517852783203125,1.0
1773593098.2462802,-7.212646007537842,54.31958770751953,2.5157470703125,1.0
1773593098.7468798,-7.542726993560791,56.80919647216797,2.51483154296875,1.0
1773593099.24655,-7.867284297943115,59.26898193359375,2.51226806640625,1.0
1773593099.746282,-8.199589729309082,61.76546096801758,2.51068115234375,1.0
1773593100.2462509,-8.526832580566406,64.22864532470703,2.508453369140625,1.0
1773593100.746986,-8.867449760437012,66.73220825195312,2.5087890625,1.0
1773593101.2463572,-9.197538375854492,69.19940948486328,2.5123291015625,1.0
1773593101.74635,-9.53437614440918,71.70013427734375,2.51226806640625,1.0
1773593102.246286,-9.855731964111328,74.15030670166016,2.51263427734375,1.0
1773593102.7474592,-10.187767028808594,76.63958740234375,2.513458251953125,1.0
1773593103.246975,-10.512709617614746,79.09930419921875,2.51348876953125,1.0
1773593103.7462597,-10.854710578918457,81.6036148071289,2.512451171875,1.0
1773593104.2463377,-11.187545776367188,84.06156158447266,2.513580322265625,1.0
1773593104.747158,-11.513191223144531,86.55841827392578,2.5147705078125,1.0
1773593105.2468152,-11.83875846862793,89.02210235595703,2.51953125,1.0
1773593105.746293,-12.172633171081543,91.5299072265625,2.520965576171875,1.0
1773593106.2462428,-12.498072624206543,94.00537872314453,2.522735595703125,1.0
1773593106.7473247,-12.835589408874512,96.52509307861328,2.5244140625,1.0
1773593107.2463565,-13.151097297668457,98.83112335205078,2.525482177734375,1.0
1773593107.7463148,-13.510876655578613,101.47899627685547,2.528411865234375,1.0
1773593108.2463536,-13.838493347167969,103.92469024658203,2.527435302734375,1.0
1773593108.747057,-14.145770072937012,106.25604248046875,2.527374267578125,1.0
1773593109.2463639,-14.481021881103516,108.7122573852539,2.528350830078125,1.0
1773593109.7462645,-14.817909240722656,111.21943664550781,2.528167724609375,1.0
1773593110.246277,-15.145788192749023,113.6863784790039,2.527313232421875,1.0
1773593110.7468834,-15.494815826416016,116.19303131103516,2.52801513671875,1.0
1773593111.2464657,-15.831371307373047,118.66107940673828,2.529693603515625,1.0
1773593111.7463205,-16.166263580322266,121.1648178100586,2.52685546875,1.0
1773593112.246254,-16.492704391479492,123.65664672851562,2.5240478515625,1.0
1773593112.7468042,-16.81353187561035,126.11284637451172,2.523895263671875,1.0
1773593113.2462816,-17.136247634887695,128.5634002685547,2.52093505859375,1.0
1773593113.74629,-17.45716667175293,131.0552978515625,2.51953125,1.0
1773593114.246261,-17.768516540527344,133.5511016845703,2.51922607421875,1.0
1773593114.7466142,-18.08136558532715,136.01609802246094,2.52093505859375,1.0
1773593115.2462635,-18.400772094726562,138.47511291503906,2.519622802734375,1.0
1773593115.7462485,-18.73343276977539,140.97572326660156,2.52154541015625,1.0
1773593116.2463036,-19.063552856445312,143.4459686279297,2.51806640625,1.0
1773593116.7462754,-19.396493911743164,145.9501495361328,2.51739501953125,1.0
1773593117.246425,-19.713253021240234,148.43136596679688,2.5152587890625,1.0
1773593117.7462597,-20.03866195678711,150.9445037841797,2.5125732421875,1.0
1773593118.2462573,-20.366540908813477,153.4412841796875,2.50811767578125,1.0
1773593118.7469094,-20.675628662109375,155.89712524414062,2.5013427734375,1.0
1773593119.2463822,-20.98442268371582,158.34588623046875,2.49957275390625,1.0
1773593119.746236,-21.301462173461914,160.83181762695312,2.498992919921875,1.0
1773593120.2462273,-21.612903594970703,163.28489685058594,2.502777099609375,1.0
1773593120.7467403,-21.939889907836914,165.79835510253906,2.503265380859375,1.0
1773593121.2462864,-22.271095275878906,168.2634735107422,2.504119873046875,1.0
1773593121.7463465,-22.609893798828125,170.76211547851562,2.50732421875,1.0
1773593122.2466364,-22.950443267822266,173.21575927734375,2.510223388671875,1.0
1773593122.7471535,-23.28189468383789,175.7111358642578,2.50933837890625,1.0
1773593123.246388,-23.606740951538086,178.15762329101562,2.505615234375,1.0
1773593123.7462227,-23.926712036132812,180.5137939453125,2.496673583984375,1.0
1773593124.246346,-24.208982467651367,182.4936065673828,2.4945068359375,1.0
1773593124.7463086,-24.45085334777832,184.13587951660156,2.493316650390625,1.0
1773593125.2463996,-24.64010238647461,185.37362670898438,2.495269775390625,1.0
1773593125.7462034,-24.78089141845703,186.29464721679688,2.497344970703125,1.0
1773593126.2462478,-24.88572120666504,186.93978881835938,2.4979248046875,1.0
1773593126.7463593,-24.951271057128906,187.38311767578125,2.5032958984375,1.0
1773593127.2465684,-24.98568344116211,187.663330078125,2.5028076171875,1.0
1773593127.7461634,-25.000030517578125,187.85870361328125,2.503387451171875,1.0
1773593128.2463806,-25.01004409790039,187.99520874023438,2.50262451171875,1.0
1773593128.7462664,-25.020992279052734,188.08985900878906,2.496490478515625,1.0
1773593129.2465398,-25.027433395385742,188.15670776367188,2.4954833984375,1.0
1773593129.7461808,-25.028377532958984,188.20538330078125,2.498260498046875,1.0
1773593130.2461894,-25.01626968383789,188.2415771484375,2.50152587890625,1.0
1773593130.747623,-25.00743865966797,188.2617645263672,2.501312255859375,1.0
1773593131.2463813,-24.998394012451172,188.26695251464844,2.49945068359375,1.0
1773593131.7462618,-24.998899459838867,188.2700958251953,2.49737548828125,1.0
1773593132.2463543,-24.999292373657227,188.2664794921875,2.499847412109375,1.0
1773593132.7473779,-25.008045196533203,188.26060485839844,2.4986572265625,1.0
1773593133.2463858,-25.020038604736328,188.25631713867188,2.495697021484375,1.0
1773593133.7462866,-25.03731918334961,188.2500457763672,2.494903564453125,1.0
1773593134.2462626,-25.04974365234375,188.2445526123047,2.497833251953125,1.0
1773593134.7462935,-25.050981521606445,188.24139404296875,2.4990234375,1.0
1773593135.246411,-25.05673599243164,188.2268524169922,2.496368408203125,1.0
1773593135.746298,-25.051136016845703,188.20391845703125,2.495025634765625,1.0
1773593136.246228,-25.043012619018555,188.17691040039062,2.492828369140625,1.0
1773593136.7469451,-25.04517364501953,188.15005493164062,2.4903564453125,1.0
1773593137.246376,-25.04754066467285,188.13381958007812,2.487762451171875,1.0
1773593137.7463496,-25.04349136352539,188.1327667236328,2.488525390625,1.0
1773593138.2462568,-25.039039611816406,188.13180541992188,2.487335205078125,1.0
1773593138.7469118,-25.032543182373047,188.13877868652344,2.48687744140625,1.0
1773593139.2465332,-25.019235610961914,188.1454315185547,2.4869384765625,1.0
1773593139.7462928,-25.006179809570312,188.14590454101562,2.490692138671875,1.0
1773593140.2462232,-24.992860794067383,188.14527893066406,2.494110107421875,1.0
1773593140.7462583,-24.985044479370117,188.1414794921875,2.497406005859375,1.0
1773593141.2462847,-24.97650909423828,188.13600158691406,2.498504638671875,1.0
1773593141.7462811,-24.973941802978516,188.1275177001953,2.49749755859375,1.0
1773593142.2462678,-24.975801467895508,188.12193298339844,2.50079345703125,1.0
1773593142.7469294,-24.977317810058594,188.11892700195312,2.502777099609375,1.0
1773593143.246454,-24.97735023498535,188.11053466796875,2.502777099609375,1.0
1773593143.7462766,-24.987226486206055,188.10244750976562,2.503143310546875,1.0
1773593144.246229,-24.995922088623047,188.0937957763672,2.5018310546875,1.0
1773593144.7468483,-24.99588394165039,188.09552001953125,2.499755859375,1.0
1773593145.2462902,-24.997312545776367,188.114013671875,2.498016357421875,1.0
1773593145.7462978,-24.99966812133789,188.1363525390625,2.495819091796875,1.0
1773593146.2462554,-25.003952026367188,188.14390563964844,2.4954833984375,1.0
1773593146.7467685,-25.008625030517578,188.14263916015625,2.493316650390625,1.0
1773593147.2463899,-25.014083862304688,188.1432647705078,2.493896484375,1.0
1773593147.746328,-25.01001739501953,188.13674926757812,2.491973876953125,1.0
1773593148.2462842,-25.00190544128418,188.13499450683594,2.48675537109375,1.0
1773593148.7469478,-24.998592376708984,188.1206817626953,2.485443115234375,1.0
1773593149.2462873,-24.995439529418945,188.10089111328125,2.48748779296875,1.0
1773593149.7464333,-24.99589729309082,188.09181213378906,2.486114501953125,1.0
1773593150.246274,-24.99653434753418,188.08494567871094,2.485015869140625,1.0
1773593150.7467253,-25.002368927001953,188.0879364013672,2.485595703125,1.0
1773593151.2463634,-25.011096954345703,188.09422302246094,2.48724365234375,1.0
1773593151.746365,-25.018827438354492,188.1009979248047,2.48590087890625,1.0
1773593152.246514,-25.018253326416016,188.10348510742188,2.4881591796875,1.0
1773593152.7471907,-25.022159576416016,188.10531616210938,2.487823486328125,1.0
1773593153.246373,-25.02345085144043,188.1093292236328,2.490325927734375,1.0
1773593153.7462618,-25.023677825927734,188.11512756347656,2.488067626953125,1.0
1773593154.2462153,-25.013986587524414,188.10977172851562,2.48907470703125,1.0
1773593154.7472777,-25.013574600219727,188.1111602783203,2.490264892578125,1.0
1773593155.2464378,-25.01241683959961,188.11444091796875,2.49261474609375,1.0
1773593155.746188,-25.002063751220703,188.11073303222656,2.49591064453125,1.0
1773593156.2461877,-24.98751449584961,188.10238647460938,2.497100830078125,1.0
1773593156.7463162,-24.974315643310547,188.092529296875,2.49945068359375,1.0
1773593157.2463832,-24.961149215698242,188.0978546142578,2.499298095703125,1.0
1773593157.7461433,-24.943485260009766,188.10487365722656,2.50244140625,1.0
1773593158.2462165,-24.9289493560791,188.10548400878906,2.5040283203125,1.0
1773593158.7486885,-24.933597564697266,188.1005859375,2.501861572265625,1.0
1773593159.2463908,-24.94211196899414,188.10154724121094,2.5009765625,1.0
1773593159.7464402,-24.947967529296875,188.1000518798828,2.50274658203125,1.0
1773593160.246463,-24.947837829589844,188.09658813476562,2.503082275390625,1.0
1773593160.746973,-24.94794273376465,188.09725952148438,2.502288818359375,1.0
1773593161.2464108,-24.951372146606445,188.09205627441406,2.49945068359375,1.0
1773593161.74631,-24.956802368164062,188.08761596679688,2.495086669921875,1.0
1773593162.246291,-24.96929359436035,188.0818328857422,2.49371337890625,1.0
1773593162.7469127,-24.969388961791992,188.08717346191406,2.493804931640625,1.0
1773593163.2464392,-24.961881637573242,188.09100341796875,2.490447998046875,1.0
1773593163.7463267,-24.95328712463379,188.08773803710938,2.489654541015625,1.0
1773593164.2466826,-24.948217391967773,188.0807342529297,2.488006591796875,1.0
1773593164.74633,-24.952800750732422,188.0774688720703,2.488922119140625,1.0
1773593165.2465236,-24.967451095581055,188.07925415039062,2.493896484375,1.0
1773593165.7465863,-24.980579376220703,188.08082580566406,2.497406005859375,1.0
1773593166.2463024,-24.991092681884766,188.08192443847656,2.4984130859375,1.0
1773593166.7463086,-24.99338150024414,188.0753936767578,2.493621826171875,1.0
1773593167.2464232,-24.998476028442383,188.069091796875,2.492431640625,1.0
1773593167.74624,-25.001699447631836,188.0703887939453,2.495330810546875,1.0
1773593168.2466047,-25.002864837646484,188.07025146484375,2.496551513671875,1.0
1773593168.7471502,-25.00425148010254,188.06942749023438,2.495880126953125,1.0
1773593169.246554,-24.99854850769043,188.08531188964844,2.499359130859375,1.0
1773593169.7462792,-24.986865997314453,188.0972442626953,2.502410888671875,1.0
1773593170.2464638,-24.974611282348633,188.1102294921875,2.50238037109375,1.0
1773593170.747311,-24.966529846191406,188.1155242919922,2.5018310546875,1.0
1773593171.2465973,-24.964412689208984,188.11300659179688,2.499908447265625,1.0
1773593171.7463226,-24.963315963745117,188.11001586914062,2.5,1.0
1773593172.2462955,-24.970853805541992,188.1087646484375,2.498992919921875,1.0
1773593172.7464566,-24.981454849243164,188.1148223876953,2.50054931640625,1.0
1773593173.2465558,-24.99939727783203,188.1216278076172,2.4993896484375,1.0
1773593173.7462912,-25.01127815246582,188.12709045410156,2.49755859375,1.0
1773593174.246277,-25.012937545776367,188.13577270507812,2.49951171875,1.0
1773593174.7469773,-25.006149291992188,188.1373748779297,2.503143310546875,1.0
1773593175.246588,-25.00888442993164,188.1353302001953,2.500030517578125,1.0
1773593175.746266,-25.021831512451172,188.13601684570312,2.500213623046875,1.0
1773593176.246235,-25.02931022644043,188.14134216308594,2.50311279296875,1.0
1773593176.7472987,-25.034643173217773,188.13661193847656,2.502197265625,1.0
1773593177.2465549,-25.05169105529785,188.1321258544922,2.497589111328125,1.0
1773593177.7461565,-25.05844497680664,188.13055419921875,2.49267578125,1.0
1773593178.24628,-25.057350158691406,188.13095092773438,2.494537353515625,1.0
1773593178.7494774,-25.058332443237305,188.12652587890625,2.495513916015625,1.0
1773593179.2463229,-25.058055877685547,188.1240692138672,2.495025634765625,1.0
1773593179.7462656,-25.06053352355957,188.12387084960938,2.496002197265625,1.0
1773593180.246274,-25.046445846557617,188.1158905029297,2.498382568359375,1.0
1773593180.746252,-25.029672622680664,188.09925842285156,2.501617431640625,1.0
1773593181.246252,-25.013347625732422,188.08790588378906,2.501312255859375,1.0
1773593181.7462711,-25.003456115722656,188.07525634765625,2.50439453125,1.0
1773593182.2462842,-24.994295120239258,188.06724548339844,2.502471923828125,1.0
1773593182.7463102,-24.97972869873047,188.06802368164062,2.5025634765625,1.0
1773593183.2462304,-24.97187042236328,188.0762481689453,2.505859375,1.0
1773593183.746226,-24.97063446044922,188.09217834472656,2.507659912109375,1.0
1773593184.2462287,-24.965084075927734,188.10244750976562,2.509368896484375,1.0
1773593184.7472885,-24.959230422973633,188.10165405273438,2.50482177734375,1.0
1773593185.2462802,-24.95444107055664,188.10574340820312,2.501373291015625,1.0
1773593185.7462456,-24.95839500427246,188.1051483154297,2.499298095703125,1.0
1773593186.2462742,-24.955305099487305,188.10704040527344,2.4964599609375,1.0
1773593186.7476118,-24.958702087402344,188.1031951904297,2.4945068359375,1.0
1773593187.2462738,-24.959054946899414,188.09690856933594,2.492523193359375,1.0
1773593187.7465653,-24.96210479736328,188.0959014892578,2.489898681640625,1.0
1773593188.2462642,-24.969284057617188,188.10214233398438,2.49420166015625,1.0
1773593188.7468603,-24.978986740112305,188.10055541992188,2.497039794921875,1.0
1773593189.246248,-24.99249839782715,188.0963897705078,2.49688720703125,1.0
1773593189.7462559,-25.00193977355957,188.09127807617188,2.491424560546875,1.0
1773593190.246231,-25.01154899597168,188.0855255126953,2.488677978515625,1.0
1773593190.746654,-25.016706466674805,188.08309936523438,2.489227294921875,1.0
1773593191.2462661,-25.011247634887695,188.07522583007812,2.48895263671875,1.0
1773593191.7462256,-24.998878479003906,188.07131958007812,2.4898681640625,1.0
1773593192.2461846,-24.978483200073242,188.07554626464844,2.487213134765625,1.0
1773593192.7477803,-24.967912673950195,188.07513427734375,2.488616943359375,1.0
1773593193.2462544,-24.964643478393555,188.08233642578125,2.490631103515625,1.0
1773593193.7461922,-24.965946197509766,188.091552734375,2.490753173828125,1.0
1773593194.2462258,-24.961811065673828,188.09872436523438,2.488555908203125,1.0
1773593194.7462745,-24.95916175842285,188.09934997558594,2.485504150390625,1.0
1773593195.246426,-24.962112426757812,188.09963989257812,2.481536865234375,1.0
1773593195.746214,-24.965246200561523,188.09909057617188,2.47979736328125,1.0
1773593196.2462142,-24.968656539916992,188.09912109375,2.478363037109375,1.0
1773593196.7463074,-24.96590805053711,188.0992889404297,2.478179931640625,1.0
1773593197.246405,-24.963729858398438,188.1008758544922,2.482666015625,1.0
1773593197.7462835,-24.969280242919922,188.10406494140625,2.4833984375,1.0
1773593198.2463145,-24.976526260375977,188.10032653808594,2.483978271484375,1.0
1773593198.7483716,-24.987401962280273,188.1090850830078,2.48681640625,1.0
1773593199.246288,-24.993610382080078,188.11639404296875,2.489288330078125,1.0
1773593199.7462337,-24.990829467773438,188.11651611328125,2.4910888671875,1.0
1773593200.2462687,-24.982406616210938,188.12069702148438,2.4959716796875,1.0
1773593200.7462926,-24.979938507080078,188.11985778808594,2.491973876953125,1.0
1773593201.2463975,-24.98587989807129,188.11053466796875,2.49432373046875,1.0
1773593201.7462718,-24.993614196777344,188.09024047851562,2.49237060546875,1.0
1773593202.2462738,-24.994876861572266,188.06251525878906,2.494476318359375,1.0
1773593202.7472577,-24.985668182373047,188.04092407226562,2.4959716796875,1.0
1773593203.2462702,-24.974645614624023,188.03086853027344,2.498779296875,1.0
1773593203.7463794,-24.967041015625,188.0330810546875,2.4981689453125,1.0
1773593204.2465012,-24.956235885620117,188.03533935546875,2.49700927734375,1.0
1773593204.7465754,-24.937719345092773,188.03555297851562,2.49542236328125,1.0
1773593205.2462294,-24.929790496826172,188.03672790527344,2.492340087890625,1.0
1773593205.747233,-24.926889419555664,188.0380401611328,2.490997314453125,1.0
1773593206.2463298,-24.928726196289062,188.0310516357422,2.491973876953125,1.0
1773593206.746855,-24.945369720458984,188.03419494628906,2.4957275390625,1.0
1773593207.2462811,-24.959054946899414,188.03880310058594,2.49981689453125,1.0
1773593207.7463014,-24.966625213623047,188.0425567626953,2.502410888671875,1.0
1773593208.2462738,-24.972923278808594,188.05224609375,2.50390625,1.0
1773593208.7463162,-24.978422164916992,188.06646728515625,2.50830078125,1.0
1773593209.2463174,-24.977617263793945,188.0673828125,2.50714111328125,1.0
1773593209.7462745,-24.981664657592773,188.06369018554688,2.5081787109375,1.0
1773593210.2463238,-24.98908805847168,188.0643310546875,2.5079345703125,1.0
1773593210.7471468,-25.010311126708984,188.0674591064453,2.504425048828125,1.0
1773593211.2464204,-25.043697357177734,188.06520080566406,2.50299072265625,1.0
1773593211.7463803,-25.076086044311523,188.0582275390625,2.4991455078125,1.0
1773593212.246288,-25.1036434173584,188.05517578125,2.49786376953125,1.0
1773593212.7463825,-25.115978240966797,188.0567169189453,2.49468994140625,1.0
1773593213.2465382,-25.126976013183594,188.06651306152344,2.49407958984375,1.0
1773593213.7462754,-25.133026123046875,188.07278442382812,2.49273681640625,1.0
1773593214.2462761,-25.128320693969727,188.07986450195312,2.48883056640625,1.0
1773593214.746744,-25.11473846435547,188.08950805664062,2.487548828125,1.0
1773593215.2464862,-25.09457015991211,188.09548950195312,2.490020751953125,1.0
1773593215.7463787,-25.070796966552734,188.09774780273438,2.490478515625,1.0
1773593216.2462342,-25.050661087036133,188.09658813476562,2.48876953125,1.0
1773593216.7470534,-25.045982360839844,188.09217834472656,2.48944091796875,1.0
1773593217.2463307,-25.04688835144043,188.0847930908203,2.49114990234375,1.0
1773593217.7463682,-25.044795989990234,188.0853271484375,2.49261474609375,1.0
1773593218.2462327,-25.031476974487305,188.08448791503906,2.49237060546875,1.0
1773593218.7469704,-25.021804809570312,188.0865478515625,2.492767333984375,1.0
1773593219.2464468,-25.023996353149414,188.09640502929688,2.496612548828125,1.0
1773593219.7461908,-25.02559471130371,188.0967559814453,2.495391845703125,1.0
1773593220.2462132,-25.01772117614746,188.10191345214844,2.493011474609375,1.0
1773593220.7462976,-25.015825271606445,188.10421752929688,2.49188232421875,1.0
1773593221.2461874,-25.01172637939453,188.1026611328125,2.48895263671875,1.0
1773593221.746307,-25.005189895629883,188.1000518798828,2.48834228515625,1.0
1773593222.2462826,-25.00830841064453,188.10086059570312,2.4874267578125,1.0
1773593222.7462053,-25.017518997192383,188.0995330810547,2.485198974609375,1.0
1773593223.2490926,-25.020280838012695,188.09725952148438,2.487274169921875,1.0
1773593223.7462635,-25.0219783782959,188.08775329589844,2.494049072265625,1.0
1773593224.2462318,-25.01687240600586,188.081787109375,2.500640869140625,1.0
1773593224.746279,-25.0068302154541,188.07716369628906,2.50634765625,1.0
1773593225.246338,-24.991168975830078,188.07562255859375,2.509613037109375,1.0
1773593225.7462971,-24.973312377929688,188.0764617919922,2.506622314453125,1.0
1773593226.2462695,-24.954561233520508,188.08384704589844,2.5037841796875,1.0
1773593226.746479,-24.94666862487793,188.09117126464844,2.503021240234375,1.0
1773593227.2462828,-24.94447898864746,188.1025390625,2.5040283203125,1.0
1773593227.7462826,-24.941335678100586,188.10943603515625,2.507904052734375,1.0
1773593228.2462792,-24.943458557128906,188.1071319580078,2.50994873046875,1.0
1773593228.7467022,-24.94556427001953,188.103759765625,2.51416015625,1.0
1773593229.246233,-24.95134735107422,188.0976104736328,2.51409912109375,1.0
1773593229.7463222,-24.95990562438965,188.095947265625,2.512298583984375,1.0
1773593230.2462687,-24.973285675048828,188.094482421875,2.51068115234375,1.0
1773593230.7470524,-24.987287521362305,188.09732055664062,2.50811767578125,1.0
1773593231.2463436,-25.002609252929688,188.1002655029297,2.504913330078125,1.0
1773593231.746319,-25.007633209228516,188.10752868652344,2.502044677734375,1.0
1773593232.2462668,-25.006732940673828,188.1100616455078,2.500701904296875,1.0
1773593232.747307,-25.007671356201172,188.10916137695312,2.497314453125,1.0
1773593233.2463923,-25.00763511657715,188.10745239257812,2.49530029296875,1.0
1773593233.7462878,-25.01976203918457,188.10598754882812,2.493927001953125,1.0
1773593234.246315,-25.026832580566406,188.10484313964844,2.49481201171875,1.0
1773593234.746961,-25.02159309387207,188.1094512939453,2.495758056640625,1.0
1773593235.2462778,-25.016761779785156,188.10853576660156,2.49420166015625,1.0
1773593235.746357,-25.010515213012695,188.10311889648438,2.489501953125,1.0
1773593236.246339,-25.00677490234375,188.09999084472656,2.486480712890625,1.0
1773593236.7469304,-25.01689910888672,188.09934997558594,2.484588623046875,1.0
1773593237.2462656,-25.026409149169922,188.09817504882812,2.481964111328125,1.0
1773593237.7462776,-25.0412540435791,188.0841064453125,2.484344482421875,1.0
1773593238.2462878,-25.05173683166504,188.07626342773438,2.484619140625,1.0
1773593238.7462573,-25.053691864013672,188.0788116455078,2.4869384765625,1.0
1773593239.2463932,-25.05389976501465,188.0849151611328,2.48919677734375,1.0
1773593239.7462869,-25.056116104125977,188.08961486816406,2.4873046875,1.0
1773593240.2462351,-25.051067352294922,188.09364318847656,2.491363525390625,1.0
1773593240.7463243,-25.035415649414062,188.1064453125,2.498931884765625,1.0
1773593241.2463565,-25.015480041503906,188.1227264404297,2.498687744140625,1.0
1773593241.7462811,-25.006053924560547,188.1412353515625,2.500732421875,1.0
1773593242.2462502,-24.99972915649414,188.1488800048828,2.498504638671875,1.0
1773593242.7465904,-24.995553970336914,188.1489715576172,2.495361328125,1.0
1773593243.246345,-24.98181915283203,188.14505004882812,2.493621826171875,1.0
1773593243.7462804,-24.960607528686523,188.144287109375,2.492431640625,1.0
1773593244.2465074,-24.943157196044922,188.1321563720703,2.494842529296875,1.0
1773593244.7473543,-24.935609817504883,188.1176300048828,2.49859619140625,1.0
1773593245.246293,-24.93546485900879,188.098388671875,2.503265380859375,1.0
1773593245.7462728,-24.932241439819336,188.09291076660156,2.512054443359375,1.0
1773593246.2462397,-24.938247680664062,188.09092712402344,2.512451171875,1.0
1773593246.7488437,-24.94229507446289,188.08511352539062,2.51116943359375,1.0
1773593247.2464392,-24.943510055541992,188.0794677734375,2.50921630859375,1.0
1773593247.746456,-24.93634796142578,188.07540893554688,2.51287841796875,1.0
1773593248.2462747,-24.930660247802734,188.0774383544922,2.5155029296875,1.0
1773593248.746954,-24.92624855041504,188.07623291015625,2.511993408203125,1.0
1773593249.2472155,-24.92514991760254,188.07315063476562,2.51055908203125,1.0
1773593249.7496426,-24.920495986938477,188.07171630859375,2.511566162109375,1.0
1773593250.2462401,-24.91697883605957,188.06472778320312,2.51361083984375,1.0
1773593250.7463462,-24.90897560119629,188.06723022460938,2.51300048828125,1.0
1773593251.2464237,-24.907447814941406,188.06976318359375,2.509979248046875,1.0
1773593251.7462664,-24.91087532043457,188.07762145996094,2.504974365234375,1.0
1773593252.2463622,-24.917810440063477,188.0893096923828,2.505889892578125,1.0
1773593252.747207,-24.9272518157959,188.0943603515625,2.5067138671875,1.0
1773593253.2463856,-24.931034088134766,188.09579467773438,2.5042724609375,1.0
1773593253.7462761,-24.93723487854004,188.0952606201172,2.505096435546875,1.0
1773593254.2462373,-24.949735641479492,188.09608459472656,2.502593994140625,1.0
1773593254.7469666,-24.96033477783203,188.0970458984375,2.50335693359375,1.0
1773593255.2465065,-24.96854591369629,188.1009979248047,2.50421142578125,1.0
1773593255.7464437,-24.978160858154297,188.10159301757812,2.503570556640625,1.0
1773593256.246285,-24.982067108154297,188.09747314453125,2.506134033203125,1.0
1773593256.7463014,-24.98421859741211,188.09237670898438,2.506378173828125,1.0
1773593257.2462707,-24.981334686279297,188.09402465820312,2.507476806640625,1.0
1773593257.7463772,-24.98203468322754,188.09295654296875,2.508148193359375,1.0
1773593258.2462807,-24.983285903930664,188.0881805419922,2.50738525390625,1.0
1773593258.7469628,-24.994647979736328,188.08265686035156,2.509765625,1.0
1773593259.246495,-25.006725311279297,188.0865936279297,2.509063720703125,1.0
1773593259.746281,-25.02031135559082,188.08987426757812,2.50933837890625,1.0
1773593260.2464576,-25.029508590698242,188.0979461669922,2.50909423828125,1.0
1773593260.7469828,-25.037508010864258,188.10353088378906,2.50592041015625,1.0
1773593261.2486353,-25.037574768066406,188.108154296875,2.5029296875,1.0
1773593261.746325,-25.03609275817871,188.1194610595703,2.502655029296875,1.0
1773593262.2462645,-25.039066314697266,188.13209533691406,2.501312255859375,1.0
1773593262.7469382,-25.032495498657227,188.14883422851562,2.50030517578125,1.0
1773593263.2464542,-25.016786575317383,188.1558380126953,2.500152587890625,1.0
1773593263.7463567,-25.004594802856445,188.16209411621094,2.4993896484375,1.0
1773593264.246303,-24.994525909423828,188.16844177246094,2.500274658203125,1.0
1773593264.7470663,-24.98746109008789,188.16714477539062,2.5010986328125,1.0
1773593265.2463977,-24.987133026123047,188.16217041015625,2.501129150390625,1.0
1773593265.7462955,-24.987680435180664,188.16445922851562,2.50543212890625,1.0
1773593266.2462075,-24.983169555664062,188.1588134765625,2.505615234375,1.0
1773593266.7467573,-24.985740661621094,188.142333984375,2.502716064453125,1.0
1773593267.2464075,-24.9958438873291,188.12774658203125,2.499114990234375,1.0
1773593267.7462618,-24.997304916381836,188.12533569335938,2.499969482421875,1.0
1773593268.2462928,-24.999893188476562,188.12403869628906,2.49951171875,1.0
1773593268.7469163,-24.998592376708984,188.11830139160156,2.50067138671875,1.0
1773593269.24634,-24.992605209350586,188.10787963867188,2.500701904296875,1.0
1773593269.746266,-24.993101119995117,188.09521484375,2.50006103515625,1.0
1773593270.2462606,-24.995121002197266,188.081298828125,2.498382568359375,1.0
1773593270.747662,-24.99825668334961,188.07980346679688,2.498046875,1.0
1773593271.2464166,-25.005815505981445,188.08055114746094,2.4964599609375,1.0
1773593271.7464392,-25.012256622314453,188.07861328125,2.496337890625,1.0
1773593272.2466834,-25.022768020629883,188.07925415039062,2.49530029296875,1.0
1773593272.7466922,-25.03372573852539,188.07875061035156,2.4979248046875,1.0
1773593273.2464032,-25.040103912353516,188.0776824951172,2.499969482421875,1.0
1773593273.7471876,-25.034713745117188,188.08009338378906,2.497039794921875,1.0
1773593274.246806,-25.0316219329834,188.08782958984375,2.498138427734375,1.0
1773593274.7480633,-25.02800750732422,188.0887908935547,2.496337890625,1.0
1773593275.2464476,-25.01702880859375,188.09483337402344,2.49761962890625,1.0
1773593275.7462745,-24.995834350585938,188.0995635986328,2.499359130859375,1.0
1773593276.246234,-24.98649024963379,188.10069274902344,2.500946044921875,1.0
1773593276.7468925,-24.982685089111328,188.11114501953125,2.505462646484375,1.0
1773593277.2464745,-24.98143768310547,188.12759399414062,2.50421142578125,1.0
1773593277.746308,-24.98024559020996,188.13595581054688,2.50164794921875,1.0
1773593278.24627,-24.976486206054688,188.13772583007812,2.50335693359375,1.0
1773593278.747656,-24.977113723754883,188.13299560546875,2.50091552734375,1.0
1773593279.2473145,-24.983373641967773,188.12887573242188,2.50042724609375,1.0
1773593279.746317,-24.991846084594727,188.11795043945312,2.499847412109375,1.0
1773593280.2463043,-24.990299224853516,188.11341857910156,2.49761962890625,1.0
1773593280.7472646,-24.987407684326172,188.1140899658203,2.496826171875,1.0
1773593281.24658,-24.99397850036621,188.11166381835938,2.496307373046875,1.0
1773593281.7464592,-25.000167846679688,188.1053924560547,2.493865966796875,1.0
1773593282.2463708,-25.004043579101562,188.09812927246094,2.49530029296875,1.0
1773593282.7467997,-25.007869720458984,188.0954132080078,2.495147705078125,1.0
1773593283.2466059,-25.008460998535156,188.0872344970703,2.496612548828125,1.0
1773593283.746295,-25.012588500976562,188.07981872558594,2.49737548828125,1.0
1773593284.2463593,-25.020837783813477,188.08154296875,2.496307373046875,1.0
1773593284.7465384,-25.020610809326172,188.0860595703125,2.49554443359375,1.0
1773593285.2502968,-25.0201416015625,188.09559631347656,2.499114990234375,1.0
1773593285.7461874,-25.01957893371582,188.11172485351562,2.49774169921875,1.0
1773593286.2464168,-25.022226333618164,188.12155151367188,2.49658203125,1.0
1773593286.7465785,-25.021053314208984,188.1229705810547,2.49713134765625,1.0
1773593287.247063,-25.011962890625,188.12986755371094,2.496856689453125,1.0
1773593287.746759,-25.00107192993164,188.13307189941406,2.500823974609375,1.0
1773593288.246215,-24.992040634155273,188.12342834472656,2.505950927734375,1.0
1773593288.7467139,-24.979015350341797,188.1015167236328,2.503875732421875,1.0
1773593289.2472525,-24.96822738647461,188.08238220214844,2.497772216796875,1.0
1773593289.746499,-24.960336685180664,188.063720703125,2.500335693359375,1.0
1773593290.2463415,-24.9658260345459,188.06436157226562,2.504425048828125,1.0
1773593290.7468963,-24.980344772338867,188.0713348388672,2.5067138671875,1.0
1773593291.2464366,-24.990156173706055,188.07135009765625,2.50225830078125,1.0
1773593291.7462502,-24.98800277709961,188.05917358398438,2.495941162109375,1.0
1773593292.2462273,-24.98845100402832,188.05032348632812,2.49261474609375,1.0
1773593292.7468667,-24.990169525146484,188.0552215576172,2.497161865234375,1.0
1773593293.2463129,-24.987714767456055,188.05712890625,2.496246337890625,1.0
1773593293.746269,-24.98341178894043,188.05514526367188,2.498016357421875,1.0
1773593294.2462883,-24.984312057495117,188.05364990234375,2.495086669921875,1.0
1773593294.7472875,-24.995553970336914,188.0601348876953,2.494354248046875,1.0
1773593295.246435,-25.008224487304688,188.06639099121094,2.493377685546875,1.0
1773593295.7462668,-25.0117244720459,188.07325744628906,2.493896484375,1.0
1773593296.24628,-25.00652313232422,188.07949829101562,2.493194580078125,1.0
1773593296.7466471,-24.99993133544922,188.09246826171875,2.495208740234375,1.0
1773593297.2463026,-25.008106231689453,188.0953826904297,2.49603271484375,1.0
1773593297.7462947,-25.021106719970703,188.10211181640625,2.49652099609375,1.0
1773593298.2462606,-25.02370834350586,188.10328674316406,2.500762939453125,1.0
1773593298.7471492,-25.020078659057617,188.10891723632812,2.50347900390625,1.0
1773593299.2462869,-25.008342742919922,188.109375,2.500518798828125,1.0
1773593299.7462695,-24.991912841796875,188.1121063232422,2.5018310546875,1.0
1773593300.2462568,-24.973331451416016,188.10279846191406,2.503936767578125,1.0
1773593300.7472465,-24.957250595092773,188.0859375,2.505950927734375,1.0
1773593301.246324,-24.949737548828125,188.07244873046875,2.503265380859375,1.0
1773593301.7462919,-24.94010353088379,188.0716094970703,2.50372314453125,1.0
1773593302.2462583,-24.927173614501953,188.0779571533203,2.506439208984375,1.0
1773593302.746845,-24.9235782623291,188.08883666992188,2.508453369140625,1.0
1773593303.2462916,-24.924083709716797,188.09852600097656,2.509857177734375,1.0
1773593303.7465315,-24.914674758911133,188.10028076171875,2.505035400390625,1.0
1773593304.2463703,-24.911516189575195,188.0957794189453,2.502960205078125,1.0
1773593304.7466593,-24.91552734375,188.0922088623047,2.502777099609375,1.0
1773593305.2464137,-24.923931121826172,188.09649658203125,2.502838134765625,1.0
1773593305.7464483,-24.920148849487305,188.0941162109375,2.502838134765625,1.0
1773593306.246469,-24.924358367919922,188.09228515625,2.50244140625,1.0
1773593306.7462978,-24.930490493774414,188.0908966064453,2.50030517578125,1.0
1773593307.2465305,-24.94502067565918,188.0908660888672,2.495880126953125,1.0
1773593307.746243,-24.954965591430664,188.09286499023438,2.495452880859375,1.0
1773593308.2462394,-24.97183609008789,188.0967559814453,2.496368408203125,1.0
1773593308.7464216,-24.990694046020508,188.09140014648438,2.49578857421875,1.0
1773593309.2464235,-25.003217697143555,188.0886688232422,2.493377685546875,1.0
1773593309.7462256,-25.008363723754883,188.08743286132812,2.49609375,1.0
1773593310.2462204,-25.01874351501465,188.07626342773438,2.498016357421875,1.0
1773593310.74632,-25.02008819580078,188.0578155517578,2.500152587890625,1.0
1773593311.249563,-25.017784118652344,188.04408264160156,2.5020751953125,1.0
1773593311.7463262,-25.023923873901367,188.0292510986328,2.4967041015625,1.0
1773593312.247299,-25.0314884185791,188.0349578857422,2.492950439453125,1.0
1773593312.7469923,-25.038455963134766,188.0548095703125,2.489013671875,1.0
1773593313.2462976,-25.043289184570312,188.08848571777344,2.490203857421875,1.0
1773593313.7467382,-25.04702377319336,188.11880493164062,2.49102783203125,1.0
1773593314.2464545,-25.05705451965332,188.12591552734375,2.493377685546875,1.0
1773593314.7469609,-25.06312370300293,188.12355041503906,2.4947509765625,1.0
1773593315.2463782,-25.062110900878906,188.11964416503906,2.494781494140625,1.0
1773593315.7464342,-25.06541633605957,188.119873046875,2.495513916015625,1.0
1773593316.2463877,-25.057802200317383,188.12118530273438,2.491180419921875,1.0
1773593316.7462792,-25.04867172241211,188.1232452392578,2.4912109375,1.0
1773593317.2463968,-25.042709350585938,188.1299285888672,2.494476318359375,1.0
1773593317.7463021,-25.029447555541992,188.13946533203125,2.497467041015625,1.0
1773593318.2462306,-25.014955520629883,188.13954162597656,2.49554443359375,1.0
1773593318.7468362,-25.014667510986328,188.13995361328125,2.492950439453125,1.0
1773593319.2462974,-25.0115909576416,188.13665771484375,2.487091064453125,1.0
1773593319.7462711,-25.013137817382812,188.1170196533203,2.485595703125,1.0
1773593320.2463274,-25.015300750732422,188.10304260253906,2.484222412109375,1.0
1773593320.7468064,-25.022945404052734,188.0958709716797,2.48785400390625,1.0
1773593321.2462564,-25.02558135986328,188.0955047607422,2.4906005859375,1.0
1773593321.7462585,-25.01921844482422,188.0948944091797,2.4896240234375,1.0
1773593322.2462683,-25.000463485717773,188.0952606201172,2.488433837890625,1.0
1773593322.7468789,-24.988353729248047,188.08799743652344,2.491302490234375,1.0
1773593323.2463646,-24.986557006835938,188.07882690429688,2.492889404296875,1.0
1773593323.746262,-24.988693237304688,188.07852172851562,2.489593505859375,1.0
1773593324.2462742,-24.993494033813477,188.08380126953125,2.490875244140625,1.0
1773593324.7468705,-24.99257469177246,188.0890655517578,2.49530029296875,1.0
1773593325.246289,-24.990619659423828,188.0894012451172,2.498870849609375,1.0
1773593325.7462769,-24.99921989440918,188.0900421142578,2.4986572265625,1.0
1773593326.246263,-25.015329360961914,188.09585571289062,2.499298095703125,1.0
1773593326.7467978,-25.01651954650879,188.10943603515625,2.500946044921875,1.0
1773593327.2462676,-25.021284103393555,188.1189727783203,2.5006103515625,1.0
1773593327.7462788,-25.040985107421875,188.13815307617188,2.500640869140625,1.0
1773593328.2462597,-25.05342674255371,188.15298461914062,2.50030517578125,1.0
1773593328.7467635,-25.05182647705078,188.1592559814453,2.50030517578125,1.0
1773593329.2462852,-25.035913467407227,188.1519012451172,2.502838134765625,1.0
1773593329.7462637,-25.014158248901367,188.14671325683594,2.500701904296875,1.0
1773593330.2462304,-24.96661376953125,188.15675354003906,2.50390625,1.0
1773593330.746815,-24.631757736206055,188.2744140625,2.531768798828125,1.0
1773593331.2464275,-23.674156188964844,188.51022338867188,2.543243408203125,1.0
1773593331.7463667,-22.088045120239258,188.8374786376953,2.544097900390625,1.0
1773593332.246311,-19.94805335998535,189.27464294433594,2.51763916015625,1.0
1773593332.7466958,-17.662872314453125,189.86123657226562,2.486175537109375,1.0
1773593333.2463424,-15.383979797363281,190.5683135986328,2.46759033203125,1.0
1773593333.7462387,-13.163151741027832,191.34133911132812,2.459625244140625,1.0
1773593334.2462294,-10.929641723632812,192.1428680419922,2.4583740234375,1.0
1773593334.74668,-8.742328643798828,192.9066925048828,2.46026611328125,1.0
1773593335.2462769,-6.48967981338501,193.65261840820312,2.464080810546875,1.0
1773593335.7462146,-4.214951515197754,194.35272216796875,2.46392822265625,1.0
1773593336.246271,-1.88052499294281,195.03009033203125,2.46771240234375,1.0
1773593336.746753,0.4190521538257599,195.68138122558594,2.469940185546875,1.0
1773593337.2465158,2.75699520111084,196.35812377929688,2.476318359375,1.0
1773593337.7462337,5.067010402679443,197.04078674316406,2.479034423828125,1.0
1773593338.2461596,7.425494194030762,197.74014282226562,2.481201171875,1.0
1773593338.747008,9.757462501525879,198.4313201904297,2.484100341796875,1.0
1773593339.2462971,12.124516487121582,199.13868713378906,2.485565185546875,1.0
1773593339.746318,14.458935737609863,199.85842895507812,2.485321044921875,1.0
1773593340.2462218,16.830739974975586,200.5872039794922,2.482879638671875,1.0
1773593340.746314,19.180870056152344,201.28961181640625,2.479522705078125,1.0
1773593341.2462842,21.575214385986328,201.99168395996094,2.477996826171875,1.0
1773593341.7462137,23.936145782470703,202.67835998535156,2.481231689453125,1.0
1773593342.2480638,26.32061004638672,203.3720703125,2.483551025390625,1.0
1773593342.7471526,28.513410568237305,204.0025634765625,2.485443115234375,1.0
1773593343.2462792,30.905372619628906,204.6908721923828,2.48455810546875,1.0
1773593343.7465997,33.27006530761719,205.37841796875,2.487152099609375,1.0
1773593344.246281,35.66429901123047,206.08555603027344,2.48590087890625,1.0
1773593344.746798,38.03456115722656,206.78665161132812,2.485443115234375,1.0
1773593345.2462604,40.46085739135742,207.5093231201172,2.4803466796875,1.0
1773593345.7462738,42.84071350097656,208.2140655517578,2.47943115234375,1.0
1773593346.2462766,45.25527572631836,208.93499755859375,2.4779052734375,1.0
1773593346.7467372,47.62519836425781,209.64224243164062,2.47698974609375,1.0
1773593347.2463398,50.0349235534668,210.36349487304688,2.47369384765625,1.0
1773593347.7462757,52.412872314453125,211.06243896484375,2.4725341796875,1.0
1773593348.246329,54.829200744628906,211.76028442382812,2.470428466796875,1.0
1773593348.7467632,57.20832824707031,212.45399475097656,2.466552734375,1.0
1773593349.246239,59.630157470703125,213.16302490234375,2.4664306640625,1.0
1773593349.746254,62.02035140991211,213.8693084716797,2.46484375,1.0
1773593350.2462752,64.46144104003906,214.58938598632812,2.4647216796875,1.0
1773593350.7471278,66.85770416259766,215.2944793701172,2.465545654296875,1.0
1773593351.2465281,69.2771987915039,216.01174926757812,2.468109130859375,1.0
1773593351.7462797,71.64635467529297,216.72885131835938,2.47021484375,1.0
1773593352.2462933,74.05984497070312,217.44564819335938,2.471527099609375,1.0
1773593352.7465682,76.43605041503906,218.14178466796875,2.472900390625,1.0
1773593353.2465992,78.85306549072266,218.85330200195312,2.47198486328125,1.0
1773593353.7462626,81.24158477783203,219.5656280517578,2.468994140625,1.0
1773593354.246311,83.65754699707031,220.29946899414062,2.4671630859375,1.0
1773593354.7466047,86.0269546508789,221.02490234375,2.46533203125,1.0
1773593355.24636,88.42808532714844,221.7632293701172,2.46197509765625,1.0
1773593355.74626,90.79306030273438,222.4874725341797,2.463775634765625,1.0
1773593356.2462676,93.20149993896484,223.21206665039062,2.46661376953125,1.0
1773593356.747153,95.56619262695312,223.93190002441406,2.468536376953125,1.0
1773593357.246524,97.98212432861328,224.6653289794922,2.46966552734375,1.0
1773593357.7462847,100.35977935791016,225.38604736328125,2.468353271484375,1.0
1773593358.2462454,102.77202606201172,226.10682678222656,2.464874267578125,1.0
1773593358.7473438,105.15591430664062,226.80419921875,2.46014404296875,1.0
1773593359.2464542,107.5811996459961,227.50701904296875,2.459014892578125,1.0
1773593359.746244,109.9652328491211,228.2030487060547,2.457489013671875,1.0
1773593360.246192,112.38172149658203,228.91078186035156,2.455413818359375,1.0
1773593360.7472239,114.7481918334961,229.61170959472656,2.453155517578125,1.0
1773593361.2464535,117.1519775390625,230.3304443359375,2.45013427734375,1.0
1773593361.7462432,119.52412414550781,231.0432891845703,2.448760986328125,1.0
1773593362.2462366,121.90142059326172,231.75601196289062,2.442413330078125,1.0
1773593362.7466018,123.99351501464844,232.3975067138672,2.440185546875,1.0
1773593363.2469854,125.7594223022461,232.95025634765625,2.436004638671875,1.0
1773593363.7463562,127.12652587890625,233.3887176513672,2.434295654296875,1.0
1773593364.2461898,128.16700744628906,233.7242889404297,2.434478759765625,1.0
1773593364.7463434,128.94688415527344,233.98568725585938,2.451141357421875,1.0
1773593365.2463086,129.65045166015625,234.362548828125,2.4542236328125,1.0
1773593365.7463408,130.2055206298828,234.89659118652344,2.449462890625,1.0
1773593366.2462757,130.52273559570312,235.49993896484375,2.44842529296875,1.0
1773593366.7474313,130.55490112304688,235.9945068359375,2.449676513671875,1.0
1773593367.2463794,130.40753173828125,236.5028839111328,2.44976806640625,1.0
1773593367.7462866,130.15859985351562,236.99110412597656,2.4478759765625,1.0
1773593368.246277,129.8901824951172,237.47438049316406,2.449737548828125,1.0
1773593368.746559,129.6580047607422,237.94981384277344,2.448974609375,1.0
1773593369.246274,129.48944091796875,238.45030212402344,2.450164794921875,1.0
1773593369.7462249,129.396240234375,238.9491729736328,2.452484130859375,1.0
1773593370.246274,129.35971069335938,239.4538116455078,2.451904296875,1.0
1773593370.7467794,129.34051513671875,239.9441375732422,2.449249267578125,1.0
1773593371.2464309,129.32081604003906,240.4455108642578,2.4478759765625,1.0
1773593371.7462795,129.29457092285156,240.94454956054688,2.4483642578125,1.0
1773593372.246343,129.2644500732422,241.44984436035156,2.44976806640625,1.0
1773593372.7470245,129.23654174804688,241.93902587890625,2.450164794921875,1.0
1773593373.246416,129.20236206054688,242.43344116210938,2.447357177734375,1.0
1773593373.7462883,129.1743621826172,242.9272918701172,2.447906494140625,1.0
1773593374.2462668,129.15176391601562,243.43080139160156,2.45013427734375,1.0
1773593374.7470546,129.151611328125,243.92822265625,2.451141357421875,1.0
1773593375.246284,129.17608642578125,244.43145751953125,2.450592041015625,1.0
1773593375.7462704,129.19976806640625,244.9248504638672,2.448638916015625,1.0
1773593376.2462723,129.24305725097656,245.44955444335938,2.4495849609375,1.0
1773593376.7467427,129.29811096191406,245.97189331054688,2.450408935546875,1.0
1773593377.2462823,129.3665771484375,246.48509216308594,2.451904296875,1.0
1773593377.7462614,129.4337921142578,246.98646545410156,2.452056884765625,1.0
1773593378.2463276,129.52359008789062,247.51036071777344,2.452545166015625,1.0
1773593378.7465074,129.60581970214844,248.0196533203125,2.451995849609375,1.0
1773593379.246344,129.68545532226562,248.53176879882812,2.44879150390625,1.0
1773593379.7462656,129.77552795410156,249.03135681152344,2.44873046875,1.0
1773593380.2462509,129.8862762451172,249.54344177246094,2.449615478515625,1.0
1773593380.7466052,130.00587463378906,250.04275512695312,2.448883056640625,1.0
1773593381.2462926,130.12889099121094,250.55226135253906,2.447540283203125,1.0
1773593381.746263,130.26364135742188,251.0590362548828,2.446868896484375,1.0
1773593382.2462807,130.41993713378906,251.55865478515625,2.4471435546875,1.0
1773593382.7468197,130.58651733398438,252.03587341308594,2.445159912109375,1.0
1773593383.2463193,130.7675323486328,252.52166748046875,2.4439697265625,1.0
1773593383.7462747,130.94924926757812,253.00418090820312,2.44366455078125,1.0
1773593384.2462306,131.1370086669922,253.4993133544922,2.444366455078125,1.0
1773593384.7464721,131.32598876953125,253.9904022216797,2.44268798828125,1.0
1773593385.2462645,131.52606201171875,254.49183654785156,2.44012451171875,1.0
1773593385.7462049,131.724609375,254.984619140625,2.4381103515625,1.0
1773593386.2462156,131.95391845703125,255.4765167236328,2.4393310546875,1.0
1773593386.746907,132.1884307861328,255.95492553710938,2.44024658203125,1.0
1773593387.2465055,132.41517639160156,256.404052734375,2.437835693359375,1.0
1773593387.746614,132.67510986328125,256.9343566894531,2.438812255859375,1.0
1773593388.2462513,132.92393493652344,257.4421691894531,2.441558837890625,1.0
1773593388.74649,133.16574096679688,257.9266052246094,2.44427490234375,1.0
1773593389.2464476,133.42092895507812,258.4012145996094,2.44403076171875,1.0
1773593389.7461455,133.6944580078125,258.8514404296875,2.441986083984375,1.0
1773593390.2461832,133.97396850585938,259.30145263671875,2.439910888671875,1.0
1773593390.7495375,134.2591552734375,259.7259521484375,2.4390869140625,1.0
1773593391.24644,134.554931640625,260.145751953125,2.436309814453125,1.0
1773593391.7463892,134.85110473632812,260.54779052734375,2.436004638671875,1.0
1773593392.2462287,135.1389923095703,260.91845703125,2.43743896484375,1.0
1773593392.7469149,135.44149780273438,261.3130798339844,2.439453125,1.0
1773593393.2462757,135.74493408203125,261.6885070800781,2.440826416015625,1.0
1773593393.7462738,136.055908203125,262.0621643066406,2.439178466796875,1.0
1773593394.2463193,136.3682403564453,262.4183044433594,2.4365234375,1.0
1773593394.7469072,136.6918487548828,262.7699890136719,2.438232421875,1.0
1773593395.2462604,137.0194549560547,263.10430908203125,2.438934326171875,1.0
1773593395.746262,137.36062622070312,263.4417724609375,2.436676025390625,1.0
1773593396.2463036,137.683837890625,263.7876281738281,2.438507080078125,1.0
1773593396.7466793,138.01234436035156,264.1365661621094,2.44061279296875,1.0
1773593397.2462764,138.35198974609375,264.4718017578125,2.443328857421875,1.0
1773593397.7462733,138.7124481201172,264.7946472167969,2.4454345703125,1.0
1773593398.2462618,139.09445190429688,265.1149597167969,2.446533203125,1.0
1773593398.7467592,139.47235107421875,265.42681884765625,2.447479248046875,1.0
1773593399.2462654,139.8646697998047,265.7393798828125,2.445220947265625,1.0
1773593399.7462842,140.26576232910156,266.0568542480469,2.444488525390625,1.0
1773593400.24624,140.6564178466797,266.3652648925781,2.443145751953125,1.0
1773593400.7465053,141.05975341796875,266.6672058105469,2.444488525390625,1.0
1773593401.246404,141.4638671875,266.95751953125,2.444976806640625,1.0
1773593401.7463164,141.87509155273438,267.2501220703125,2.447967529296875,1.0
1773593402.2462654,142.28330993652344,267.5309753417969,2.44915771484375,1.0
1773593402.7463684,142.69895935058594,267.8152770996094,2.44781494140625,1.0
1773593403.2463183,143.11477661132812,268.08331298828125,2.447235107421875,1.0
1773593403.7462199,143.55039978027344,268.3411560058594,2.44549560546875,1.0
1773593404.2462614,143.98348999023438,268.5793151855469,2.443145751953125,1.0
1773593404.7463648,144.42010498046875,268.8212585449219,2.43988037109375,1.0
1773593405.2462687,144.84373474121094,269.06103515625,2.436309814453125,1.0
1773593405.746303,145.28150939941406,269.3038330078125,2.4334716796875,1.0
1773593406.2462974,145.71192932128906,269.5283203125,2.4298095703125,1.0
1773593406.7463682,146.15077209472656,269.7462463378906,2.427886962890625,1.0
1773593407.2467685,146.58692932128906,269.94622802734375,2.424346923828125,1.0
1773593407.7462678,147.0322723388672,270.140380859375,2.4229736328125,1.0
1773593408.2463174,147.48695373535156,270.33123779296875,2.419097900390625,1.0
1773593408.7468188,147.95701599121094,270.5149230957031,2.413909912109375,1.0
1773593409.246329,148.423095703125,270.6964416503906,2.412506103515625,1.0
1773593409.7462738,148.8940887451172,270.8666076660156,2.413238525390625,1.0
1773593410.2462358,149.34722900390625,271.0177001953125,2.413055419921875,1.0
1773593410.7470315,149.82725524902344,271.1714172363281,2.415679931640625,1.0
1773593411.2464046,150.30386352539062,271.32745361328125,2.420257568359375,1.0
1773593411.7462602,150.78744506835938,271.4827880859375,2.41827392578125,1.0
1773593412.2462595,151.2682342529297,271.6148986816406,2.41693115234375,1.0
1773593412.746558,151.75457763671875,271.7301330566406,2.417205810546875,1.0
1773593413.2462273,152.2353515625,271.83978271484375,2.41741943359375,1.0
1773593413.7461805,152.72848510742188,271.9471435546875,2.42010498046875,1.0
1773593414.2461696,153.20970153808594,272.04742431640625,2.425018310546875,1.0
1773593414.7462955,153.69583129882812,272.14764404296875,2.429412841796875,1.0
1773593415.2463117,154.18310546875,272.2365417480469,2.43060302734375,1.0
1773593415.7463114,154.67056274414062,272.31195068359375,2.43115234375,1.0
1773593416.246371,155.15380859375,272.37353515625,2.431243896484375,1.0
1773593416.746228,155.65037536621094,272.4493408203125,2.432037353515625,1.0
1773593417.246601,156.10568237304688,272.5132141113281,2.43292236328125,1.0
1773593417.7462115,156.62559509277344,272.5774230957031,2.437744140625,1.0
1773593418.2463222,157.1114501953125,272.6255187988281,2.43768310546875,1.0
1773593418.746244,157.6013946533203,272.66650390625,2.435638427734375,1.0
1773593419.2464886,158.0487823486328,272.6942443847656,2.43408203125,1.0
1773593419.7467387,158.57142639160156,272.7117919921875,2.431976318359375,1.0
1773593420.2468898,159.05624389648438,272.7193298339844,2.430816650390625,1.0
1773593420.7468586,159.54678344726562,272.7102355957031,2.432037353515625,1.0
1773593421.2465227,160.00027465820312,272.69915771484375,2.432159423828125,1.0
1773593421.746323,160.49452209472656,272.6780700683594,2.4332275390625,1.0
1773593422.246329,160.97897338867188,272.6495361328125,2.4322509765625,1.0
1773593422.747344,161.39517211914062,272.62347412109375,2.430755615234375,1.0
1773593423.247251,161.85055541992188,272.5874938964844,2.429290771484375,1.0
1773593423.7463224,162.33058166503906,272.5349426269531,2.42852783203125,1.0
1773593424.2463143,162.81460571289062,272.4605712890625,2.4312744140625,1.0
1773593424.74687,163.28602600097656,272.3934631347656,2.434112548828125,1.0
1773593425.246427,163.76979064941406,272.3276672363281,2.434967041015625,1.0
1773593425.746287,164.24017333984375,272.2597961425781,2.4329833984375,1.0
1773593426.2463036,164.71502685546875,272.1741027832031,2.431732177734375,1.0
1773593426.7472208,165.18495178222656,272.072998046875,2.435791015625,1.0
1773593427.2462816,165.6682891845703,271.96185302734375,2.437103271484375,1.0
1773593427.7463124,166.1485595703125,271.8438720703125,2.436248779296875,1.0
1773593428.2462351,166.6378936767578,271.7217102050781,2.43426513671875,1.0
1773593428.7468011,167.12620544433594,271.60345458984375,2.432952880859375,1.0
1773593429.246305,167.6272735595703,271.465087890625,2.4312744140625,1.0
1773593429.7462866,168.1133575439453,271.3205261230469,2.434112548828125,1.0
1773593430.246269,168.6048583984375,271.1661071777344,2.437164306640625,1.0
1773593430.7466538,169.0919952392578,271.0047302246094,2.439605712890625,1.0
1773593431.2462733,169.58909606933594,270.81475830078125,2.43914794921875,1.0
1773593431.7462747,170.0760498046875,270.6184997558594,2.439910888671875,1.0
1773593432.2462697,170.57232666015625,270.4194030761719,2.441192626953125,1.0
1773593432.7465935,171.05552673339844,270.2154846191406,2.442169189453125,1.0
1773593433.2466633,171.55355834960938,270.00885009765625,2.4415283203125,1.0
1773593433.746291,172.02857971191406,269.7975769042969,2.441741943359375,1.0
1773593434.2462919,172.50843811035156,269.5639953613281,2.446044921875,1.0
1773593434.7464461,172.97669982910156,269.32891845703125,2.446807861328125,1.0
1773593435.246323,173.45591735839844,269.0904846191406,2.444183349609375,1.0
1773593435.7463343,173.9075164794922,268.8390808105469,2.441741943359375,1.0
1773593436.2462847,174.34567260742188,268.5775146484375,2.4410400390625,1.0
1773593436.74638,174.76206970214844,268.30780029296875,2.441619873046875,1.0
1773593437.246567,175.19113159179688,268.0220031738281,2.439300537109375,1.0
1773593437.746345,175.6227569580078,267.7376708984375,2.439056396484375,1.0
1773593438.2464378,176.054443359375,267.45599365234375,2.43670654296875,1.0
1773593438.7463596,176.47218322753906,267.1650085449219,2.431915283203125,1.0
1773593439.2464333,176.89019775390625,266.8610534667969,2.42694091796875,1.0
1773593439.7462556,177.29737854003906,266.559326171875,2.428131103515625,1.0
1773593440.2462115,177.6973876953125,266.2499694824219,2.428466796875,1.0
1773593440.7463143,178.07769775390625,265.942626953125,2.42694091796875,1.0
1773593441.2465022,178.45278930664062,265.6226501464844,2.42401123046875,1.0
1773593441.7461805,178.8271026611328,265.31158447265625,2.420684814453125,1.0
1773593442.2462695,179.2074737548828,264.9966735839844,2.419769287109375,1.0
1773593442.7468572,179.5642547607422,264.68121337890625,2.417205810546875,1.0
1773593443.2487042,179.8782501220703,264.3732604980469,2.41705322265625,1.0
1773593443.7463846,180.2415771484375,264.00164794921875,2.4173583984375,1.0
1773593444.2463915,180.58123779296875,263.6557922363281,2.41448974609375,1.0
1773593444.7480652,180.8938446044922,263.3228759765625,2.415008544921875,1.0
1773593445.2465715,181.1902313232422,263.0076599121094,2.41796875,1.0
1773593445.746387,181.5074920654297,262.65655517578125,2.422332763671875,1.0
1773593446.2463682,181.82196044921875,262.2973327636719,2.42547607421875,1.0
1773593446.7464228,182.13946533203125,261.926513671875,2.42596435546875,1.0
1773593447.2467406,182.44683837890625,261.5643310546875,2.42437744140625,1.0
1773593447.746301,182.75135803222656,261.1881408691406,2.42510986328125,1.0
1773593448.2494538,183.0380401611328,260.81536865234375,2.427764892578125,1.0
1773593448.746293,183.3311309814453,260.4266662597656,2.4307861328125,1.0
1773593449.2462971,183.6263427734375,260.0478515625,2.431610107421875,1.0
1773593449.7473862,183.9109344482422,259.66143798828125,2.432952880859375,1.0
1773593450.247771,184.1905975341797,259.25628662109375,2.435455322265625,1.0
1773593450.7462866,184.472900390625,258.8404541015625,2.436737060546875,1.0
1773593451.2463415,184.72955322265625,258.4046630859375,2.433868408203125,1.0
1773593451.7462983,184.9844512939453,257.9551086425781,2.43310546875,1.0
1773593452.247135,185.2306671142578,257.5045166015625,2.434173583984375,1.0
1773593452.746237,185.4793701171875,257.04046630859375,2.432373046875,1.0
1773593453.246347,185.72329711914062,256.58648681640625,2.43023681640625,1.0
1773593453.7464123,185.98028564453125,256.1273193359375,2.430999755859375,1.0
1773593454.246676,186.22091674804688,255.6627655029297,2.430389404296875,1.0
1773593454.7462835,186.44732666015625,255.1948699951172,2.431671142578125,1.0
1773593455.2462738,186.6586456298828,254.72900390625,2.429443359375,1.0
1773593455.7462745,186.86024475097656,254.24830627441406,2.429473876953125,1.0
1773593456.2464542,187.05076599121094,253.78318786621094,2.4334716796875,1.0
1773593456.746321,187.2301788330078,253.3090362548828,2.432861328125,1.0
1773593457.246327,187.4017791748047,252.84471130371094,2.4351806640625,1.0
1773593457.7462745,187.57191467285156,252.3806610107422,2.4324951171875,1.0
1773593458.2468429,187.73085021972656,251.91651916503906,2.431884765625,1.0
1773593458.746264,187.8834991455078,251.44432067871094,2.435821533203125,1.0
1773593459.2462916,188.01913452148438,250.9828643798828,2.43560791015625,1.0
1773593459.7462745,188.15158081054688,250.5093994140625,2.43255615234375,1.0
1773593460.2464852,188.27731323242188,250.0371856689453,2.4278564453125,1.0
1773593460.7463071,188.38433837890625,249.5467529296875,2.42645263671875,1.0
1773593461.24637,188.48541259765625,249.06964111328125,2.419921875,1.0
1773593461.7462497,188.57803344726562,248.57974243164062,2.416351318359375,1.0
1773593462.24656,188.66741943359375,248.10043334960938,2.413604736328125,1.0
1773593462.7462292,188.7436065673828,247.61746215820312,2.41583251953125,1.0
1773593463.2462192,188.828369140625,247.1475372314453,2.416290283203125,1.0
1773593463.7463963,188.90609741210938,246.66307067871094,2.418701171875,1.0
1773593464.2484496,188.96353149414062,246.18722534179688,2.418426513671875,1.0
1773593464.7463903,189.00308227539062,245.70664978027344,2.416656494140625,1.0
1773593465.2464838,189.04364013671875,245.23593139648438,2.419403076171875,1.0
1773593465.7463107,189.07427978515625,244.7566680908203,2.418701171875,1.0
1773593466.2471402,189.10806274414062,244.290283203125,2.42218017578125,1.0
1773593466.7466142,189.12355041503906,243.8153533935547,2.421142578125,1.0
1773593467.246261,189.1309051513672,243.38458251953125,2.4188232421875,1.0
1773593467.7462978,189.1337127685547,242.92066955566406,2.4180908203125,1.0
1773593468.2463918,189.13558959960938,242.4585723876953,2.41961669921875,1.0
1773593468.7462285,189.13156127929688,241.98606872558594,2.42205810546875,1.0
1773593469.2462752,189.12144470214844,241.54005432128906,2.422088623046875,1.0
1773593469.7463768,189.09915161132812,241.0873565673828,2.42340087890625,1.0
1773593470.2463665,189.0652618408203,240.63771057128906,2.4259033203125,1.0
1773593470.7462714,189.01611328125,240.1765594482422,2.42987060546875,1.0
1773593471.2466393,188.96275329589844,239.72500610351562,2.432464599609375,1.0
1773593471.7462745,188.90008544921875,239.24708557128906,2.4329833984375,1.0
1773593472.2464757,188.83387756347656,238.77215576171875,2.43939208984375,1.0
1773593472.746264,188.7622833251953,238.29348754882812,2.4404296875,1.0
1773593473.2467844,188.68841552734375,237.8182373046875,2.43927001953125,1.0
1773593473.746297,188.5980987548828,237.3224334716797,2.440460205078125,1.0
1773593474.2467692,188.49317932128906,236.83094787597656,2.440887451171875,1.0
1773593474.7464435,188.3727569580078,236.326904296875,2.440093994140625,1.0
1773593475.246318,188.24864196777344,235.81849670410156,2.4423828125,1.0
1773593475.7462738,188.12164306640625,235.30502319335938,2.441162109375,1.0
1773593476.2464736,187.9909210205078,234.79629516601562,2.44091796875,1.0
1773593476.7462742,187.85214233398438,234.27980041503906,2.441650390625,1.0
1773593477.2462723,187.7150115966797,233.76321411132812,2.444091796875,1.0
1773593477.7463632,187.55618286132812,233.2465057373047,2.4471435546875,1.0
1773593478.2464504,187.39129638671875,232.74476623535156,2.448089599609375,1.0
1773593478.7462769,187.21456909179688,232.23667907714844,2.4444580078125,1.0
1773593479.2464721,187.03192138671875,231.73550415039062,2.443450927734375,1.0
1773593479.7464156,186.8314208984375,231.2368927001953,2.442626953125,1.0
1773593480.2465305,186.62734985351562,230.74400329589844,2.4412841796875,1.0
1773593480.7463446,186.42425537109375,230.23684692382812,2.440582275390625,1.0
1773593481.2462795,186.21083068847656,229.7550506591797,2.441741943359375,1.0
1773593481.746263,185.990234375,229.2745361328125,2.439361572265625,1.0
1773593482.246978,185.76617431640625,228.80764770507812,2.4361572265625,1.0
1773593482.7462869,185.5417938232422,228.35086059570312,2.437957763671875,1.0
1773593483.246273,185.32508850097656,227.9132537841797,2.4384765625,1.0
1773593483.7462676,185.08831787109375,227.47544860839844,2.442352294921875,1.0
1773593484.2473056,184.84649658203125,227.0570831298828,2.44537353515625,1.0
1773593484.7462566,184.5897979736328,226.6362762451172,2.443817138671875,1.0
1773593485.246322,184.32321166992188,226.2252197265625,2.442291259765625,1.0
1773593485.746229,184.0555877685547,225.83587646484375,2.446075439453125,1.0
1773593486.2465239,183.78651428222656,225.44859313964844,2.446746826171875,1.0
1773593486.7463155,183.50381469726562,225.0603790283203,2.447540283203125,1.0
1773593487.246606,183.2489013671875,224.7010955810547,2.4482421875,1.0
1773593487.7462423,182.9516143798828,224.30335998535156,2.450164794921875,1.0
1773593488.246693,182.6576690673828,223.93838500976562,2.448089599609375,1.0
1773593488.7466316,182.36953735351562,223.59913635253906,2.448272705078125,1.0
1773593489.2466652,182.0444793701172,223.22357177734375,2.445159912109375,1.0
1773593489.746708,181.75250244140625,222.88217163085938,2.4439697265625,1.0
1773593490.2467434,181.4227752685547,222.5222625732422,2.439361572265625,1.0
1773593490.746276,181.07911682128906,222.16807556152344,2.43182373046875,1.0
1773593491.2464273,180.74404907226562,221.8233184814453,2.427734375,1.0
1773593491.7463918,180.40286254882812,221.4844207763672,2.423858642578125,1.0
1773593492.2466476,180.06195068359375,221.16123962402344,2.42279052734375,1.0
1773593492.7464473,179.7071990966797,220.83181762695312,2.419281005859375,1.0
1773593493.246224,179.36306762695312,220.50709533691406,2.4139404296875,1.0
1773593493.7462509,179.00860595703125,220.17788696289062,2.41168212890625,1.0
1773593494.2470505,178.6472930908203,219.86642456054688,2.40753173828125,1.0
1773593494.746656,178.27249145507812,219.55601501464844,2.41046142578125,1.0
1773593495.2461648,177.89170837402344,219.2546844482422,2.41119384765625,1.0
1773593495.7462623,177.50003051757812,218.96258544921875,2.412322998046875,1.0
1773593496.246819,177.10720825195312,218.67556762695312,2.414825439453125,1.0
1773593496.7462337,176.71157836914062,218.3804931640625,2.41796875,1.0
1773593497.246211,176.3125762939453,218.10179138183594,2.419677734375,1.0
1773593497.7462025,175.89601135253906,217.8131866455078,2.4195556640625,1.0
1773593498.2461896,175.4820098876953,217.5339813232422,2.42041015625,1.0
1773593498.746558,175.05410766601562,217.25213623046875,2.421539306640625,1.0
1773593499.2462845,174.62901306152344,216.97938537597656,2.422393798828125,1.0
1773593499.746493,174.2303924560547,216.7305450439453,2.424591064453125,1.0
1773593500.24697,173.7891845703125,216.47714233398438,2.4248046875,1.0
1773593500.7465756,173.34161376953125,216.2384490966797,2.430023193359375,1.0
1773593501.24631,172.85140991210938,215.994140625,2.43359375,1.0
1773593501.746624,172.4173126220703,215.79034423828125,2.436920166015625,1.0
1773593502.246708,171.94654846191406,215.57225036621094,2.437896728515625,1.0
1773593502.7463782,171.4784698486328,215.3588409423828,2.43792724609375,1.0
1773593503.2462697,171.00392150878906,215.14340209960938,2.438507080078125,1.0
1773593503.7462554,170.54208374023438,214.9374542236328,2.4385986328125,1.0
1773593504.246985,170.06858825683594,214.7447052001953,2.442108154296875,1.0
1773593504.7462964,169.61158752441406,214.57211303710938,2.4444580078125,1.0
1773593505.2462714,169.1433868408203,214.4004364013672,2.445281982421875,1.0
1773593505.7462687,168.67431640625,214.23887634277344,2.447113037109375,1.0
1773593506.2472267,168.19476318359375,214.0825653076172,2.447113037109375,1.0
1773593506.7462902,167.72119140625,213.92759704589844,2.447998046875,1.0
1773593507.2462828,167.23170471191406,213.77528381347656,2.44635009765625,1.0
1773593507.7463713,166.7573699951172,213.63812255859375,2.45074462890625,1.0
1773593508.2468936,166.26441955566406,213.5109100341797,2.452362060546875,1.0
1773593508.7462778,165.77224731445312,213.39877319335938,2.453643798828125,1.0
1773593509.2462761,165.26876831054688,213.29833984375,2.45855712890625,1.0
1773593509.7463007,164.77159118652344,213.21446228027344,2.46142578125,1.0
1773593510.2469406,164.26087951660156,213.1350860595703,2.46258544921875,1.0
1773593510.7463112,163.7539520263672,213.05224609375,2.459136962890625,1.0
1773593511.2462704,163.24765014648438,212.96336364746094,2.460693359375,1.0
1773593511.7462826,162.73777770996094,212.87774658203125,2.46185302734375,1.0
1773593512.246308,162.2210235595703,212.80287170410156,2.459808349609375,1.0
1773593512.747165,161.71737670898438,212.7523651123047,2.45556640625,1.0
1773593513.2469027,161.19723510742188,212.7128448486328,2.454193115234375,1.0
1773593513.7466538,160.68235778808594,212.67532348632812,2.449981689453125,1.0
1773593514.2462006,160.16558837890625,212.6542205810547,2.45062255859375,1.0
1773593514.7463024,159.66262817382812,212.65127563476562,2.45037841796875,1.0
1773593515.2474854,159.1622314453125,212.64990234375,2.449066162109375,1.0
1773593515.746472,158.6556396484375,212.6465606689453,2.447479248046875,1.0
1773593516.2465367,158.16683959960938,212.6489715576172,2.445037841796875,1.0
1773593516.7471402,157.6551055908203,212.6609649658203,2.440338134765625,1.0
1773593517.2466772,157.1370849609375,212.67994689941406,2.440948486328125,1.0
1773593517.7463424,156.63853454589844,212.7129669189453,2.442596435546875,1.0
1773593518.24649,156.13475036621094,212.7560272216797,2.4447021484375,1.0
1773593518.7465363,155.64219665527344,212.8104248046875,2.445037841796875,1.0
1773593519.2464483,155.1513214111328,212.8799285888672,2.444488525390625,1.0
1773593519.7465072,154.66551208496094,212.95419311523438,2.4429931640625,1.0
1773593520.2465045,154.1702117919922,213.03501892089844,2.4393310546875,1.0
1773593520.7472181,153.68724060058594,213.1249542236328,2.43609619140625,1.0
1773593521.2467036,153.19827270507812,213.21426391601562,2.43524169921875,1.0
1773593521.7467046,152.7186737060547,213.31175231933594,2.43487548828125,1.0
1773593522.246309,152.23001098632812,213.4253387451172,2.430938720703125,1.0
1773593522.7472694,151.76882934570312,213.54254150390625,2.4288330078125,1.0
1773593523.2467213,151.3045654296875,213.67202758789062,2.43133544921875,1.0
1773593523.74638,150.83763122558594,213.80267333984375,2.43133544921875,1.0
1773593524.2467303,150.37950134277344,213.9391326904297,2.42938232421875,1.0
1773593524.748958,149.95449829101562,214.0636444091797,2.425079345703125,1.0
1773593525.2462852,149.50877380371094,214.2015838623047,2.421234130859375,1.0
1773593525.7469854,149.0576934814453,214.3471221923828,2.41790771484375,1.0
1773593526.2466016,148.61279296875,214.50479125976562,2.415618896484375,1.0
1773593526.7465153,148.17605590820312,214.66021728515625,2.413421630859375,1.0
1773593527.2463176,147.7478790283203,214.83497619628906,2.414398193359375,1.0
1773593527.746745,147.32821655273438,215.017822265625,2.41851806640625,1.0
1773593528.2463405,146.89588928222656,215.20948791503906,2.419647216796875,1.0
1773593528.7463448,146.4665069580078,215.3976287841797,2.421112060546875,1.0
1773593529.2466254,146.03981018066406,215.59933471679688,2.41888427734375,1.0
1773593529.746797,145.62249755859375,215.79750061035156,2.415130615234375,1.0
1773593530.2462807,145.1985321044922,216.01239013671875,2.415863037109375,1.0
1773593530.7462325,144.78680419921875,216.24710083007812,2.419921875,1.0
1773593531.2463005,144.3726806640625,216.49331665039062,2.426239013671875,1.0
1773593531.7468078,143.9456024169922,216.73829650878906,2.42767333984375,1.0
1773593532.2462592,143.50924682617188,216.98287963867188,2.427978515625,1.0
1773593532.7463257,143.09603881835938,217.2304229736328,2.426971435546875,1.0
1773593533.2463133,142.67364501953125,217.4891357421875,2.424591064453125,1.0
1773593533.7467668,142.25933837890625,217.76112365722656,2.423095703125,1.0
1773593534.2467408,141.8482208251953,218.05267333984375,2.42510986328125,1.0
1773593534.7462304,141.4338836669922,218.35842895507812,2.42730712890625,1.0
1773593535.2463279,141.03273010253906,218.65773010253906,2.42669677734375,1.0
1773593535.7469735,140.62783813476562,218.9663848876953,2.42779541015625,1.0
1773593536.2462287,140.2398681640625,219.2832794189453,2.4256591796875,1.0
1773593536.746336,139.84664916992188,219.6227569580078,2.420684814453125,1.0
1773593537.2463582,139.4574432373047,219.96023559570312,2.4205322265625,1.0
1773593537.7465918,139.06231689453125,220.29818725585938,2.419189453125,1.0
1773593538.2463171,138.6727294921875,220.64169311523438,2.420166015625,1.0
1773593538.7462003,138.2846221923828,221.00857543945312,2.422607421875,1.0
1773593539.2462885,137.90260314941406,221.38868713378906,2.4193115234375,1.0
1773593539.747181,137.5221405029297,221.7787322998047,2.41876220703125,1.0
1773593540.2462344,137.14903259277344,222.1675262451172,2.41937255859375,1.0
1773593540.7462425,136.76022338867188,222.5831756591797,2.418670654296875,1.0
1773593541.2527375,136.39120483398438,223.01104736328125,2.4188232421875,1.0
1773593541.7468212,136.05084228515625,223.4048309326172,2.418487548828125,1.0
1773593542.2464223,135.69520568847656,223.82652282714844,2.41986083984375,1.0
1773593542.746284,135.35079956054688,224.26239013671875,2.42156982421875,1.0
1773593543.2462783,135.0225830078125,224.70497131347656,2.418487548828125,1.0
1773593543.7466085,134.70306396484375,225.1501922607422,2.416839599609375,1.0
1773593544.2463717,134.39796447753906,225.59234619140625,2.41937255859375,1.0
1773593544.7462633,134.09796142578125,226.04400634765625,2.421051025390625,1.0
1773593545.2462933,133.8025665283203,226.49273681640625,2.422271728515625,1.0
1773593545.7470193,133.51695251464844,226.94534301757812,2.42254638671875,1.0
1773593546.246308,133.25074768066406,227.3902130126953,2.423583984375,1.0
1773593546.746261,132.98678588867188,227.84600830078125,2.42645263671875,1.0
1773593547.2464645,132.7418670654297,228.3011932373047,2.425567626953125,1.0
1773593547.7469394,132.51235961914062,228.75550842285156,2.4224853515625,1.0
1773593548.246316,132.2964324951172,229.19833374023438,2.42034912109375,1.0
1773593548.7463078,132.08473205566406,229.64801025390625,2.422027587890625,1.0
1773593549.2463844,131.89028930664062,230.0878143310547,2.4256591796875,1.0
1773593549.7468417,131.68905639648438,230.53817749023438,2.427520751953125,1.0
1773593550.2463534,131.49578857421875,230.98724365234375,2.430999755859375,1.0
1773593550.7462573,131.3085479736328,231.4386444091797,2.433441162109375,1.0
1773593551.2462592,131.13156127929688,231.8830108642578,2.434539794921875,1.0
1773593551.7468002,130.95700073242188,232.33863830566406,2.436065673828125,1.0
1773593552.247965,130.79144287109375,232.80245971679688,2.438995361328125,1.0
1773593552.746489,130.61924743652344,233.2862548828125,2.43975830078125,1.0
1773593553.2463462,130.45611572265625,233.7696533203125,2.43896484375,1.0
1773593553.746528,130.30128479003906,234.25755310058594,2.44049072265625,1.0
1773593554.2472966,130.17422485351562,234.7142333984375,2.43890380859375,1.0
1773593554.7462842,130.03823852539062,235.24302673339844,2.437255859375,1.0
1773593555.246332,129.92019653320312,235.71556091308594,2.436279296875,1.0
1773593555.7465653,129.7999267578125,236.2391357421875,2.435638427734375,1.0
1773593556.2464497,129.6925811767578,236.7350616455078,2.43853759765625,1.0
1773593556.746323,129.59779357910156,237.24554443359375,2.43853759765625,1.0
1773593557.2463036,129.5181884765625,237.71397399902344,2.441253662109375,1.0
1773593557.7463763,129.4326171875,238.22718811035156,2.44281005859375,1.0
1773593558.2463865,129.34864807128906,238.72628784179688,2.4393310546875,1.0
1773593558.74654,129.26812744140625,239.26080322265625,2.440521240234375,1.0
1773593559.2464147,129.21644592285156,239.7288818359375,2.443115234375,1.0
1773593559.7463815,129.17677307128906,240.241943359375,2.44622802734375,1.0
1773593560.2462919,129.1554718017578,240.74365234375,2.448089599609375,1.0
1773593560.7462752,129.13858032226562,241.24319458007812,2.447540283203125,1.0
1773593561.246273,129.13177490234375,241.74609375,2.450042724609375,1.0
1773593561.7463717,129.11724853515625,242.26324462890625,2.449432373046875,1.0
1773593562.2463255,129.109130859375,242.7729949951172,2.44696044921875,1.0
1773593562.7462997,129.11207580566406,243.2900390625,2.444580078125,1.0
1773593563.2462735,129.1207275390625,243.7994384765625,2.443389892578125,1.0
1773593563.746754,129.12977600097656,244.31820678710938,2.442169189453125,1.0
1773593564.2466028,129.14390563964844,244.82366943359375,2.44146728515625,1.0
1773593564.7462907,129.1681365966797,245.3260955810547,2.4422607421875,1.0
1773593565.246379,129.20945739746094,245.83544921875,2.43890380859375,1.0
1773593565.746624,129.27406311035156,246.3510284423828,2.432861328125,1.0
1773593566.2462516,129.3395233154297,246.85609436035156,2.431427001953125,1.0
1773593566.7462285,129.41683959960938,247.36988830566406,2.43048095703125,1.0
1773593567.2464032,129.5084228515625,247.87583923339844,2.43450927734375,1.0
1773593567.7465756,129.61807250976562,248.3882293701172,2.43670654296875,1.0
1773593568.2462757,129.7273712158203,248.88150024414062,2.43841552734375,1.0
1773593568.7463264,129.8321075439453,249.37937927246094,2.435699462890625,1.0
1773593569.2462673,129.95443725585938,249.87867736816406,2.434814453125,1.0
1773593569.74655,130.07810974121094,250.36904907226562,2.4371337890625,1.0
1773593570.2464423,130.20504760742188,250.85003662109375,2.43853759765625,1.0
1773593570.7462714,130.34637451171875,251.3358154296875,2.438232421875,1.0
1773593571.246805,130.49685668945312,251.8082275390625,2.433502197265625,1.0
1773593571.7464669,130.6639862060547,252.27896118164062,2.43115234375,1.0
1773593572.2462468,130.82986450195312,252.7356719970703,2.430023193359375,1.0
1773593572.7462845,130.99591064453125,253.19390869140625,2.429046630859375,1.0
1773593573.2463386,131.16778564453125,253.6448974609375,2.429962158203125,1.0
1773593573.746385,131.35169982910156,254.10618591308594,2.4298095703125,1.0
1773593574.2462769,131.54763793945312,254.5559844970703,2.425018310546875,1.0
1773593574.7462635,131.75067138671875,255.0009002685547,2.424468994140625,1.0
1773593575.2462702,131.95819091796875,255.4286651611328,2.423126220703125,1.0
1773593575.746514,132.1802978515625,255.86489868164062,2.4239501953125,1.0
1773593576.246442,132.40231323242188,256.28594970703125,2.423309326171875,1.0
1773593576.7468922,132.63380432128906,256.70599365234375,2.423065185546875,1.0
1773593577.2462926,132.80897521972656,257.0361633300781,2.42352294921875,1.0
1773593577.7462933,133.033935546875,257.43804931640625,2.426025390625,1.0
1773593578.2465281,133.27101135253906,257.8450927734375,2.423980712890625,1.0
1773593578.7462525,133.5146942138672,258.24725341796875,2.423675537109375,1.0
1773593579.2462423,133.77638244628906,258.6604309082031,2.423919677734375,1.0
1773593579.7462566,134.0409698486328,259.0603942871094,2.423736572265625,1.0
1773593580.2463577,134.31549072265625,259.4805603027344,2.424774169921875,1.0
1773593580.746231,134.5860595703125,259.8923034667969,2.428680419921875,1.0
1773593581.2461934,134.86981201171875,260.3094177246094,2.4327392578125,1.0
1773593581.7462773,135.16587829589844,260.72271728515625,2.43359375,1.0
1773593582.247471,135.46461486816406,261.14251708984375,2.434295654296875,1.0
1773593582.7463362,135.769775390625,261.5483093261719,2.43328857421875,1.0
1773593583.2461948,136.0856170654297,261.95947265625,2.435821533203125,1.0
1773593583.7463078,136.41171264648438,262.3485412597656,2.433990478515625,1.0
1773593584.2480252,136.7403106689453,262.7328796386719,2.434539794921875,1.0
1773593584.7471185,137.06597900390625,263.0958557128906,2.4345703125,1.0
1773593585.246267,137.40573120117188,263.47137451171875,2.43524169921875,1.0
1773593585.7462215,137.75567626953125,263.8468017578125,2.435577392578125,1.0
1773593586.2488744,138.12315368652344,264.2162170410156,2.43560791015625,1.0
1773593586.7465012,138.4723358154297,264.5453186035156,2.43475341796875,1.0
1773593587.2463365,138.85667419433594,264.8902893066406,2.430877685546875,1.0
1773593587.7463152,139.2383575439453,265.23406982421875,2.42559814453125,1.0
1773593588.2464933,139.61154174804688,265.5640869140625,2.425445556640625,1.0
1773593588.7467716,139.98890686035156,265.88958740234375,2.42694091796875,1.0
1773593589.2462764,140.35888671875,266.1979675292969,2.42718505859375,1.0
1773593589.7462637,140.7374725341797,266.4992370605469,2.42279052734375,1.0
1773593590.2463868,141.10939025878906,266.7832336425781,2.41912841796875,1.0
1773593590.7462711,141.4925537109375,267.06634521484375,2.4189453125,1.0
1773593591.2462676,141.87306213378906,267.3349304199219,2.421844482421875,1.0
1773593591.74648,142.262939453125,267.5999755859375,2.42181396484375,1.0
1773593592.2469032,142.65113830566406,267.85162353515625,2.4232177734375,1.0
1773593592.7466333,143.0436248779297,268.1000061035156,2.42462158203125,1.0
1773593593.2462764,143.43568420410156,268.3337097167969,2.425689697265625,1.0
1773593593.746367,143.83766174316406,268.5743713378906,2.42974853515625,1.0
1773593594.246444,144.22796630859375,268.7998962402344,2.434661865234375,1.0
1773593594.7463055,144.6386260986328,269.0284729003906,2.4368896484375,1.0
1773593595.2463017,145.0597381591797,269.250732421875,2.43927001953125,1.0
1773593595.746472,145.49331665039062,269.4718322753906,2.44122314453125,1.0
1773593596.246614,145.92449951171875,269.6836853027344,2.441192626953125,1.0
1773593596.7464144,146.36090087890625,269.89013671875,2.4427490234375,1.0
1773593597.2463703,146.8056640625,270.0856628417969,2.4437255859375,1.0
1773593597.746378,147.27435302734375,270.2804870605469,2.44708251953125,1.0
1773593598.24728,147.72264099121094,270.47076416015625,2.44744873046875,1.0
1773593598.7463717,148.1838836669922,270.66131591796875,2.4493408203125,1.0
1773593599.246283,148.64254760742188,270.8363952636719,2.449127197265625,1.0
1773593599.7463615,149.11273193359375,271.0167541503906,2.445068359375,1.0
1773593600.246743,149.5871124267578,271.1915283203125,2.443878173828125,1.0
1773593600.7463257,150.06617736816406,271.3556823730469,2.443359375,1.0
1773593601.246311,150.54432678222656,271.49908447265625,2.44390869140625,1.0
1773593601.7462873,151.0444793701172,271.6357421875,2.44384765625,1.0
1773593602.2465994,151.54443359375,271.7633361816406,2.44036865234375,1.0
1773593602.7462635,152.052490234375,271.8816833496094,2.437652587890625,1.0
1773593603.246288,152.5561065673828,271.99920654296875,2.438629150390625,1.0
1773593603.7463348,153.0608673095703,272.1074523925781,2.43890380859375,1.0
1773593604.2466006,153.54641723632812,272.20953369140625,2.44036865234375,1.0
1773593604.7462952,154.04345703125,272.30902099609375,2.441131591796875,1.0
1773593605.2462702,154.52719116210938,272.4042663574219,2.437225341796875,1.0
1773593605.7462652,155.0195770263672,272.4761962890625,2.437347412109375,1.0
1773593606.2471497,155.5073699951172,272.5342102050781,2.439727783203125,1.0
1773593606.7462678,156.00485229492188,272.590576171875,2.440765380859375,1.0
1773593607.2462332,156.50173950195312,272.64117431640625,2.43963623046875,1.0
1773593607.7463,157.0091552734375,272.6871643066406,2.4412841796875,1.0
1773593608.2469115,157.51560974121094,272.7235412597656,2.44256591796875,1.0
1773593608.7461991,158.02159118652344,272.7472229003906,2.442138671875,1.0
1773593609.2462182,158.52130126953125,272.76409912109375,2.446044921875,1.0
1773593609.7462099,159.04083251953125,272.7774658203125,2.449493408203125,1.0
1773593610.2469869,159.5579071044922,272.7677307128906,2.45166015625,1.0
1773593610.7462618,160.08529663085938,272.7547912597656,2.449920654296875,1.0
1773593611.2462583,160.59825134277344,272.72650146484375,2.449371337890625,1.0
1773593611.7461998,161.12376403808594,272.6800842285156,2.44561767578125,1.0
1773593612.2463162,161.63888549804688,272.62884521484375,2.44195556640625,1.0
1773593612.746175,162.15853881835938,272.57257080078125,2.438873291015625,1.0
1773593613.246187,162.67071533203125,272.50762939453125,2.437896728515625,1.0
1773593613.7461557,163.1841278076172,272.4276123046875,2.4373779296875,1.0
1773593614.2472682,163.69192504882812,272.34002685546875,2.438201904296875,1.0
1773593614.7465303,164.16860961914062,272.25787353515625,2.437774658203125,1.0
1773593615.2466664,164.6945037841797,272.16070556640625,2.437103271484375,1.0
1773593615.746293,165.20257568359375,272.0611267089844,2.43719482421875,1.0
1773593616.246704,165.69969177246094,271.9563293457031,2.43719482421875,1.0
1773593616.746819,166.20567321777344,271.85113525390625,2.439483642578125,1.0
1773593617.2462814,166.66766357421875,271.7474060058594,2.44036865234375,1.0
1773593617.7463596,167.15208435058594,271.6268310546875,2.437591552734375,1.0
1773593618.246394,167.61305236816406,271.5058288574219,2.435821533203125,1.0
1773593618.7462957,168.07000732421875,271.3641357421875,2.435760498046875,1.0
1773593619.2462702,168.52203369140625,271.2200012207031,2.4356689453125,1.0
1773593619.7463078,168.978759765625,271.06329345703125,2.438446044921875,1.0
1773593620.246687,169.4231719970703,270.9098205566406,2.441497802734375,1.0
1773593620.7462702,169.87078857421875,270.73675537109375,2.44268798828125,1.0
1773593621.2462683,170.3052978515625,270.5533447265625,2.44610595703125,1.0
1773593621.7462873,170.7478790283203,270.36285400390625,2.44696044921875,1.0
1773593622.2468238,171.1846466064453,270.193603515625,2.44879150390625,1.0
1773593622.746228,171.62521362304688,270.02105712890625,2.449127197265625,1.0
1773593623.2462537,172.0455322265625,269.8273010253906,2.44891357421875,1.0
1773593623.7464223,172.45745849609375,269.6111145019531,2.447509765625,1.0
1773593624.2466252,172.85525512695312,269.4033508300781,2.446075439453125,1.0
1773593624.746267,173.255615234375,269.17425537109375,2.445587158203125,1.0
1773593625.2462707,173.6589813232422,268.93536376953125,2.443878173828125,1.0
1773593625.7463427,174.07650756835938,268.6797790527344,2.44525146484375,1.0
1773593626.2467394,174.4811248779297,268.4236755371094,2.441375732421875,1.0
1773593626.7462738,174.8942413330078,268.1627197265625,2.437591552734375,1.0
1773593627.2462804,175.2987823486328,267.9151916503906,2.435638427734375,1.0
1773593627.7463295,175.71031188964844,267.65692138671875,2.4334716796875,1.0
1773593628.2467062,176.11083984375,267.3850402832031,2.43231201171875,1.0
1773593628.7463014,176.51123046875,267.0911865234375,2.43585205078125,1.0
1773593629.2462711,176.91192626953125,266.7994689941406,2.432891845703125,1.0
1773593629.746235,177.30880737304688,266.491943359375,2.429168701171875,1.0
1773593630.24656,177.6951446533203,266.1873474121094,2.428253173828125,1.0
1773593630.7462316,178.08518981933594,265.8761291503906,2.42767333984375,1.0
1773593631.2463245,178.4752197265625,265.5530700683594,2.428497314453125,1.0
1773593631.7462702,178.86221313476562,265.2227478027344,2.427337646484375,1.0
1773593632.2467728,179.2484893798828,264.89239501953125,2.429595947265625,1.0
1773593632.74629,179.64175415039062,264.5458068847656,2.42779541015625,1.0
1773593633.2462933,180.0162353515625,264.19293212890625,2.428436279296875,1.0
1773593633.7463732,180.3932342529297,263.8299560546875,2.428924560546875,1.0
1773593634.2465723,180.7567596435547,263.45611572265625,2.429168701171875,1.0
1773593634.7462027,181.11837768554688,263.0758361816406,2.430206298828125,1.0
1773593635.2462564,181.47300720214844,262.6900939941406,2.432281494140625,1.0
1773593635.7463987,181.82327270507812,262.28887939453125,2.434112548828125,1.0
1773593636.2477586,182.15834045410156,261.8808288574219,2.43377685546875,1.0
1773593636.7462008,182.4879913330078,261.4729919433594,2.436492919921875,1.0
1773593637.2462685,182.81011962890625,261.0812683105469,2.4368896484375,1.0
1773593637.7461932,183.13845825195312,260.68475341796875,2.439117431640625,1.0
1773593638.2469223,183.46340942382812,260.2803039550781,2.438018798828125,1.0
1773593638.746432,183.77223205566406,259.84979248046875,2.435791015625,1.0
1773593639.2462149,184.05218505859375,259.4200134277344,2.43463134765625,1.0
1773593639.7464705,184.3046112060547,259.00885009765625,2.43408203125,1.0
1773593640.2465894,184.56214904785156,258.5686340332031,2.43304443359375,1.0
1773593640.7463255,184.8287811279297,258.1283264160156,2.430389404296875,1.0
1773593641.2463775,185.0993194580078,257.6712341308594,2.428131103515625,1.0
1773593641.7462018,185.3397216796875,257.23101806640625,2.4261474609375,1.0
1773593642.2465613,185.55770874023438,256.8287048339844,2.425933837890625,1.0
1773593642.7464132,185.78057861328125,256.3916931152344,2.427001953125,1.0
1773593643.2463708,185.99331665039062,255.96011352539062,2.427642822265625,1.0
1773593643.7463295,186.20274353027344,255.51055908203125,2.429229736328125,1.0
1773593644.2465816,186.4144744873047,255.0562286376953,2.427978515625,1.0
1773593644.7462764,186.6232147216797,254.5907745361328,2.427276611328125,1.0
1773593645.2462778,186.831787109375,254.13949584960938,2.427337646484375,1.0
1773593645.7462893,187.04010009765625,253.67764282226562,2.424468994140625,1.0
1773593646.2471101,187.24148559570312,253.21878051757812,2.424041748046875,1.0
1773593646.7464838,187.4312744140625,252.74557495117188,2.42236328125,1.0
1773593647.2462752,187.60301208496094,252.28089904785156,2.426116943359375,1.0
1773593647.7462676,187.76153564453125,251.80372619628906,2.431610107421875,1.0
1773593648.246585,187.90794372558594,251.33224487304688,2.436370849609375,1.0
1773593648.746408,188.0444793701172,250.85105895996094,2.439605712890625,1.0
1773593649.2462833,188.15646362304688,250.3765106201172,2.440032958984375,1.0
1773593649.7462778,188.25856018066406,249.88815307617188,2.441864013671875,1.0
1773593650.2465336,188.35507202148438,249.41017150878906,2.447723388671875,1.0
1773593650.7462945,188.44935607910156,248.9246826171875,2.447723388671875,1.0
1773593651.2464743,188.54898071289062,248.4454803466797,2.446136474609375,1.0
1773593651.7472894,188.6411895751953,247.96714782714844,2.445343017578125,1.0
1773593652.2464845,188.72251892089844,247.5095977783203,2.4439697265625,1.0
1773593652.7464795,188.79098510742188,247.01947021484375,2.4444580078125,1.0
1773593653.2462883,188.8474578857422,246.54083251953125,2.4437255859375,1.0
1773593653.7462947,188.88681030273438,246.06088256835938,2.441864013671875,1.0
1773593654.246464,188.93031311035156,245.5990447998047,2.440887451171875,1.0
1773593654.7462866,188.97195434570312,245.1207275390625,2.44140625,1.0
1773593655.2463975,189.0086669921875,244.64837646484375,2.44085693359375,1.0
1773593655.7462585,189.04612731933594,244.1794891357422,2.4383544921875,1.0
1773593656.2467847,189.07044982910156,243.70321655273438,2.436614990234375,1.0
1773593656.7462683,189.08749389648438,243.21762084960938,2.43707275390625,1.0
1773593657.2463043,189.09661865234375,242.74295043945312,2.439605712890625,1.0
1773593657.7462728,189.1003875732422,242.26333618164062,2.441131591796875,1.0
1773593658.2466607,189.09523010253906,241.78460693359375,2.44158935546875,1.0
1773593658.7462482,189.07839965820312,241.29559326171875,2.4432373046875,1.0
1773593659.24625,189.04486083984375,240.82017517089844,2.446990966796875,1.0
1773593659.7462847,189.00454711914062,240.3416290283203,2.447540283203125,1.0
1773593660.246438,188.9623565673828,239.87535095214844,2.44775390625,1.0
1773593660.7463078,188.9145050048828,239.4234619140625,2.449432373046875,1.0
1773593661.2468204,188.8573760986328,238.94851684570312,2.447906494140625,1.0
1773593661.7463586,188.78207397460938,238.44053649902344,2.447296142578125,1.0
1773593662.2466595,188.70738220214844,238.0023193359375,2.44586181640625,1.0
1773593662.7486107,188.62026977539062,237.51124572753906,2.4425048828125,1.0
1773593663.2463453,188.54708862304688,237.07711791992188,2.439361572265625,1.0
1773593663.7461565,188.46942138671875,236.57296752929688,2.4381103515625,1.0
1773593664.2465754,188.40065002441406,236.1443328857422,2.439361572265625,1.0
1773593664.747236,188.29617309570312,235.68063354492188,2.44091796875,1.0
1773593665.2462528,188.16380310058594,235.20675659179688,2.439727783203125,1.0
1773593665.7462797,188.0264129638672,234.72816467285156,2.43719482421875,1.0
1773593666.2464826,187.88526916503906,234.23719787597656,2.436737060546875,1.0
1773593666.746279,187.7470703125,233.7552947998047,2.4366455078125,1.0
1773593667.2464466,187.60011291503906,233.2611083984375,2.436004638671875,1.0
1773593667.746256,187.44537353515625,232.76902770996094,2.437255859375,1.0
1773593668.246565,187.27903747558594,232.26492309570312,2.435089111328125,1.0
1773593668.7466197,187.09642028808594,231.73477172851562,2.434967041015625,1.0
1773593669.246285,186.9210968017578,231.2837677001953,2.434967041015625,1.0
1773593669.7462635,186.71823120117188,230.8169403076172,2.435302734375,1.0
1773593670.2466316,186.50425720214844,230.35736083984375,2.437713623046875,1.0
1773593670.7462623,186.2821044921875,229.90428161621094,2.4366455078125,1.0
1773593671.2463007,186.05023193359375,229.44497680664062,2.4366455078125,1.0
1773593671.7463524,185.82611083984375,228.9937744140625,2.438446044921875,1.0
1773593672.2467008,185.5933380126953,228.53955078125,2.43896484375,1.0
1773593672.746516,185.3545379638672,228.0954132080078,2.43890380859375,1.0
1773593673.2467775,185.10496520996094,227.65469360351562,2.4390869140625,1.0
1773593673.7462852,184.8540496826172,227.23040771484375,2.437164306640625,1.0
1773593674.2472255,184.59295654296875,226.8040313720703,2.435211181640625,1.0
1773593674.7462192,184.329345703125,226.38949584960938,2.434600830078125,1.0
1773593675.2462156,184.0586395263672,225.96995544433594,2.43695068359375,1.0
1773593675.7470436,183.78475952148438,225.57423400878906,2.4384765625,1.0
1773593676.2466385,183.499267578125,225.1795196533203,2.43963623046875,1.0
1773593676.7484,183.20973205566406,224.79864501953125,2.44207763671875,1.0
1773593677.2461903,182.9061279296875,224.3979949951172,2.442657470703125,1.0
1773593677.7462642,182.5862579345703,224.00042724609375,2.440521240234375,1.0
1773593678.2465298,182.25379943847656,223.60252380371094,2.443145751953125,1.0
1773593678.7462685,181.91722106933594,223.21804809570312,2.442138671875,1.0
1773593679.2462656,181.5594024658203,222.82716369628906,2.44219970703125,1.0
1773593679.7463675,181.20591735839844,222.4476776123047,2.441070556640625,1.0
1773593680.2466974,180.8477020263672,222.0786590576172,2.4400634765625,1.0
1773593680.7462897,180.49432373046875,221.70960998535156,2.437713623046875,1.0
1773593681.2462294,180.13424682617188,221.335205078125,2.4384765625,1.0
1773593681.746259,179.77589416503906,220.9739227294922,2.43841552734375,1.0
1773593682.2464588,179.39866638183594,220.60726928710938,2.437164306640625,1.0
1773593682.7462385,179.02334594726562,220.25326538085938,2.4381103515625,1.0
1773593683.2463324,178.6312255859375,219.902099609375,2.4375,1.0
1773593683.7461932,178.2364959716797,219.57217407226562,2.4422607421875,1.0
1773593684.247035,177.82595825195312,219.24464416503906,2.43902587890625,1.0
1773593684.7462943,177.41041564941406,218.9231719970703,2.434478759765625,1.0
1773593685.2462084,176.9894561767578,218.6107635498047,2.4364013671875,1.0
1773593685.7463636,176.58758544921875,218.3251190185547,2.437744140625,1.0
1773593686.2489069,176.12234497070312,217.9844512939453,2.439300537109375,1.0
1773593686.7461545,175.69313049316406,217.67010498046875,2.44171142578125,1.0
1773593687.2465115,175.2537841796875,217.36692810058594,2.44085693359375,1.0
1773593687.7463474,174.83969116210938,217.0831756591797,2.44091796875,1.0
1773593688.2467382,174.38487243652344,216.78866577148438,2.442535400390625,1.0
1773593688.7463937,173.90762329101562,216.5039520263672,2.442626953125,1.0
1773593689.2463005,173.48434448242188,216.26429748535156,2.440765380859375,1.0
1773593689.7462862,173.030029296875,216.02688598632812,2.44390869140625,1.0
1773593690.2464721,172.5651397705078,215.79078674316406,2.445068359375,1.0
1773593690.7462628,172.10777282714844,215.5706024169922,2.44219970703125,1.0
1773593691.2462912,171.64871215820312,215.34848022460938,2.43896484375,1.0
1773593691.74627,171.19973754882812,215.13735961914062,2.437957763671875,1.0
1773593692.2469487,170.73081970214844,214.9478759765625,2.434600830078125,1.0
1773593692.7464285,170.2554168701172,214.77110290527344,2.42987060546875,1.0
1773593693.2462683,169.7711944580078,214.59564208984375,2.429718017578125,1.0
1773593693.7462313,169.30079650878906,214.43008422851562,2.4329833984375,1.0
1773593694.246606,168.82009887695312,214.2693634033203,2.432769775390625,1.0
1773593694.746319,168.34706115722656,214.11434936523438,2.43212890625,1.0
1773593695.2462592,167.8653564453125,213.9617156982422,2.430206298828125,1.0
1773593695.7462807,167.3866729736328,213.81629943847656,2.426422119140625,1.0
1773593696.2477179,166.89720153808594,213.67433166503906,2.42608642578125,1.0
1773593696.7462895,166.41355895996094,213.53822326660156,2.42388916015625,1.0
1773593697.246281,165.92189025878906,213.4049072265625,2.421478271484375,1.0
1773593697.7462733,165.4387664794922,213.2863006591797,2.42254638671875,1.0
1773593698.2463574,164.94554138183594,213.1795654296875,2.41986083984375,1.0
1773593698.746304,164.4529571533203,213.07662963867188,2.418121337890625,1.0
1773593699.2462502,163.9528045654297,212.9844207763672,2.4200439453125,1.0
1773593699.7463005,163.4507293701172,212.90939331054688,2.42266845703125,1.0
1773593700.2469635,162.94003295898438,212.85824584960938,2.42547607421875,1.0
1773593700.7463412,162.43649291992188,212.8225555419922,2.42626953125,1.0
1773593701.2462687,161.94915771484375,212.7823028564453,2.428466796875,1.0
1773593701.7463934,161.47299194335938,212.74520874023438,2.430816650390625,1.0
1773593702.247209,160.9886016845703,212.7075958251953,2.430206298828125,1.0
1773593702.7462862,160.49978637695312,212.67881774902344,2.431243896484375,1.0
1773593703.2462945,160.0018768310547,212.6601104736328,2.428070068359375,1.0
1773593703.7463312,159.50929260253906,212.6318817138672,2.425048828125,1.0
1773593704.2468672,159.00173950195312,212.61695861816406,2.42449951171875,1.0
1773593704.7463021,158.5038299560547,212.61953735351562,2.425262451171875,1.0
1773593705.2463198,157.9986114501953,212.63868713378906,2.425811767578125,1.0
1773593705.746284,157.49978637695312,212.65464782714844,2.425018310546875,1.0
1773593706.2464032,156.98876953125,212.69044494628906,2.425506591796875,1.0
1773593706.7462592,156.4871063232422,212.73719787597656,2.4237060546875,1.0
1773593707.2463048,155.9794158935547,212.79257202148438,2.422943115234375,1.0
1773593707.7463384,155.47329711914062,212.85406494140625,2.422607421875,1.0
1773593708.2471867,154.96209716796875,212.9259796142578,2.422393798828125,1.0
1773593708.7467265,154.3180389404297,212.8683624267578,2.450103759765625,1.0
1773593709.2461982,153.17649841308594,212.45889282226562,2.474334716796875,1.0
1773593709.7462013,151.46994018554688,211.6866455078125,2.461395263671875,1.0
1773593710.2464812,149.375732421875,210.59271240234375,2.420684814453125,1.0
1773593710.7466784,147.2432861328125,209.4671173095703,2.403564453125,1.0
1773593711.2463415,145.08331298828125,208.34918212890625,2.397918701171875,1.0
1773593711.746391,142.93211364746094,207.2793731689453,2.399169921875,1.0
1773593712.2468534,140.92205810546875,206.29776000976562,2.401641845703125,1.0
1773593712.7461739,138.60443115234375,205.1728973388672,2.404449462890625,1.0
1773593713.2462468,136.57228088378906,204.20455932617188,2.40814208984375,1.0
1773593713.7466466,134.21546936035156,203.07862854003906,2.41302490234375,1.0
1773593714.2477953,131.99256896972656,202.01382446289062,2.41485595703125,1.0
1773593714.7463267,129.96270751953125,201.02322387695312,2.42144775390625,1.0
1773593715.246293,127.79454040527344,199.94952392578125,2.423492431640625,1.0
1773593715.7462695,125.58366394042969,198.83758544921875,2.42059326171875,1.0
1773593716.24633,123.42039489746094,197.737060546875,2.41790771484375,1.0
1773593716.7462604,121.2228012084961,196.62269592285156,2.41552734375,1.0
1773593717.246361,119.04694366455078,195.53294372558594,2.41363525390625,1.0
1773593717.7463467,116.8373794555664,194.4187774658203,2.413787841796875,1.0
1773593718.2467763,114.65422058105469,193.31973266601562,2.416015625,1.0
1773593718.7462916,112.43008422851562,192.20281982421875,2.418304443359375,1.0
1773593719.24643,110.2408676147461,191.10047912597656,2.418212890625,1.0
1773593719.7462835,108.0161361694336,189.9765167236328,2.42449951171875,1.0
1773593720.2469537,105.81953430175781,188.87327575683594,2.432769775390625,1.0
1773593720.746327,103.58598327636719,187.75106811523438,2.43731689453125,1.0
1773593721.2462826,101.38447570800781,186.6533966064453,2.441162109375,1.0
1773593721.7462325,99.1197509765625,185.53396606445312,2.44403076171875,1.0
1773593722.247455,96.85383605957031,184.4181671142578,2.445556640625,1.0
1773593722.7462692,94.62293243408203,183.32789611816406,2.446044921875,1.0
1773593723.2463603,92.3959732055664,182.23045349121094,2.443695068359375,1.0
1773593723.7462673,90.13471221923828,181.10903930664062,2.4429931640625,1.0
1773593724.2466254,87.91146850585938,179.9984130859375,2.442962646484375,1.0
1773593724.746261,85.65229034423828,178.86534118652344,2.442901611328125,1.0
1773593725.2462578,83.43817901611328,177.74658203125,2.4437255859375,1.0
1773593725.7464507,81.19585418701172,176.61253356933594,2.4439697265625,1.0
1773593726.2465432,78.98155975341797,175.4982452392578,2.44451904296875,1.0
1773593726.7462676,76.73127746582031,174.36436462402344,2.4478759765625,1.0
1773593727.246306,74.51036071777344,173.2507781982422,2.448577880859375,1.0
1773593727.746298,72.24531555175781,172.12014770507812,2.44854736328125,1.0
1773593728.2467482,70.0151138305664,171.00445556640625,2.44769287109375,1.0
1773593728.7462604,67.74958038330078,169.86795043945312,2.443084716796875,1.0
1773593729.24626,65.52662658691406,168.7488250732422,2.4410400390625,1.0
1773593729.7462528,63.27402114868164,167.6085205078125,2.442352294921875,1.0
1773593730.2464397,61.0488395690918,166.4910125732422,2.442901611328125,1.0
1773593730.7462783,58.795318603515625,165.36459350585938,2.444976806640625,1.0
1773593731.2462378,56.569515228271484,164.26373291015625,2.4434814453125,1.0
1773593731.746256,54.29731369018555,163.14280700683594,2.44378662109375,1.0
1773593732.2463512,52.05949783325195,162.03314208984375,2.443145751953125,1.0
1773593732.7462764,49.79707336425781,160.9129638671875,2.443206787109375,1.0
1773593733.2462246,47.5741081237793,159.80638122558594,2.44305419921875,1.0
1773593733.7462618,45.3132209777832,158.68544006347656,2.443878173828125,1.0
1773593734.2464461,43.08009338378906,157.5822296142578,2.442626953125,1.0
1773593734.7465456,40.81145477294922,156.47386169433594,2.442138671875,1.0
1773593735.2462232,38.59418869018555,155.38694763183594,2.44171142578125,1.0
1773593735.7463095,36.359310150146484,154.2858123779297,2.44000244140625,1.0
1773593736.2470558,34.15725326538086,153.20303344726562,2.439697265625,1.0
1773593736.7463112,31.912586212158203,152.0966339111328,2.439422607421875,1.0
1773593737.2462392,29.704679489135742,151.0018310546875,2.442138671875,1.0
1773593737.7462544,27.435791015625,149.8876190185547,2.443450927734375,1.0
1773593738.2465482,25.201763153076172,148.77967834472656,2.445159912109375,1.0
1773593738.7462153,22.939266204833984,147.63742065429688,2.44390869140625,1.0
1773593739.246279,20.7153377532959,146.50906372070312,2.441802978515625,1.0
1773593739.7461424,18.442604064941406,145.37245178222656,2.4381103515625,1.0
1773593740.2475495,16.220672607421875,144.2588653564453,2.4346923828125,1.0
1773593740.74633,14.118390083312988,143.20404052734375,2.43389892578125,1.0
1773593741.2461581,11.770770072937012,142.02996826171875,2.432830810546875,1.0
1773593741.7462385,9.530394554138184,140.91079711914062,2.43218994140625,1.0
1773593742.2467065,7.458205699920654,139.8751220703125,2.43017578125,1.0
1773593742.7463393,5.206208229064941,138.74339294433594,2.432098388671875,1.0
1773593743.246271,2.99690580368042,137.6371307373047,2.431671142578125,1.0
1773593743.7463002,0.7455384731292725,136.51821899414062,2.4356689453125,1.0
1773593744.2462955,-1.4685585498809814,135.4297332763672,2.43914794921875,1.0
1773593744.7464898,-3.7189927101135254,134.31687927246094,2.438812255859375,1.0
1773593745.2462661,-5.9392781257629395,133.2122039794922,2.439605712890625,1.0
1773593745.7462788,-8.192347526550293,132.08392333984375,2.441253662109375,1.0
1773593746.2463074,-10.419100761413574,130.969970703125,2.442596435546875,1.0
1773593746.7462637,-12.676545143127441,129.84262084960938,2.443389892578125,1.0
1773593747.2462904,-14.883859634399414,128.73577880859375,2.44635009765625,1.0
1773593747.7462592,-17.124618530273438,127.60437774658203,2.452056884765625,1.0
1773593748.2463868,-19.32746124267578,126.48673248291016,2.45343017578125,1.0
1773593748.7462685,-21.566003799438477,125.35641479492188,2.452545166015625,1.0
1773593749.2462847,-23.776437759399414,124.24425506591797,2.453460693359375,1.0
1773593749.7462676,-26.01382827758789,123.12429809570312,2.453643798828125,1.0
1773593750.2466927,-28.225709915161133,122.01952362060547,2.45159912109375,1.0
1773593750.7462826,-30.488149642944336,120.89859008789062,2.452606201171875,1.0
1773593751.2462792,-32.723731994628906,119.792236328125,2.450408935546875,1.0
1773593751.7462637,-34.993247985839844,118.66018676757812,2.4508056640625,1.0
1773593752.246539,-37.22617721557617,117.54747772216797,2.452423095703125,1.0
1773593752.7463636,-39.48456573486328,116.41439056396484,2.452178955078125,1.0
1773593753.2463784,-41.70421600341797,115.29365539550781,2.45147705078125,1.0
1773593753.746306,-43.96303939819336,114.16600036621094,2.4530029296875,1.0
1773593754.2470162,-46.18510818481445,113.05857849121094,2.451995849609375,1.0
1773593754.74628,-48.4406623840332,111.9342269897461,2.451416015625,1.0
1773593755.2463322,-50.6660041809082,110.81981658935547,2.452606201171875,1.0
1773593755.7463405,-52.91700744628906,109.69637298583984,2.45391845703125,1.0
1773593756.2469964,-55.13142395019531,108.59226989746094,2.455718994140625,1.0
1773593756.7462792,-57.384586334228516,107.47297668457031,2.4573974609375,1.0
1773593757.2465627,-59.602718353271484,106.37261199951172,2.45477294921875,1.0
1773593757.7477386,-61.86159133911133,105.24801635742188,2.453582763671875,1.0
1773593758.2464738,-64.09114074707031,104.1418685913086,2.4559326171875,1.0
1773593758.7462761,-66.35096740722656,103.0211410522461,2.4544677734375,1.0
1773593759.246347,-68.56627655029297,101.91151428222656,2.45074462890625,1.0
1773593759.7462356,-70.80683898925781,100.78101348876953,2.450469970703125,1.0
1773593760.2466664,-73.02806091308594,99.67097473144531,2.45623779296875,1.0
1773593760.7461994,-75.29879760742188,98.53843688964844,2.457122802734375,1.0
1773593761.2462223,-77.53611755371094,97.43376922607422,2.453887939453125,1.0
1773593761.7465026,-79.7942123413086,96.33439636230469,2.450958251953125,1.0
1773593762.247584,-82.00247192382812,95.25405883789062,2.45233154296875,1.0
1773593762.746378,-84.24046325683594,94.14743041992188,2.4549560546875,1.0
1773593763.2465959,-86.45439910888672,93.0568618774414,2.457733154296875,1.0
1773593763.7462025,-88.71256256103516,91.9400634765625,2.4552001953125,1.0
1773593764.2463284,-90.95197296142578,90.84258270263672,2.452362060546875,1.0
1773593764.7462587,-93.2201919555664,89.72383880615234,2.44775390625,1.0
1773593765.2463458,-95.43961334228516,88.61051177978516,2.44488525390625,1.0
1773593765.7462814,-97.54837799072266,87.55223083496094,2.44366455078125,1.0
1773593766.246473,-99.7807846069336,86.45065307617188,2.44293212890625,1.0
1773593766.7462616,-102.0517349243164,85.32261657714844,2.439361572265625,1.0
1773593767.2462687,-104.279296875,84.21107482910156,2.4376220703125,1.0
1773593767.7463996,-106.53258514404297,83.09139251708984,2.4354248046875,1.0
1773593768.2467563,-108.6233901977539,82.04322052001953,2.431915283203125,1.0
1773593768.7462595,-110.42648315429688,81.12535858154297,2.4302978515625,1.0
1773593769.2462447,-111.84605407714844,80.4098892211914,2.42755126953125,1.0
1773593769.7462802,-112.93919372558594,79.87935638427734,2.42596435546875,1.0
1773593770.2464633,-113.73207092285156,79.50794219970703,2.43585205078125,1.0
1773593770.746259,-114.41885375976562,79.09724426269531,2.449188232421875,1.0
1773593771.2462907,-114.95805358886719,78.53263854980469,2.441070556640625,1.0
1773593771.7463183,-115.25572204589844,77.9439468383789,2.43865966796875,1.0
1773593772.2464306,-115.27565002441406,77.42546844482422,2.434295654296875,1.0
1773593772.746218,-115.0843734741211,76.9683609008789,2.42987060546875,1.0
1773593773.2462864,-114.77446746826172,76.54776000976562,2.426300048828125,1.0
1773593773.7462692,-114.41522216796875,76.14007568359375,2.422332763671875,1.0
1773593774.2470477,-114.07325744628906,75.72518157958984,2.416595458984375,1.0
1773593774.7462447,-113.78876495361328,75.28092193603516,2.410858154296875,1.0
1773593775.2462556,-113.56385040283203,74.83151245117188,2.40972900390625,1.0
1773593775.7463002,-113.3899154663086,74.35514068603516,2.4114990234375,1.0
1773593776.2466211,-113.25029754638672,73.87802124023438,2.40997314453125,1.0
1773593776.7464879,-113.141357421875,73.37303924560547,2.409271240234375,1.0
1773593777.246285,-113.04033660888672,72.8768081665039,2.4085693359375,1.0
1773593777.7462342,-112.93489074707031,72.36998748779297,2.41033935546875,1.0
1773593778.2463205,-112.82804107666016,71.87467193603516,2.411163330078125,1.0
1773593778.7462492,-112.71574401855469,71.36947631835938,2.410552978515625,1.0
1773593779.246253,-112.60010528564453,70.87551879882812,2.410614013671875,1.0
1773593779.7462838,-112.49552154541016,70.37458801269531,2.408782958984375,1.0
1773593780.2463415,-112.40202331542969,69.87430572509766,2.408538818359375,1.0
1773593780.7462807,-112.32262420654297,69.35040283203125,2.4130859375,1.0
1773593781.2465966,-112.25735473632812,68.82642364501953,2.416748046875,1.0
1773593781.7462745,-112.19803619384766,68.2948226928711,2.41729736328125,1.0
1773593782.246411,-112.15459442138672,67.76451110839844,2.4222412109375,1.0
1773593782.7463279,-112.12393951416016,67.22850799560547,2.424346923828125,1.0
1773593783.246439,-112.10120391845703,66.71479034423828,2.425628662109375,1.0
1773593783.7463038,-112.0831527709961,66.20079803466797,2.42779541015625,1.0
1773593784.2470279,-112.0753402709961,65.7008056640625,2.42681884765625,1.0
1773593784.7466352,-112.07901763916016,65.17704010009766,2.4278564453125,1.0
1773593785.246243,-112.09049224853516,64.663818359375,2.425811767578125,1.0
1773593785.7462313,-112.11186218261719,64.14649963378906,2.42333984375,1.0
1773593786.248561,-112.14209747314453,63.6370735168457,2.42144775390625,1.0
1773593786.7462018,-112.1774673461914,63.119754791259766,2.418853759765625,1.0
1773593787.2462862,-112.20636749267578,62.610618591308594,2.4207763671875,1.0
1773593787.7463224,-112.2444076538086,62.08989715576172,2.42486572265625,1.0
1773593788.2464406,-112.29181671142578,61.563941955566406,2.42791748046875,1.0
1773593788.7467005,-112.341796875,61.034942626953125,2.427032470703125,1.0
1773593789.2462516,-112.40819549560547,60.52224349975586,2.42901611328125,1.0
1773593789.7462418,-112.4827651977539,60.010108947753906,2.43115234375,1.0
1773593790.246409,-112.56718444824219,59.491912841796875,2.428619384765625,1.0
1773593790.746187,-112.6653060913086,58.97127914428711,2.4295654296875,1.0
1773593791.246237,-112.77948760986328,58.464080810546875,2.43133544921875,1.0
1773593791.7462652,-112.9139404296875,57.954345703125,2.4307861328125,1.0
1773593792.2468395,-113.04669189453125,57.45120620727539,2.429443359375,1.0
1773593792.746222,-113.18858337402344,56.952728271484375,2.42840576171875,1.0
1773593793.2461994,-113.33235168457031,56.46714401245117,2.429351806640625,1.0
1773593793.7462,-113.48136138916016,55.973575592041016,2.430877685546875,1.0
1773593794.2464154,-113.62576293945312,55.52145004272461,2.433349609375,1.0
1773593794.7465637,-113.78172302246094,55.04039764404297,2.437744140625,1.0
1773593795.2462797,-113.95337677001953,54.564029693603516,2.4378662109375,1.0
1773593795.7464466,-114.1407470703125,54.1225700378418,2.438751220703125,1.0
1773593796.2468266,-114.33583068847656,53.677825927734375,2.4405517578125,1.0
1773593796.7462723,-114.53193664550781,53.23074722290039,2.444488525390625,1.0
1773593797.2462237,-114.74092102050781,52.78479766845703,2.44378662109375,1.0
1773593797.7462966,-114.95459747314453,52.35620880126953,2.4432373046875,1.0
1773593798.2465613,-115.1761703491211,51.91659927368164,2.44122314453125,1.0
1773593798.7462623,-115.40692138671875,51.48298263549805,2.4384765625,1.0
1773593799.2463276,-115.65322875976562,51.043617248535156,2.436126708984375,1.0
1773593799.746304,-115.90582275390625,50.6066780090332,2.433685302734375,1.0
1773593800.2469747,-116.16609191894531,50.16954803466797,2.4310302734375,1.0
1773593800.7462406,-116.42741394042969,49.741607666015625,2.4329833984375,1.0
1773593801.2462778,-116.69558715820312,49.30617141723633,2.4312744140625,1.0
1773593801.7462828,-116.96864318847656,48.88266372680664,2.431427001953125,1.0
1773593802.2468438,-117.25987243652344,48.44808578491211,2.43267822265625,1.0
1773593802.7464707,-117.5451889038086,48.030269622802734,2.430877685546875,1.0
1773593803.2462268,-117.84178924560547,47.61830520629883,2.42620849609375,1.0
1773593803.7462995,-118.13754272460938,47.22006607055664,2.424652099609375,1.0
1773593804.246784,-118.43782806396484,46.809879302978516,2.4261474609375,1.0
1773593804.746329,-118.73717498779297,46.41533279418945,2.428924560546875,1.0
1773593805.2462904,-119.0536117553711,46.0225715637207,2.429168701171875,1.0
1773593805.7463171,-119.37708282470703,45.641571044921875,2.4296875,1.0
1773593806.2473452,-119.71064758300781,45.279685974121094,2.428985595703125,1.0
1773593806.7462363,-120.03829956054688,44.926536560058594,2.426025390625,1.0
1773593807.2462635,-120.3756332397461,44.56609344482422,2.4248046875,1.0
1773593807.7462733,-120.72299194335938,44.216800689697266,2.424163818359375,1.0
1773593808.2464712,-121.08143615722656,43.859683990478516,2.425537109375,1.0
1773593808.7462833,-121.43733215332031,43.50142288208008,2.426300048828125,1.0
1773593809.2462358,-121.80414581298828,43.13998794555664,2.424835205078125,1.0
1773593809.7462835,-122.16441345214844,42.79561996459961,2.42352294921875,1.0
1773593810.2467275,-122.54559326171875,42.462158203125,2.42132568359375,1.0
1773593810.746295,-122.93377685546875,42.1424560546875,2.420989990234375,1.0
1773593811.2464566,-123.33570861816406,41.823184967041016,2.423431396484375,1.0
1773593811.746282,-123.72991943359375,41.51089859008789,2.4239501953125,1.0
1773593812.2464087,-124.1272964477539,41.20833206176758,2.420745849609375,1.0
1773593812.746289,-124.51237487792969,40.91809844970703,2.41595458984375,1.0
1773593813.246277,-124.90615844726562,40.631866455078125,2.416748046875,1.0
1773593813.7462795,-125.30807495117188,40.354793548583984,2.417388916015625,1.0
1773593814.24624,-125.73474884033203,40.08605194091797,2.41656494140625,1.0
1773593814.7476354,-126.15673065185547,39.825645446777344,2.41595458984375,1.0
1773593815.2461956,-126.594970703125,39.55657958984375,2.416351318359375,1.0
1773593815.7462413,-127.03117370605469,39.289642333984375,2.41864013671875,1.0
1773593816.2463393,-127.48279571533203,39.020751953125,2.41796875,1.0
1773593816.7468193,-127.93701171875,38.75226593017578,2.421142578125,1.0
1773593817.2463608,-128.39830017089844,38.49150848388672,2.425567626953125,1.0
1773593817.7464345,-128.85629272460938,38.25032043457031,2.4273681640625,1.0
1773593818.2474985,-129.32301330566406,38.016456604003906,2.428985595703125,1.0
1773593818.7463946,-129.77871704101562,37.8080940246582,2.43157958984375,1.0
1773593819.2462866,-130.2418212890625,37.61674118041992,2.430694580078125,1.0
1773593819.7462718,-130.6995086669922,37.44001388549805,2.429290771484375,1.0
1773593820.2470481,-131.1440887451172,37.26872253417969,2.4288330078125,1.0
1773593820.7465067,-131.63018798828125,37.07759475708008,2.42840576171875,1.0
1773593821.246415,-132.10174560546875,36.906681060791016,2.430389404296875,1.0
1773593821.74637,-132.571044921875,36.76111602783203,2.43243408203125,1.0
1773593822.2465343,-133.0108642578125,36.632816314697266,2.43389892578125,1.0
1773593822.7465863,-133.5068359375,36.4874153137207,2.432647705078125,1.0
1773593823.2462606,-133.94541931152344,36.36140060424805,2.4310302734375,1.0
1773593823.746351,-134.4010772705078,36.233699798583984,2.433990478515625,1.0
1773593824.2466586,-134.86746215820312,36.11374282836914,2.439300537109375,1.0
1773593824.7462933,-135.3125,35.991310119628906,2.438201904296875,1.0
1773593825.246354,-135.75775146484375,35.880367279052734,2.43646240234375,1.0
1773593825.7464519,-136.20420837402344,35.78782653808594,2.43896484375,1.0
1773593826.2464304,-136.64346313476562,35.70335006713867,2.438629150390625,1.0
1773593826.746233,-137.09066772460938,35.63064193725586,2.438690185546875,1.0
1773593827.2462974,-137.56483459472656,35.56221008300781,2.438873291015625,1.0
1773593827.7463124,-138.03501892089844,35.488765716552734,2.44140625,1.0
1773593828.246457,-138.51344299316406,35.42332077026367,2.442291259765625,1.0
1773593828.746292,-138.98997497558594,35.368629455566406,2.441497802734375,1.0
1773593829.2464225,-139.48573303222656,35.33304214477539,2.4403076171875,1.0
1773593829.7463162,-139.97177124023438,35.3077392578125,2.43817138671875,1.0
1773593830.2475948,-140.46023559570312,35.2874870300293,2.43682861328125,1.0
1773593830.7463245,-140.9510040283203,35.26972198486328,2.435302734375,1.0
1773593831.246276,-141.4334716796875,35.25764083862305,2.433746337890625,1.0
1773593831.746344,-141.9120330810547,35.24882888793945,2.42803955078125,1.0
1773593832.2473145,-142.39712524414062,35.24485397338867,2.426727294921875,1.0
1773593832.7462742,-142.8785400390625,35.24641036987305,2.426910400390625,1.0
1773593833.2462902,-143.35914611816406,35.25623321533203,2.425537109375,1.0
1773593833.7462344,-143.8445281982422,35.28570556640625,2.42413330078125,1.0
1773593834.2464213,-144.33285522460938,35.33420944213867,2.422760009765625,1.0
1773593834.7463143,-144.79661560058594,35.38719940185547,2.422454833984375,1.0
1773593835.2462878,-145.2732391357422,35.43894577026367,2.42047119140625,1.0
1773593835.7462945,-145.74398803710938,35.49087905883789,2.419586181640625,1.0
1773593836.246618,-146.22842407226562,35.551448822021484,2.41650390625,1.0
1773593836.7464607,-146.7058563232422,35.62100601196289,2.41796875,1.0
1773593837.2466607,-147.1809844970703,35.69760513305664,2.421722412109375,1.0
1773593837.7463148,-147.65086364746094,35.781341552734375,2.4228515625,1.0
1773593838.2463076,-148.13113403320312,35.876373291015625,2.425445556640625,1.0
1773593838.7463143,-148.61309814453125,35.984561920166016,2.428070068359375,1.0
1773593839.246356,-149.10421752929688,36.11295700073242,2.4300537109375,1.0
1773593839.7462723,-149.57394409179688,36.2382698059082,2.433624267578125,1.0
1773593840.246564,-150.01318359375,36.35881805419922,2.434814453125,1.0
1773593840.7462828,-150.52024841308594,36.500667572021484,2.4378662109375,1.0
1773593841.2461555,-150.99256896972656,36.647789001464844,2.4384765625,1.0
1773593841.7465105,-151.4219970703125,36.7895393371582,2.440093994140625,1.0
1773593842.2482605,-151.90313720703125,36.95769500732422,2.445587158203125,1.0
1773593842.746417,-152.32339477539062,37.122493743896484,2.44921875,1.0
1773593843.246689,-152.82208251953125,37.321800231933594,2.449371337890625,1.0
1773593843.7464669,-153.2814483642578,37.50666809082031,2.450042724609375,1.0
1773593844.2491956,-153.69873046875,37.68523025512695,2.44989013671875,1.0
1773593844.7462893,-154.14962768554688,37.884307861328125,2.445953369140625,1.0
1773593845.2462735,-154.59765625,38.086509704589844,2.44451904296875,1.0
1773593845.746481,-155.05743408203125,38.31138229370117,2.443878173828125,1.0
1773593846.2467039,-155.52122497558594,38.534175872802734,2.44195556640625,1.0
1773593846.746269,-155.9842071533203,38.761051177978516,2.438446044921875,1.0
1773593847.246286,-156.44378662109375,39.002540588378906,2.43890380859375,1.0
1773593847.7464154,-156.90805053710938,39.26165771484375,2.438812255859375,1.0
1773593848.2466023,-157.3603515625,39.5156364440918,2.439300537109375,1.0
1773593848.7462668,-157.8084259033203,39.77754211425781,2.4412841796875,1.0
1773593849.2463884,-158.23992919921875,40.0361213684082,2.441314697265625,1.0
1773593849.7462356,-158.67665100097656,40.31797790527344,2.443939208984375,1.0
1773593850.2465332,-159.09829711914062,40.591583251953125,2.444305419921875,1.0
1773593850.7462745,-159.51840209960938,40.870872497558594,2.44317626953125,1.0
1773593851.2462807,-159.9217071533203,41.15404510498047,2.443359375,1.0
1773593851.7462332,-160.325927734375,41.44715881347656,2.443603515625,1.0
1773593852.2467327,-160.70806884765625,41.7443962097168,2.44403076171875,1.0
1773593852.7462828,-161.0924835205078,42.05637741088867,2.44366455078125,1.0
1773593853.2463076,-161.47552490234375,42.36430358886719,2.4415283203125,1.0
1773593853.7462444,-161.85421752929688,42.679988861083984,2.442535400390625,1.0
1773593854.2465293,-162.23001098632812,43.00347137451172,2.444091796875,1.0
1773593854.7462518,-162.59193420410156,43.33107376098633,2.44134521484375,1.0
1773593855.2462761,-162.9329376220703,43.658695220947266,2.43695068359375,1.0
1773593855.7462878,-163.28756713867188,43.99810028076172,2.433319091796875,1.0
1773593856.2466006,-163.6251678466797,44.34246063232422,2.432037353515625,1.0
1773593856.7462933,-163.96401977539062,44.7001953125,2.433013916015625,1.0
1773593857.2465165,-164.2911834716797,45.05622863769531,2.432220458984375,1.0
1773593857.7462835,-164.6135711669922,45.41471862792969,2.433349609375,1.0
1773593858.2466807,-164.9192657470703,45.77760314941406,2.434814453125,1.0
1773593858.7462661,-165.22677612304688,46.1546745300293,2.43426513671875,1.0
1773593859.2462661,-165.5243682861328,46.533355712890625,2.4356689453125,1.0
1773593859.7462723,-165.82089233398438,46.9129524230957,2.435821533203125,1.0
1773593860.2464526,-166.11196899414062,47.29389190673828,2.43402099609375,1.0
1773593860.746292,-166.40774536132812,47.690650939941406,2.43341064453125,1.0
1773593861.2465394,-166.6892852783203,48.08488082885742,2.4339599609375,1.0
1773593861.7462952,-166.97178649902344,48.4960823059082,2.432586669921875,1.0
1773593862.246344,-167.24644470214844,48.905826568603516,2.43243408203125,1.0
1773593862.7462022,-167.52072143554688,49.32362365722656,2.432525634765625,1.0
1773593863.2463338,-167.7861785888672,49.74782180786133,2.4356689453125,1.0
1773593863.7463064,-168.0460968017578,50.19066619873047,2.436553955078125,1.0
1773593864.2463968,-168.30104064941406,50.62677001953125,2.436126708984375,1.0
1773593864.7462432,-168.5575408935547,51.06760787963867,2.43707275390625,1.0
1773593865.2462118,-168.79974365234375,51.50162124633789,2.43426513671875,1.0
1773593865.746369,-169.03131103515625,51.94761657714844,2.428802490234375,1.0
1773593866.2469199,-169.2384033203125,52.39567565917969,2.423797607421875,1.0
1773593866.7464569,-169.44187927246094,52.864227294921875,2.41937255859375,1.0
1773593867.2462273,-169.63546752929688,53.32337951660156,2.4180908203125,1.0
1773593867.7461977,-169.83262634277344,53.79486083984375,2.416839599609375,1.0
1773593868.2487957,-170.01312255859375,54.26394271850586,2.41339111328125,1.0
1773593868.7465987,-170.19956970214844,54.747066497802734,2.40625,1.0
1773593869.2483242,-170.37046813964844,55.196529388427734,2.40570068359375,1.0
1773593869.746765,-170.53277587890625,55.66278839111328,2.40576171875,1.0
1773593870.2464905,-170.68319702148438,56.12834548950195,2.41131591796875,1.0
1773593870.7463353,-170.83644104003906,56.637142181396484,2.41607666015625,1.0
1773593871.247165,-170.9527587890625,57.0864372253418,2.419158935546875,1.0
1773593871.7464113,-171.07138061523438,57.57445526123047,2.41827392578125,1.0
1773593872.2462776,-171.19989013671875,58.063175201416016,2.417633056640625,1.0
1773593872.7462633,-171.32705688476562,58.55475616455078,2.41949462890625,1.0
1773593873.2470362,-171.44955444335938,59.03782272338867,2.41973876953125,1.0
1773593873.7463381,-171.5546875,59.536746978759766,2.421539306640625,1.0
1773593874.2462907,-171.63880920410156,60.02811050415039,2.422607421875,1.0
1773593874.7462642,-171.71780395507812,60.542049407958984,2.423797607421875,1.0
1773593875.2464812,-171.77667236328125,61.03947830200195,2.42425537109375,1.0
1773593875.7465842,-171.83218383789062,61.54715347290039,2.42462158203125,1.0
1773593876.2462723,-171.88067626953125,62.05426025390625,2.42474365234375,1.0
1773593876.7465072,-171.91860961914062,62.575618743896484,2.424835205078125,1.0
1773593877.2470686,-171.9590301513672,63.08185577392578,2.426177978515625,1.0
1773593877.7462966,-172.00552368164062,63.59813690185547,2.4322509765625,1.0
1773593878.246306,-172.041259765625,64.09747314453125,2.43255615234375,1.0
1773593878.7462733,-172.06968688964844,64.61180114746094,2.4327392578125,1.0
1773593879.2467408,-172.0768280029297,65.10868072509766,2.434417724609375,1.0
1773593879.7462583,-172.06951904296875,65.60742950439453,2.43701171875,1.0
1773593880.246373,-172.04559326171875,66.10861206054688,2.43487548828125,1.0
1773593880.7462976,-172.01760864257812,66.6181640625,2.43402099609375,1.0
1773593881.2469306,-171.99307250976562,67.10970306396484,2.43310546875,1.0
1773593881.7463992,-171.95924377441406,67.60799407958984,2.431060791015625,1.0
1773593882.2462726,-171.92076110839844,68.1023941040039,2.432647705078125,1.0
1773593882.7462635,-171.8675994873047,68.60659790039062,2.431854248046875,1.0
1773593883.2470531,-171.80287170410156,69.10345458984375,2.426788330078125,1.0
1773593883.746324,-171.7396697998047,69.60929107666016,2.421539306640625,1.0
1773593884.2463844,-171.670654296875,70.10916137695312,2.415985107421875,1.0
1773593884.7462897,-171.59181213378906,70.63394165039062,2.41558837890625,1.0
1773593885.2463963,-171.49838256835938,71.15379333496094,2.41473388671875,1.0
1773593885.7463136,-171.40785217285156,71.68157196044922,2.415313720703125,1.0
1773593886.2465012,-171.31040954589844,72.20445251464844,2.416290283203125,1.0
1773593886.7462678,-171.19656372070312,72.7487564086914,2.416290283203125,1.0
1773593887.2476485,-171.0735626220703,73.2825927734375,2.412109375,1.0
1773593887.7463892,-170.93284606933594,73.81267547607422,2.4151611328125,1.0
1773593888.2462204,-170.77162170410156,74.32099151611328,2.41796875,1.0
1773593888.746261,-170.60508728027344,74.84235382080078,2.41656494140625,1.0
1773593889.24629,-170.4315948486328,75.35881042480469,2.419647216796875,1.0
1773593889.7462893,-170.2349395751953,75.8759536743164,2.42498779296875,1.0
1773593890.2462423,-170.0227508544922,76.38827514648438,2.430816650390625,1.0
1773593890.7464294,-169.81568908691406,76.90389251708984,2.429962158203125,1.0
1773593891.2470202,-169.60401916503906,77.42265319824219,2.43084716796875,1.0
1773593891.7461762,-169.3719482421875,77.93887329101562,2.431488037109375,1.0
1773593892.2461758,-169.12405395507812,78.43360137939453,2.43035888671875,1.0
1773593892.7461815,-168.8538055419922,78.92947387695312,2.429718017578125,1.0
1773593893.2475398,-168.58067321777344,79.40789794921875,2.432373046875,1.0
1773593893.7463422,-168.30245971679688,79.8836669921875,2.433502197265625,1.0
1773593894.2464032,-168.01705932617188,80.33907318115234,2.436309814453125,1.0
1773593894.746615,-167.73086547851562,80.79486846923828,2.43450927734375,1.0
1773593895.2472053,-167.47364807128906,81.21146392822266,2.432281494140625,1.0
1773593895.7467139,-167.18951416015625,81.6623764038086,2.42938232421875,1.0
1773593896.246342,-166.9051971435547,82.08503723144531,2.4267578125,1.0
1773593896.7463188,-166.61044311523438,82.5016098022461,2.426025390625,1.0
1773593897.2468517,-166.3161163330078,82.91072845458984,2.422882080078125,1.0
1773593897.7467456,-166.01077270507812,83.32169342041016,2.422027587890625,1.0
1773593898.2462692,-165.70338439941406,83.7183837890625,2.423187255859375,1.0
1773593898.7462678,-165.379638671875,84.12393951416016,2.4241943359375,1.0
1773593899.247186,-165.06027221679688,84.5303955078125,2.425811767578125,1.0
1773593899.7463503,-164.73593139648438,84.93599700927734,2.425537109375,1.0
1773593900.2462697,-164.4166717529297,85.32090759277344,2.423583984375,1.0
1773593900.7462597,-164.0838623046875,85.70562744140625,2.420989990234375,1.0
1773593901.2462857,-163.74880981445312,86.06930541992188,2.4158935546875,1.0
1773593901.7462702,-163.39820861816406,86.43245697021484,2.413482666015625,1.0
1773593902.246251,-163.05255126953125,86.78802490234375,2.415740966796875,1.0
1773593902.7462564,-162.70767211914062,87.14319610595703,2.417083740234375,1.0
1773593903.247039,-162.35865783691406,87.4810791015625,2.420745849609375,1.0
1773593903.7463217,-161.989990234375,87.8067855834961,2.4234619140625,1.0
1773593904.246256,-161.61570739746094,88.11894226074219,2.421356201171875,1.0
1773593904.7462695,-161.22691345214844,88.4301986694336,2.419708251953125,1.0
1773593905.2469378,-160.85162353515625,88.73137664794922,2.418212890625,1.0
1773593905.7462962,-160.4693145751953,89.02910614013672,2.420928955078125,1.0
1773593906.2462869,-160.08937072753906,89.3263931274414,2.4237060546875,1.0
1773593906.7462525,-159.70260620117188,89.60863494873047,2.42291259765625,1.0
1773593907.2467365,-159.32325744628906,89.88338470458984,2.423980712890625,1.0
1773593907.7463078,-158.93324279785156,90.16510009765625,2.425048828125,1.0
1773593908.2465162,-158.5400390625,90.42888641357422,2.42498779296875,1.0
1773593908.7463126,-158.12890625,90.68217468261719,2.42523193359375,1.0
1773593909.2472022,-157.71585083007812,90.92871856689453,2.424102783203125,1.0
1773593909.7463121,-157.29649353027344,91.17134857177734,2.4239501953125,1.0
1773593910.2462945,-156.87945556640625,91.40650177001953,2.423004150390625,1.0
1773593910.74628,-156.4511260986328,91.65628814697266,2.423919677734375,1.0
1773593911.2471747,-156.02871704101562,91.8931655883789,2.4239501953125,1.0
1773593911.7463636,-155.58517456054688,92.12190246582031,2.423553466796875,1.0
1773593912.2462237,-155.1431427001953,92.33444213867188,2.42620849609375,1.0
1773593912.7462552,-154.6915283203125,92.54409790039062,2.43023681640625,1.0
1773593913.246332,-154.2484588623047,92.73420715332031,2.433563232421875,1.0
1773593913.7464702,-153.78945922851562,92.91268157958984,2.438079833984375,1.0
1773593914.2463334,-153.3441619873047,93.09049224853516,2.438690185546875,1.0
1773593914.7462063,-152.89593505859375,93.26468658447266,2.444366455078125,1.0
1773593915.249919,-152.47280883789062,93.42748260498047,2.443634033203125,1.0
1773593915.7466838,-151.98355102539062,93.6105728149414,2.442047119140625,1.0
1773593916.2462046,-151.525634765625,93.77147674560547,2.44146728515625,1.0
1773593916.7470498,-151.05142211914062,93.92560577392578,2.441650390625,1.0
1773593917.246255,-150.57936096191406,94.07538604736328,2.438568115234375,1.0
1773593917.746464,-150.1383819580078,94.20675659179688,2.43560791015625,1.0
1773593918.2462838,-149.65963745117188,94.33732604980469,2.434478759765625,1.0
1773593918.7462823,-149.19308471679688,94.458740234375,2.4329833984375,1.0
1773593919.2467666,-148.71124267578125,94.5751953125,2.434600830078125,1.0
1773593919.7465134,-148.23338317871094,94.67858123779297,2.43402099609375,1.0
1773593920.2462327,-147.74917602539062,94.77679443359375,2.434234619140625,1.0
1773593920.746279,-147.25819396972656,94.86054229736328,2.43487548828125,1.0
1773593921.2463105,-146.76902770996094,94.93014526367188,2.43328857421875,1.0
1773593921.7463727,-146.29481506347656,94.9826889038086,2.4327392578125,1.0
1773593922.2462876,-145.8084259033203,95.03768920898438,2.431182861328125,1.0
1773593922.746305,-145.33766174316406,95.09960174560547,2.4290771484375,1.0
1773593923.247276,-144.85487365722656,95.15507507324219,2.428375244140625,1.0
1773593923.7469778,-144.3704071044922,95.2076416015625,2.431182861328125,1.0
1773593924.2462928,-143.88462829589844,95.24905395507812,2.4324951171875,1.0
1773593924.7463021,-143.40591430664062,95.28561401367188,2.433135986328125,1.0
1773593925.2463055,-142.9258575439453,95.32029724121094,2.433868408203125,1.0
1773593925.7465532,-142.44949340820312,95.33496856689453,2.436279296875,1.0
1773593926.2462988,-141.96034240722656,95.3389663696289,2.4383544921875,1.0
1773593926.7470057,-141.47915649414062,95.3385009765625,2.43878173828125,1.0
1773593927.2463326,-140.98843383789062,95.33544158935547,2.441986083984375,1.0
1773593927.7462757,-140.49964904785156,95.32093811035156,2.447174072265625,1.0
1773593928.24626,-140.00332641601562,95.30007934570312,2.446685791015625,1.0
1773593928.7463222,-139.51272583007812,95.26411437988281,2.4459228515625,1.0
1773593929.246714,-139.0106964111328,95.22039031982422,2.444671630859375,1.0
1773593929.7465513,-138.51075744628906,95.15975952148438,2.4442138671875,1.0
1773593930.2462664,-138.0034942626953,95.07952880859375,2.443817138671875,1.0
1773593930.7462718,-137.5003204345703,94.98570251464844,2.44293212890625,1.0
1773593931.2468748,-136.99436950683594,94.88276672363281,2.443878173828125,1.0
1773593931.7462919,-136.48638916015625,94.77886199951172,2.443756103515625,1.0
1773593932.24627,-135.9700469970703,94.67298126220703,2.4410400390625,1.0
1773593932.7462556,-135.46441650390625,94.56897735595703,2.44158935546875,1.0
1773593933.2465136,-134.94363403320312,94.4431381225586,2.444122314453125,1.0
1773593933.746438,-134.4298553466797,94.30819702148438,2.446319580078125,1.0
1773593934.2462606,-133.9169158935547,94.1601333618164,2.445343017578125,1.0
1773593934.7462814,-133.4150390625,94.0116195678711,2.446197509765625,1.0
1773593935.2473238,-132.89962768554688,93.85191345214844,2.451171875,1.0
1773593935.7464535,-132.40322875976562,93.69168853759766,2.4510498046875,1.0
1773593936.2462804,-131.90748596191406,93.517578125,2.44952392578125,1.0
1773593936.746274,-131.43429565429688,93.3315658569336,2.446319580078125,1.0
1773593937.246944,-130.95130920410156,93.13018035888672,2.449615478515625,1.0
1773593937.7465346,-130.47216796875,92.93315887451172,2.45220947265625,1.0
1773593938.246285,-129.99325561523438,92.72657012939453,2.4530029296875,1.0
1773593938.746265,-129.5175323486328,92.52117156982422,2.449981689453125,1.0
1773593939.2465594,-129.0640411376953,92.30304718017578,2.43975830078125,1.0
1773593939.746595,-128.61155700683594,92.06867980957031,2.44000244140625,1.0
1773593940.2462478,-128.15054321289062,91.81958770751953,2.439056396484375,1.0
1773593940.7462306,-127.70030975341797,91.565185546875,2.4385986328125,1.0
1773593941.2468843,-127.24165344238281,91.29042053222656,2.43829345703125,1.0
1773593941.746256,-126.78907775878906,91.03850555419922,2.438873291015625,1.0
1773593942.2462673,-126.32189178466797,90.78673553466797,2.4359130859375,1.0
1773593942.7461944,-125.86307525634766,90.53134155273438,2.4339599609375,1.0
1773593943.246734,-125.40814971923828,90.26527404785156,2.430999755859375,1.0
1773593943.7462018,-124.97713470458984,89.9903793334961,2.43206787109375,1.0
1773593944.2462559,-124.54627990722656,89.70301818847656,2.43170166015625,1.0
1773593944.7464085,-124.14140319824219,89.41390228271484,2.428985595703125,1.0
1773593945.2469344,-123.73368072509766,89.11876678466797,2.428985595703125,1.0
1773593945.747018,-123.34599304199219,88.82398986816406,2.433837890625,1.0
1773593946.246974,-122.96306610107422,88.5128402709961,2.43658447265625,1.0
1773593946.746249,-122.60189056396484,88.2057113647461,2.433746337890625,1.0
1773593947.2467544,-122.26324462890625,87.90416717529297,2.434661865234375,1.0
1773593947.7465634,-121.90693664550781,87.58454132080078,2.43463134765625,1.0
1773593948.2462711,-121.54733276367188,87.25662231445312,2.434967041015625,1.0
1773593948.7463012,-121.20685577392578,86.92391204833984,2.43603515625,1.0
1773593949.2463818,-120.86980438232422,86.59166717529297,2.43756103515625,1.0
1773593949.7464414,-120.54906463623047,86.26129913330078,2.435882568359375,1.0
1773593950.2463148,-120.22657775878906,85.92534637451172,2.434814453125,1.0
1773593950.746269,-119.90912628173828,85.58123779296875,2.434326171875,1.0
1773593951.246283,-119.59233856201172,85.2271499633789,2.4359130859375,1.0
1773593951.7464437,-119.29331970214844,84.86735534667969,2.435150146484375,1.0
1773593952.246279,-118.99517059326172,84.50482177734375,2.434417724609375,1.0
1773593952.746286,-118.6942138671875,84.14839935302734,2.430816650390625,1.0
1773593953.2466724,-118.38648986816406,83.78721618652344,2.428741455078125,1.0
1773593953.7469075,-118.07939147949219,83.4251708984375,2.428253173828125,1.0
1773593954.2462778,-117.7733383178711,83.0489501953125,2.42791748046875,1.0
1773593954.7463944,-117.4916763305664,82.66001892089844,2.428131103515625,1.0
1773593955.2463603,-117.22647094726562,82.26728820800781,2.432159423828125,1.0
1773593955.7462313,-116.97306823730469,81.87259674072266,2.43658447265625,1.0
1773593956.2462695,-116.72437286376953,81.45841217041016,2.439453125,1.0
1773593956.7462707,-116.47782135009766,81.05450439453125,2.440155029296875,1.0
1773593957.2463899,-116.23075866699219,80.6521224975586,2.4427490234375,1.0
1773593957.7462747,-115.98577117919922,80.25663757324219,2.44287109375,1.0
1773593958.2463481,-115.73824310302734,79.84400177001953,2.440704345703125,1.0
1773593958.746301,-115.50563049316406,79.43180847167969,2.439666748046875,1.0
1773593959.2468991,-115.27870178222656,79.01974487304688,2.440765380859375,1.0
1773593959.7464936,-115.07296752929688,78.60811614990234,2.4420166015625,1.0
1773593960.2462883,-114.87545776367188,78.1834716796875,2.44293212890625,1.0
1773593960.7462697,-114.68975067138672,77.75806427001953,2.443572998046875,1.0
1773593961.2463708,-114.50126647949219,77.3108901977539,2.446044921875,1.0
1773593961.746312,-114.31610870361328,76.86803436279297,2.444183349609375,1.0
1773593962.2463496,-114.13331604003906,76.41596984863281,2.443267822265625,1.0
1773593962.7462187,-113.96826934814453,75.95658111572266,2.443695068359375,1.0
1773593963.2462823,-113.7877197265625,75.47750854492188,2.442535400390625,1.0
1773593963.7462497,-113.61739349365234,75.00101470947266,2.441253662109375,1.0
1773593964.2464843,-113.45958709716797,74.52129364013672,2.4447021484375,1.0
1773593964.746269,-113.3166275024414,74.04888153076172,2.446746826171875,1.0
1773593965.2466633,-113.17658996582031,73.5611801147461,2.44732666015625,1.0
1773593965.7464912,-113.05291748046875,73.06547546386719,2.448516845703125,1.0
1773593966.2461905,-112.92465209960938,72.55166625976562,2.44793701171875,1.0
1773593966.746261,-112.79348754882812,72.04212188720703,2.444061279296875,1.0
1773593967.2472622,-112.65875244140625,71.52776336669922,2.442779541015625,1.0
1773593967.7464752,-112.54052734375,71.02652740478516,2.43890380859375,1.0
1773593968.2462587,-112.45072174072266,70.55431365966797,2.436431884765625,1.0
1773593968.7463732,-112.36554718017578,70.00933074951172,2.435455322265625,1.0
1773593969.2465668,-112.28614807128906,69.5008773803711,2.432525634765625,1.0
1773593969.746461,-112.20743560791016,69.00741577148438,2.429718017578125,1.0
1773593970.2461872,-112.14460754394531,68.51018524169922,2.428558349609375,1.0
1773593970.7462068,-112.10173034667969,68.02003479003906,2.42462158203125,1.0
1773593971.2462623,-112.07064819335938,67.50987243652344,2.423553466796875,1.0
1773593971.7463326,-112.04020690917969,67.04138946533203,2.425018310546875,1.0
1773593972.2463775,-112.01521301269531,66.49946594238281,2.425048828125,1.0
1773593972.7464738,-112.00792694091797,65.99486541748047,2.42755126953125,1.0
1773593973.2467418,-112.00282287597656,65.52796173095703,2.4288330078125,1.0
1773593973.7462745,-111.99871063232422,65.02583312988281,2.42901611328125,1.0
1773593974.2463017,-112.00192260742188,64.53543090820312,2.432861328125,1.0
1773593974.746281,-112.02033233642578,64.04261779785156,2.43408203125,1.0
1773593975.2469583,-112.05442810058594,63.566436767578125,2.435302734375,1.0
1773593975.7462814,-112.10454559326172,63.088958740234375,2.432525634765625,1.0
1773593976.2463033,-112.15814208984375,62.62547302246094,2.431427001953125,1.0
1773593976.7463255,-112.22012329101562,62.14432144165039,2.42999267578125,1.0
1773593977.2467372,-112.28146362304688,61.674861907958984,2.428558349609375,1.0
1773593977.74629,-112.3531494140625,61.196449279785156,2.42547607421875,1.0
1773593978.24627,-112.43169403076172,60.71664047241211,2.42608642578125,1.0
1773593978.7462637,-112.5168228149414,60.22140121459961,2.43060302734375,1.0
1773593979.2463758,-112.60283660888672,59.728973388671875,2.43682861328125,1.0
1773593979.7462687,-112.69276428222656,59.224021911621094,2.4373779296875,1.0
1773593980.246305,-112.78809356689453,58.73710632324219,2.43682861328125,1.0
1773593980.7462509,-112.89779663085938,58.24119567871094,2.436767578125,1.0
1773593981.2468388,-113.01153564453125,57.76205062866211,2.43426513671875,1.0
1773593981.7463505,-113.15139770507812,57.276432037353516,2.43389892578125,1.0
1773593982.2462804,-113.29388427734375,56.800872802734375,2.430938720703125,1.0
1773593982.746244,-113.44470977783203,56.31653594970703,2.42840576171875,1.0
1773593983.2470698,-113.58516693115234,55.84492492675781,2.424072265625,1.0
1773593983.7463477,-113.73394012451172,55.3760986328125,2.424530029296875,1.0
1773593984.2462826,-113.88980102539062,54.90580749511719,2.425018310546875,1.0
1773593984.7462482,-114.04965209960938,54.446041107177734,2.425445556640625,1.0
1773593985.2468486,-114.2322998046875,53.983333587646484,2.42669677734375,1.0
1773593985.746231,-114.4222412109375,53.515419006347656,2.426788330078125,1.0
1773593986.2462635,-114.61520385742188,53.06693649291992,2.42620849609375,1.0
1773593986.746569,-114.81731414794922,52.6134147644043,2.42462158203125,1.0
1773593987.247343,-115.02430725097656,52.16201400756836,2.423065185546875,1.0
1773593987.7462747,-115.2490005493164,51.70160675048828,2.426483154296875,1.0
1773593988.2462332,-115.48517608642578,51.25593566894531,2.426483154296875,1.0
1773593988.7462666,-115.73347473144531,50.80815887451172,2.42401123046875,1.0
1773593989.2464745,-115.9791259765625,50.375770568847656,2.42449951171875,1.0
1773593989.746456,-116.23197937011719,49.928794860839844,2.421661376953125,1.0
1773593990.2462635,-116.49099731445312,49.496543884277344,2.41943359375,1.0
1773593990.7462902,-116.76658630371094,49.067359924316406,2.418548583984375,1.0
1773593991.2470438,-117.03675842285156,48.65333557128906,2.41717529296875,1.0
1773593991.7465525,-117.32640075683594,48.24052810668945,2.41802978515625,1.0
1773593992.2462444,-117.61681365966797,47.844627380371094,2.418487548828125,1.0
1773593992.7462249,-117.9200439453125,47.449398040771484,2.41949462890625,1.0
1773593993.2462974,-118.21875,47.06629943847656,2.42181396484375,1.0
1773593993.7462795,-118.53060913085938,46.67688751220703,2.425750732421875,1.0
1773593994.2462082,-118.85714721679688,46.296443939208984,2.42938232421875,1.0
1773593994.7464256,-119.18919372558594,45.92250061035156,2.428985595703125,1.0
1773593995.2476583,-119.51293182373047,45.555606842041016,2.430877685546875,1.0
1773593995.7462852,-119.85099029541016,45.179508209228516,2.43572998046875,1.0
1773593996.2462564,-120.19002532958984,44.806732177734375,2.43780517578125,1.0
1773593996.7461967,-120.54447174072266,44.433380126953125,2.435333251953125,1.0
1773593997.2463088,-120.90141296386719,44.08528518676758,2.433563232421875,1.0
1773593997.7465816,-121.2604751586914,43.7339973449707,2.43255615234375,1.0
1773593998.2462094,-121.61470794677734,43.38930130004883,2.433349609375,1.0
1773593998.7461894,-121.98330688476562,43.050018310546875,2.43316650390625,1.0
1773593999.2465043,-122.34609985351562,42.71269607543945,2.42669677734375,1.0
1773593999.746206,-122.7252197265625,42.38262939453125,2.422760009765625,1.0
1773594000.2463832,-123.10725402832031,42.06291580200195,2.42498779296875,1.0
1773594000.7462857,-123.46997833251953,41.76506805419922,2.424072265625,1.0
1773594001.2472005,-123.85258483886719,41.45921325683594,2.424774169921875,1.0
1773594001.7465062,-124.24675750732422,41.16389846801758,2.427490234375,1.0
1773594002.246318,-124.64037322998047,40.87740707397461,2.431488037109375,1.0
1773594002.7462947,-125.0334701538086,40.585227966308594,2.43463134765625,1.0
1773594003.2470443,-125.42242431640625,40.3051643371582,2.43292236328125,1.0
1773594003.7462976,-125.81885528564453,40.03604507446289,2.429718017578125,1.0
1773594004.2462797,-126.22724151611328,39.78289794921875,2.425750732421875,1.0
1773594004.7462811,-126.64855194091797,39.54375457763672,2.422210693359375,1.0
1773594005.2468154,-127.07149505615234,39.30953598022461,2.419097900390625,1.0
1773594005.7464745,-127.5018310546875,39.07722473144531,2.418701171875,1.0
1773594006.2462792,-127.92880249023438,38.83976745605469,2.419158935546875,1.0
1773594006.7462735,-128.3683319091797,38.607696533203125,2.422271728515625,1.0
1773594007.2463138,-128.80007934570312,38.390907287597656,2.419921875,1.0
1773594007.7464194,-129.24986267089844,38.172882080078125,2.417144775390625,1.0
1773594008.2462504,-129.70233154296875,37.95656967163086,2.418975830078125,1.0
1773594008.7463276,-130.16351318359375,37.72899627685547,2.41851806640625,1.0
1773594009.246888,-130.6299285888672,37.52104568481445,2.41943359375,1.0
1773594009.7462652,-131.11068725585938,37.32121658325195,2.41900634765625,1.0
1773594010.2462285,-131.58168029785156,37.14027404785156,2.41961669921875,1.0
1773594010.7462158,-132.06809997558594,36.95710372924805,2.42401123046875,1.0
1773594011.2468445,-132.54843139648438,36.787376403808594,2.4276123046875,1.0
1773594011.7464092,-133.05494689941406,36.61697769165039,2.430877685546875,1.0
1773594012.2462835,-133.55722045898438,36.45334243774414,2.43310546875,1.0
1773594012.7462645,-134.0660400390625,36.30808639526367,2.432342529296875,1.0
1773594013.2467468,-134.57420349121094,36.178184509277344,2.433258056640625,1.0
1773594013.746273,-135.09947204589844,36.04023361206055,2.435882568359375,1.0
1773594014.2462792,-135.6173858642578,35.918155670166016,2.43719482421875,1.0
1773594014.7468102,-136.1435089111328,35.8192024230957,2.4373779296875,1.0
1773594015.2465932,-136.6588897705078,35.72645568847656,2.439178466796875,1.0
1773594015.746515,-137.1953125,35.63282012939453,2.440277099609375,1.0
1773594016.246279,-137.70945739746094,35.55265808105469,2.438751220703125,1.0
1773594016.7466338,-138.22679138183594,35.487186431884766,2.43804931640625,1.0
1773594017.2465024,-138.74685668945312,35.428260803222656,2.43963623046875,1.0
1773594017.7462378,-139.28692626953125,35.37422180175781,2.4412841796875,1.0
1773594018.246266,-139.82052612304688,35.325828552246094,2.441253662109375,1.0
1773594018.7463675,-140.36492919921875,35.281883239746094,2.44549560546875,1.0
1773594019.2462585,-140.89537048339844,35.261043548583984,2.44891357421875,1.0
1773594019.7462177,-141.4537811279297,35.2458610534668,2.451812744140625,1.0
1773594020.2462535,-141.9887237548828,35.23999786376953,2.4512939453125,1.0
1773594020.7469578,-142.5238037109375,35.23867416381836,2.45172119140625,1.0
1773594021.2463195,-143.04234313964844,35.242488861083984,2.449920654296875,1.0
1773594021.746187,-143.56329345703125,35.248958587646484,2.44989013671875,1.0
1773594022.2461772,-144.07420349121094,35.27077102661133,2.449493408203125,1.0
1773594022.7472422,-144.58470153808594,35.31620407104492,2.4466552734375,1.0
1773594023.2463741,-145.0860595703125,35.375118255615234,2.444488525390625,1.0
1773594023.7462323,-145.58843994140625,35.447994232177734,2.441436767578125,1.0
1773594024.2462528,-146.07322692871094,35.52098846435547,2.4398193359375,1.0
1773594024.7480416,-146.55780029296875,35.584896087646484,2.439117431640625,1.0
1773594025.246287,-147.0,35.651084899902344,2.437408447265625,1.0
1773594025.7462618,-147.47311401367188,35.73493957519531,2.4364013671875,1.0
1773594026.2462761,-147.94723510742188,35.823081970214844,2.4361572265625,1.0
1773594026.7464824,-148.4338836669922,35.9195556640625,2.43475341796875,1.0
1773594027.2462373,-148.9075164794922,36.02748107910156,2.4371337890625,1.0
1773594027.7462559,-149.37387084960938,36.148101806640625,2.439361572265625,1.0
1773594028.2462723,-149.8247528076172,36.27480697631836,2.441741943359375,1.0
1773594028.7470202,-150.28317260742188,36.40840530395508,2.441375732421875,1.0
1773594029.2465208,-150.73403930664062,36.5467414855957,2.441986083984375,1.0
1773594029.7462833,-151.19517517089844,36.68276596069336,2.4400634765625,1.0
1773594030.2462792,-151.6543426513672,36.81890869140625,2.439453125,1.0
1773594030.746908,-152.11788940429688,36.960330963134766,2.4410400390625,1.0
1773594031.2462676,-152.5695037841797,37.11408996582031,2.4375,1.0
1773594031.746284,-153.02642822265625,37.28982162475586,2.43707275390625,1.0
1773594032.2466292,-153.4720001220703,37.47896194458008,2.43719482421875,1.0
1773594032.747058,-153.91604614257812,37.67127990722656,2.4365234375,1.0
1773594033.2462797,-154.3470916748047,37.863365173339844,2.435699462890625,1.0
1773594033.7462783,-154.77609252929688,38.068260192871094,2.43609619140625,1.0
1773594034.2462733,-155.20228576660156,38.26908874511719,2.435577392578125,1.0
1773594034.7472277,-155.6360626220703,38.481346130371094,2.43414306640625,1.0
1773594035.2462764,-156.07032775878906,38.697689056396484,2.4320068359375,1.0
1773594035.7462845,-156.50880432128906,38.92129898071289,2.430938720703125,1.0
1773594036.2463534,-156.94100952148438,39.15367126464844,2.42919921875,1.0
1773594036.7467084,-157.3790283203125,39.40902328491211,2.42694091796875,1.0
1773594037.2462714,-157.8001708984375,39.672508239746094,2.423675537109375,1.0
1773594037.7462718,-158.2284393310547,39.95500564575195,2.424285888671875,1.0
1773594038.2462287,-158.64723205566406,40.230804443359375,2.4268798828125,1.0
1773594038.7491767,-159.06431579589844,40.51544189453125,2.4244384765625,1.0
1773594039.2462683,-159.47067260742188,40.796810150146484,2.423675537109375,1.0
1773594039.7462637,-159.8811492919922,41.087520599365234,2.425079345703125,1.0
1773594040.24627,-160.2825469970703,41.38374328613281,2.425018310546875,1.0
1773594040.747021,-160.67800903320312,41.69694519042969,2.4246826171875,1.0
1773594041.2463138,-161.03109741210938,41.99303436279297,2.42510986328125,1.0
1773594041.7464864,-161.4169464111328,42.32749938964844,2.424835205078125,1.0
1773594042.2462664,-161.76084899902344,42.64065933227539,2.42669677734375,1.0
1773594042.7468302,-162.1081085205078,42.95923614501953,2.429107666015625,1.0
1773594043.24637,-162.4467315673828,43.264488220214844,2.431915283203125,1.0
1773594043.7462704,-162.7803192138672,43.57356643676758,2.4349365234375,1.0
1773594044.2461967,-163.11111450195312,43.88886642456055,2.436004638671875,1.0
1773594044.7464147,-163.43768310546875,44.22039031982422,2.43231201171875,1.0
1773594045.2462096,-163.74659729003906,44.554443359375,2.43218994140625,1.0
1773594045.7462144,-164.0464630126953,44.89365768432617,2.432281494140625,1.0
1773594046.2461793,-164.34129333496094,45.226524353027344,2.43133544921875,1.0
1773594046.7466319,-164.6189422607422,45.547515869140625,2.42852783203125,1.0
1773594047.2480361,-164.9462890625,45.92981719970703,2.430511474609375,1.0
1773594047.7462175,-165.22686767578125,46.26128005981445,2.43109130859375,1.0
1773594048.2461782,-165.54257202148438,46.656551361083984,2.43017578125,1.0
1773594048.7471254,-165.81854248046875,47.003360748291016,2.430084228515625,1.0
1773594049.246838,-166.14218139648438,47.40475082397461,2.42718505859375,1.0
1773594049.7462735,-166.40957641601562,47.76376724243164,2.425537109375,1.0
1773594050.246274,-166.6807403564453,48.161319732666016,2.42218017578125,1.0
1773594050.746297,-166.95559692382812,48.55331039428711,2.421600341796875,1.0
1773594051.2462711,-167.23556518554688,48.95022201538086,2.4239501953125,1.0
1773594051.7463782,-167.49671936035156,49.3559455871582,2.425933837890625,1.0
1773594052.2462761,-167.7482147216797,49.787506103515625,2.425628662109375,1.0
1773594052.7465384,-167.99684143066406,50.209808349609375,2.42462158203125,1.0
1773594053.246301,-168.2491912841797,50.639686584472656,2.426361083984375,1.0
1773594053.746294,-168.49449157714844,51.0687370300293,2.42584228515625,1.0
1773594054.246291,-168.74331665039062,51.510746002197266,2.420135498046875,1.0
1773594054.7463984,-168.9830780029297,51.94218063354492,2.42138671875,1.0
1773594055.2462807,-169.2193603515625,52.39360809326172,2.421722412109375,1.0
1773594055.7462728,-169.43849182128906,52.845760345458984,2.421783447265625,1.0
1773594056.2462392,-169.65176391601562,53.303287506103516,2.424224853515625,1.0
1773594056.7468648,-169.8383026123047,53.76201248168945,2.420074462890625,1.0
1773594057.2462764,-170.01048278808594,54.23390197753906,2.41680908203125,1.0
1773594057.7462602,-170.16795349121094,54.6986198425293,2.415435791015625,1.0
1773594058.2462697,-170.3308563232422,55.1824836730957,2.413604736328125,1.0
1773594058.74683,-170.49398803710938,55.67112731933594,2.411224365234375,1.0
1773594059.246499,-170.654541015625,56.16989517211914,2.41455078125,1.0
1773594059.7462778,-170.81422424316406,56.66423797607422,2.41778564453125,1.0
1773594060.246274,-170.97264099121094,57.16614532470703,2.415435791015625,1.0
1773594060.7470002,-171.11932373046875,57.66707229614258,2.418304443359375,1.0
1773594061.2463908,-171.2538299560547,58.17594528198242,2.419708251953125,1.0
1773594061.7462783,-171.37290954589844,58.6868896484375,2.41937255859375,1.0
1773594062.2463188,-171.4840850830078,59.213294982910156,2.420684814453125,1.0
1773594062.7469258,-171.59228515625,59.73093032836914,2.423004150390625,1.0
1773594063.2462378,-171.69134521484375,60.25564956665039,2.425018310546875,1.0
1773594063.74627,-171.7643280029297,60.77007293701172,2.42645263671875,1.0
1773594064.2462718,-171.83596801757812,61.29051971435547,2.426971435546875,1.0
1773594064.7467701,-171.89402770996094,61.799198150634766,2.430938720703125,1.0
1773594065.2463107,-171.93603515625,62.304874420166016,2.434234619140625,1.0
1773594065.7462895,-171.96038818359375,62.796443939208984,2.43585205078125,1.0
1773594066.246281,-171.98751831054688,63.303279876708984,2.436370849609375,1.0
1773594066.7465484,-172.0102081298828,63.804710388183594,2.438079833984375,1.0
1773594067.2462914,-172.0263671875,64.3093490600586,2.4388427734375,1.0
1773594067.746266,-172.03228759765625,64.80805206298828,2.436492919921875,1.0
1773594068.2462692,-172.04794311523438,65.32148742675781,2.437408447265625,1.0
1773594068.7463675,-172.05374145507812,65.8305435180664,2.437591552734375,1.0
1773594069.246253,-172.04684448242188,66.3491439819336,2.43609619140625,1.0
1773594069.746455,-172.02328491210938,66.84938049316406,2.43701171875,1.0
1773594070.2463148,-171.99034118652344,67.35511779785156,2.43524169921875,1.0
1773594070.746795,-171.95355224609375,67.85541534423828,2.436126708984375,1.0
1773594071.2468712,-171.90350341796875,68.32955932617188,2.437744140625,1.0
1773594071.746288,-171.8390655517578,68.8544692993164,2.437530517578125,1.0
1773594072.246217,-171.76806640625,69.35664367675781,2.4376220703125,1.0
1773594072.746463,-171.6970672607422,69.85363006591797,2.437286376953125,1.0
1773594073.246601,-171.62794494628906,70.3578109741211,2.43670654296875,1.0
1773594073.7464705,-171.55250549316406,70.85391235351562,2.435821533203125,1.0
1773594074.2462173,-171.4652557373047,71.36076354980469,2.433837890625,1.0
1773594074.7478647,-171.37362670898438,71.85137176513672,2.432098388671875,1.0
1773594075.2462049,-171.2628936767578,72.33931732177734,2.43115234375,1.0
1773594075.7462232,-171.12826538085938,72.81774139404297,2.430145263671875,1.0
1773594076.2461805,-170.98646545410156,73.29802703857422,2.431884765625,1.0
1773594076.7468622,-170.8485870361328,73.77315521240234,2.43475341796875,1.0
1773594077.2463465,-170.71673583984375,74.22677612304688,2.436187744140625,1.0
1773594077.7465084,-170.56443786621094,74.70220947265625,2.434539794921875,1.0
1773594078.2463915,-170.39678955078125,75.17594909667969,2.430267333984375,1.0
1773594078.7466412,-170.21990966796875,75.6414566040039,2.427337646484375,1.0
1773594079.2462518,-170.03900146484375,76.10380554199219,2.42657470703125,1.0
1773594079.7462745,-169.8683624267578,76.54948425292969,2.425506591796875,1.0
1773594080.24624,-169.68743896484375,77.00935363769531,2.423828125,1.0
1773594080.7469637,-169.5103759765625,77.4587173461914,2.420654296875,1.0
1773594081.2462811,-169.32894897460938,77.9050521850586,2.42108154296875,1.0
1773594081.7462592,-169.13160705566406,78.34121704101562,2.4254150390625,1.0
1773594082.2462478,-168.91026306152344,78.77185821533203,2.425079345703125,1.0
1773594082.746873,-168.68280029296875,79.18988800048828,2.427642822265625,1.0
1773594083.246349,-168.44491577148438,79.62384033203125,2.426177978515625,1.0
1773594083.746288,-168.2030792236328,80.05140686035156,2.425811767578125,1.0
1773594084.2462595,-167.9449005126953,80.4836196899414,2.423675537109375,1.0
1773594084.7464132,-167.68846130371094,80.91453552246094,2.429229736328125,1.0
1773594085.2463012,-167.4353485107422,81.35816192626953,2.43408203125,1.0
1773594085.746256,-167.17308044433594,81.78433990478516,2.435760498046875,1.0
1773594086.2462559,-166.89227294921875,82.21996307373047,2.4349365234375,1.0
1773594086.7464442,-166.6029052734375,82.63990020751953,2.4345703125,1.0
1773594087.2463975,-166.30409240722656,83.06098937988281,2.433990478515625,1.0
1773594087.7463245,-166.0126495361328,83.45879364013672,2.434326171875,1.0
1773594088.2462714,-165.6993865966797,83.8697280883789,2.433013916015625,1.0
1773594088.7463405,-165.38473510742188,84.26484680175781,2.43292236328125,1.0
1773594089.2462556,-165.0533447265625,84.64910888671875,2.430694580078125,1.0
1773594089.7462833,-164.7258758544922,85.01496887207031,2.427398681640625,1.0
1773594090.2462776,-164.38217163085938,85.38170623779297,2.4268798828125,1.0
1773594090.7464538,-164.0479736328125,85.7435073852539,2.42742919921875,1.0
1773594091.2463307,-163.70370483398438,86.1041030883789,2.4310302734375,1.0
1773594091.7463307,-163.36605834960938,86.46282958984375,2.430572509765625,1.0
1773594092.2462807,-163.01951599121094,86.82402038574219,2.431915283203125,1.0
1773594092.7463393,-162.6634521484375,87.16328430175781,2.4332275390625,1.0
1773594093.2463157,-162.29257202148438,87.49993896484375,2.434783935546875,1.0
1773594093.746286,-161.92236328125,87.83084869384766,2.43548583984375,1.0
1773594094.2462776,-161.5275421142578,88.16181945800781,2.436065673828125,1.0
1773594094.7468095,-161.1350860595703,88.48640441894531,2.433929443359375,1.0
1773594095.246281,-160.7330780029297,88.80813598632812,2.432220458984375,1.0
1773594095.7462816,-160.350830078125,89.11756134033203,2.432586669921875,1.0
1773594096.2462828,-159.95297241210938,89.44055938720703,2.4320068359375,1.0
1773594096.7466397,-159.55287170410156,89.73982238769531,2.431854248046875,1.0
1773594097.24641,-159.1344757080078,90.02981567382812,2.433868408203125,1.0
1773594097.7462583,-158.7142333984375,90.3072509765625,2.433074951171875,1.0
1773594098.246712,-158.27577209472656,90.57957458496094,2.432342529296875,1.0
1773594098.7476323,-157.84474182128906,90.83379364013672,2.429534912109375,1.0
1773594099.246249,-157.40638732910156,91.08171081542969,2.42901611328125,1.0
1773594099.7465749,-156.9833984375,91.31724548339844,2.4306640625,1.0
1773594100.2461877,-156.55746459960938,91.563232421875,2.4359130859375,1.0
1773594100.7465296,-156.13336181640625,91.81077575683594,2.441070556640625,1.0
1773594101.2462416,-155.69468688964844,92.0539321899414,2.439727783203125,1.0
1773594101.7462451,-155.26332092285156,92.28059387207031,2.437713623046875,1.0
1773594102.246185,-154.81761169433594,92.50504302978516,2.4366455078125,1.0
1773594102.7466588,-154.36936950683594,92.70861053466797,2.436767578125,1.0
1773594103.2461627,-153.915771484375,92.90514373779297,2.43511962890625,1.0
1773594103.7461503,-153.4537811279297,93.0850601196289,2.435394287109375,1.0
1773594104.2463744,-152.98171997070312,93.25203704833984,2.43603515625,1.0
1773594104.7472465,-152.55288696289062,93.40352630615234,2.437713623046875,1.0
1773594105.2462714,-152.09573364257812,93.57083892822266,2.441131591796875,1.0
1773594105.7463107,-151.62449645996094,93.73954772949219,2.444427490234375,1.0
1773594106.246304,-151.14756774902344,93.8941650390625,2.446502685546875,1.0
1773594106.7468863,-150.65235900878906,94.04364013671875,2.44610595703125,1.0
1773594107.2462654,-150.17137145996094,94.18002319335938,2.444549560546875,1.0
1773594107.7462642,-149.6925048828125,94.30748748779297,2.443145751953125,1.0
1773594108.2462773,-149.21786499023438,94.4236831665039,2.443878173828125,1.0
1773594108.746812,-148.73330688476562,94.53467559814453,2.444000244140625,1.0
1773594109.2463727,-148.24777221679688,94.63753509521484,2.443450927734375,1.0
1773594109.7462857,-147.7541961669922,94.74532318115234,2.445587158203125,1.0
1773594110.2462835,-147.2656707763672,94.84249877929688,2.44677734375,1.0
1773594110.7470038,-146.75450134277344,94.94132995605469,2.447509765625,1.0
1773594111.2463372,-146.24734497070312,95.02560424804688,2.446868896484375,1.0
1773594111.7462919,-145.7327423095703,95.09310150146484,2.44757080078125,1.0
1773594112.2462401,-145.2195281982422,95.14871978759766,2.447662353515625,1.0
1773594112.7470295,-144.69869995117188,95.19790649414062,2.449951171875,1.0
1773594113.246418,-144.18763732910156,95.24557495117188,2.44549560546875,1.0
1773594113.7462327,-143.67031860351562,95.2822265625,2.440948486328125,1.0
1773594114.2462673,-143.15602111816406,95.31999206542969,2.44219970703125,1.0
1773594114.7473104,-142.63108825683594,95.33583068847656,2.448333740234375,1.0
1773594115.2462947,-142.1208038330078,95.32787322998047,2.44927978515625,1.0
1773594115.7462852,-141.60630798339844,95.32069396972656,2.447479248046875,1.0
1773594116.2463048,-141.09483337402344,95.30894470214844,2.44610595703125,1.0
1773594116.746824,-140.58245849609375,95.28572845458984,2.4444580078125,1.0
1773594117.2463648,-140.08338928222656,95.24703979492188,2.440399169921875,1.0
1773594117.746266,-139.58079528808594,95.20021057128906,2.441436767578125,1.0
1773594118.2462626,-139.099365234375,95.15302276611328,2.44219970703125,1.0
1773594118.746764,-138.6209259033203,95.09042358398438,2.445831298828125,1.0
1773594119.2463577,-138.15345764160156,95.02848052978516,2.44793701171875,1.0
1773594119.746265,-137.68092346191406,94.96259307861328,2.446685791015625,1.0
1773594120.246429,-137.23448181152344,94.88531494140625,2.444061279296875,1.0
1773594120.7465293,-136.78135681152344,94.80461120605469,2.443603515625,1.0
1773594121.2465627,-136.3249969482422,94.7157211303711,2.442291259765625,1.0
1773594121.746384,-135.8617706298828,94.61890411376953,2.441131591796875,1.0
1773594122.2462702,-135.42062377929688,94.5149917602539,2.442413330078125,1.0
1773594122.7462988,-134.96803283691406,94.40608215332031,2.443939208984375,1.0
1773594123.2465808,-134.5166015625,94.29469299316406,2.443084716796875,1.0
1773594123.7463155,-134.04574584960938,94.18150329589844,2.4422607421875,1.0
1773594124.2462976,-133.5859832763672,94.0573501586914,2.44036865234375,1.0
1773594124.7463996,-133.12091064453125,93.9260482788086,2.43572998046875,1.0
1773594125.2464,-132.66616821289062,93.78463745117188,2.434906005859375,1.0
1773594125.7463486,-132.20291137695312,93.63289642333984,2.4366455078125,1.0
1773594126.2464323,-131.75064086914062,93.48480987548828,2.43603515625,1.0
1773594126.7469118,-131.2888641357422,93.32514953613281,2.43572998046875,1.0
1773594127.2470136,-130.83245849609375,93.1561508178711,2.434814453125,1.0
1773594127.7461936,-130.37088012695312,92.97102355957031,2.43365478515625,1.0
1773594128.2463129,-129.92465209960938,92.78948211669922,2.435211181640625,1.0
1773594128.7470546,-129.48069763183594,92.60084533691406,2.437591552734375,1.0
1773594129.246449,-129.04052734375,92.4040298461914,2.43829345703125,1.0
1773594129.7462142,-128.59567260742188,92.18363189697266,2.434967041015625,1.0
1773594130.2462313,-128.1715087890625,91.96183013916016,2.434967041015625,1.0
1773594130.7468698,-127.7341537475586,91.72734832763672,2.43927001953125,1.0
1773594131.2464392,-127.3291244506836,91.50276947021484,2.440765380859375,1.0
1773594131.7463014,-126.87036895751953,91.23572540283203,2.43994140625,1.0
1773594132.246192,-126.4515151977539,90.97386169433594,2.4390869140625,1.0
1773594132.747812,-126.0295639038086,90.6904296875,2.437347412109375,1.0
1773594133.246175,-125.60957336425781,90.4050521850586,2.43963623046875,1.0
1773594133.7463536,-125.18096923828125,90.11945343017578,2.44091796875,1.0
1773594134.246325,-124.765380859375,89.83786010742188,2.442779541015625,1.0
1773594134.746668,-124.34521484375,89.54164123535156,2.44329833984375,1.0
1773594135.2463434,-123.96736145019531,89.25932312011719,2.445220947265625,1.0
1773594135.7462645,-123.56817626953125,88.9476547241211,2.44427490234375,1.0
1773594136.246383,-123.18348693847656,88.64155578613281,2.444305419921875,1.0
1773594136.7470126,-122.78678894042969,88.33869171142578,2.444183349609375,1.0
1773594137.2464914,-122.40665435791016,88.02908325195312,2.4437255859375,1.0
1773594137.7462652,-122.03524780273438,87.69751739501953,2.4456787109375,1.0
1773594138.2462735,-121.67671203613281,87.35953521728516,2.444793701171875,1.0
1773594138.7468698,-121.32150268554688,87.0126724243164,2.442962646484375,1.0
1773594139.246282,-120.97391510009766,86.6606674194336,2.439483642578125,1.0
1773594139.7462492,-120.61383056640625,86.30158233642578,2.4398193359375,1.0
1773594140.2462873,-120.2624282836914,85.93972778320312,2.439453125,1.0
1773594140.7470071,-119.91366577148438,85.56629943847656,2.442047119140625,1.0
1773594141.2471356,-119.56813049316406,85.18665313720703,2.442352294921875,1.0
1773594141.7462864,-119.22576904296875,84.79277038574219,2.442291259765625,1.0
1773594142.2462873,-118.88954162597656,84.39806365966797,2.441864013671875,1.0
1773594142.7468863,-118.55546569824219,83.99219512939453,2.438140869140625,1.0
1773594143.2464526,-118.23473358154297,83.58667755126953,2.43450927734375,1.0
1773594143.7463489,-117.92202758789062,83.17048645019531,2.43341064453125,1.0
1773594144.246464,-117.62765502929688,82.76280212402344,2.433258056640625,1.0
1773594144.747309,-117.34345245361328,82.33895111083984,2.43450927734375,1.0
1773594145.2464123,-117.06854248046875,81.91427612304688,2.435760498046875,1.0
1773594145.7462876,-116.7984848022461,81.4692153930664,2.434661865234375,1.0
1773594146.246277,-116.54007720947266,81.04025268554688,2.437225341796875,1.0
1773594146.7463732,-116.27581024169922,80.61669921875,2.43402099609375,1.0
1773594147.246363,-116.01636505126953,80.19022369384766,2.43145751953125,1.0
1773594147.7462678,-115.76984405517578,79.74944305419922,2.43145751953125,1.0
1773594148.2462583,-115.53755950927734,79.3060073852539,2.4339599609375,1.0
1773594148.7478285,-115.31244659423828,78.85384368896484,2.436737060546875,1.0
1773594149.246316,-115.08808898925781,78.41612243652344,2.44158935546875,1.0
1773594149.7462592,-114.87621307373047,77.9665298461914,2.442108154296875,1.0
1773594150.246234,-114.6698989868164,77.51173400878906,2.440277099609375,1.0
1773594150.7468555,-114.46015930175781,77.04913330078125,2.436920166015625,1.0
1773594151.2462626,-114.25757598876953,76.6031494140625,2.4364013671875,1.0
1773594151.7462468,-114.04995727539062,76.14116668701172,2.4361572265625,1.0
1773594152.2462137,-113.85586547851562,75.68257904052734,2.434112548828125,1.0
1773594152.746477,-113.66948699951172,75.20905303955078,2.433685302734375,1.0
1773594153.246196,-113.50117492675781,74.73120880126953,2.43365478515625,1.0
1773594153.7462986,-113.33952331542969,74.23272705078125,2.43115234375,1.0
1773594154.2467778,-113.18110656738281,73.7385025024414,2.4298095703125,1.0
1773594154.7462385,-113.04132843017578,73.23888397216797,2.427490234375,1.0
1773594155.2461782,-112.90042114257812,72.74144744873047,2.42633056640625,1.0
1773594155.7463188,-112.77537536621094,72.23319244384766,2.42498779296875,1.0
1773594156.246991,-112.66482543945312,71.73661804199219,2.427276611328125,1.0
1773594156.7463498,-112.5665283203125,71.2621841430664,2.42962646484375,1.0
1773594157.2465434,-112.46929168701172,70.73898315429688,2.4300537109375,1.0
1773594157.746411,-112.39302062988281,70.22267150878906,2.430389404296875,1.0
1773594158.2464206,-112.322509765625,69.72346496582031,2.434661865234375,1.0
1773594158.7474246,-112.25029754638672,69.26215362548828,2.435150146484375,1.0
1773594159.2463176,-112.18270111083984,68.77420806884766,2.43609619140625,1.0
1773594159.7464976,-112.12062072753906,68.25331115722656,2.439208984375,1.0
1773594160.2463198,-112.0788345336914,67.74532318115234,2.443115234375,1.0
1773594160.7470748,-112.04519653320312,67.2342529296875,2.44732666015625,1.0
1773594161.2462914,-112.01824951171875,66.7284927368164,2.447662353515625,1.0
1773594161.7462597,-112.0069580078125,66.20623016357422,2.44903564453125,1.0
1773594162.2462778,-112.0077896118164,65.69482421875,2.446563720703125,1.0
1773594162.746557,-112.01336669921875,65.17403411865234,2.441558837890625,1.0
1773594163.246315,-112.01300048828125,64.65788269042969,2.439117431640625,1.0
1773594163.746265,-112.0333023071289,64.13842010498047,2.435211181640625,1.0
1773594164.2462397,-112.06072998046875,63.62370300292969,2.430633544921875,1.0
1773594164.746898,-112.09622955322266,63.109745025634766,2.43304443359375,1.0
1773594165.2468069,-112.14105987548828,62.60584259033203,2.433502197265625,1.0
1773594165.7462673,-112.19469451904297,62.089908599853516,2.4351806640625,1.0
1773594166.2462823,-112.2542495727539,61.58032989501953,2.436279296875,1.0
1773594166.746533,-112.32794189453125,61.06021499633789,2.4356689453125,1.0
1773594167.2464478,-112.40869140625,60.55965042114258,2.437042236328125,1.0
1773594167.7462687,-112.5038070678711,60.05158996582031,2.437774658203125,1.0
1773594168.2462277,-112.60514068603516,59.5576171875,2.439117431640625,1.0
1773594168.7467914,-112.69258117675781,59.05387496948242,2.436859130859375,1.0
1773594169.2464192,-112.78739166259766,58.55867004394531,2.4351806640625,1.0
1773594169.746276,-112.90047454833984,58.06962585449219,2.432891845703125,1.0
1773594170.2463813,-113.02637481689453,57.59796905517578,2.436492919921875,1.0
1773594170.7465765,-113.1660385131836,57.1251335144043,2.438262939453125,1.0
1773594171.2464616,-113.31568908691406,56.66594696044922,2.43682861328125,1.0
1773594171.7463152,-113.47775268554688,56.20206832885742,2.438079833984375,1.0
1773594172.246266,-113.640380859375,55.74635696411133,2.43878173828125,1.0
1773594172.7462757,-113.8004379272461,55.29216766357422,2.4371337890625,1.0
1773594173.2464054,-113.95771789550781,54.84196472167969,2.4375,1.0
1773594173.7463312,-114.1215591430664,54.38596725463867,2.43719482421875,1.0
1773594174.246287,-114.29110717773438,53.93690490722656,2.4368896484375,1.0
1773594174.746607,-114.48136138916016,53.472198486328125,2.438720703125,1.0
1773594175.2463794,-114.68016815185547,53.01161575317383,2.4415283203125,1.0
1773594175.7462137,-114.89418029785156,52.55035400390625,2.439239501953125,1.0
1773594176.2462728,-115.11270141601562,52.09915542602539,2.439971923828125,1.0
1773594176.7472286,-115.34767150878906,51.63254165649414,2.442138671875,1.0
1773594177.2466483,-115.58812713623047,51.18693542480469,2.441802978515625,1.0
1773594177.7461867,-115.82893371582031,50.74265670776367,2.4356689453125,1.0
1773594178.2462027,-116.0682601928711,50.305110931396484,2.434722900390625,1.0
1773594178.7469273,-116.31494903564453,49.86238479614258,2.431976318359375,1.0
1773594179.2464733,-116.56632232666016,49.429996490478516,2.43011474609375,1.0
1773594179.746427,-116.83313751220703,48.992408752441406,2.42913818359375,1.0
1773594180.246376,-117.11845397949219,48.574214935302734,2.42633056640625,1.0
1773594180.7465117,-117.41869354248047,48.15597915649414,2.427490234375,1.0
1773594181.2462246,-117.72081756591797,47.740562438964844,2.42779541015625,1.0
1773594181.7462664,-118.02050018310547,47.31370544433594,2.42431640625,1.0
1773594182.2461953,-118.3106460571289,46.893306732177734,2.4254150390625,1.0
1773594182.746318,-118.5927734375,46.50432586669922,2.42889404296875,1.0
1773594183.246394,-118.91898345947266,46.09592819213867,2.42559814453125,1.0
1773594183.7462728,-119.25703430175781,45.70205307006836,2.422821044921875,1.0
1773594184.2462797,-119.6037826538086,45.311431884765625,2.42327880859375,1.0
1773594184.747164,-119.94039916992188,44.92262649536133,2.42218017578125,1.0
1773594185.2463834,-120.28077697753906,44.5335693359375,2.421478271484375,1.0
1773594185.7462883,-120.6144790649414,44.16216278076172,2.423553466796875,1.0
1773594186.2463331,-120.96975708007812,43.7972526550293,2.427215576171875,1.0
1773594186.7471356,-121.34419250488281,43.43873977661133,2.422607421875,1.0
1773594187.2465518,-121.7363510131836,43.083824157714844,2.42156982421875,1.0
1773594187.7462776,-122.12602233886719,42.747074127197266,2.42205810546875,1.0
1773594188.24627,-122.5218505859375,42.413719177246094,2.423248291015625,1.0
1773594188.747329,-122.91291809082031,42.101470947265625,2.4256591796875,1.0
1773594189.2465825,-123.29912567138672,41.791263580322266,2.427093505859375,1.0
1773594189.7462676,-123.6868667602539,41.496299743652344,2.4307861328125,1.0
1773594190.2462966,-124.083251953125,41.20219039916992,2.432647705078125,1.0
1773594190.7469146,-124.47881317138672,40.91263198852539,2.433349609375,1.0
1773594191.2462962,-124.89301300048828,40.62838363647461,2.43096923828125,1.0
1773594191.746271,-125.31243896484375,40.36616897583008,2.428985595703125,1.0
1773594192.2462316,-125.7490005493164,40.10386657714844,2.42559814453125,1.0
1773594192.7466428,-126.17853546142578,39.84383773803711,2.424652099609375,1.0
1773594193.2464123,-126.61599731445312,39.572872161865234,2.421630859375,1.0
1773594193.746288,-127.0484619140625,39.30818557739258,2.424163818359375,1.0
1773594194.2463033,-127.48383331298828,39.05979537963867,2.42596435546875,1.0
1773594194.7464926,-127.9169921875,38.829994201660156,2.42620849609375,1.0
1773594195.2463984,-128.3545379638672,38.61470031738281,2.42730712890625,1.0
1773594195.7462256,-128.78309631347656,38.409629821777344,2.430023193359375,1.0
1773594196.2462752,-129.21604919433594,38.20175552368164,2.43353271484375,1.0
1773594196.7464201,-129.64500427246094,37.98912048339844,2.43743896484375,1.0
1773594197.246315,-130.08409118652344,37.78493118286133,2.43505859375,1.0
1773594197.746691,-130.52459716796875,37.598026275634766,2.43170166015625,1.0
1773594198.2463017,-130.98350524902344,37.416290283203125,2.430084228515625,1.0
1773594198.7470555,-131.44898986816406,37.246368408203125,2.426727294921875,1.0
1773594199.246472,-131.91908264160156,37.07986831665039,2.42694091796875,1.0
1773594199.7462792,-132.38153076171875,36.91561508178711,2.428619384765625,1.0
1773594200.2462738,-132.85813903808594,36.75145721435547,2.433990478515625,1.0
1773594200.747045,-133.33802795410156,36.60093688964844,2.436279296875,1.0
1773594201.2462933,-133.83506774902344,36.45578384399414,2.43841552734375,1.0
1773594201.7463322,-134.32733154296875,36.323638916015625,2.438568115234375,1.0
1773594202.2463489,-134.83090209960938,36.193115234375,2.4368896484375,1.0
1773594202.7467885,-135.33262634277344,36.0762939453125,2.433380126953125,1.0
1773594203.246475,-135.8421173095703,35.955650329589844,2.432159423828125,1.0
1773594203.7462401,-136.34437561035156,35.8387451171875,2.42938232421875,1.0
1773594204.2462704,-136.85293579101562,35.729427337646484,2.42706298828125,1.0
1773594204.746776,-137.35406494140625,35.63020706176758,2.4273681640625,1.0
1773594205.2465148,-137.8565216064453,35.5470085144043,2.427154541015625,1.0
1773594205.746188,-138.3556365966797,35.465877532958984,2.428436279296875,1.0
1773594206.246225,-138.865966796875,35.397830963134766,2.427764892578125,1.0
1773594206.748354,-139.36167907714844,35.336612701416016,2.422943115234375,1.0
1773594207.2463894,-139.8314666748047,35.29913330078125,2.422607421875,1.0
1773594207.74627,-140.35621643066406,35.2706184387207,2.422698974609375,1.0
1773594208.2461672,-140.8578643798828,35.25440216064453,2.421600341796875,1.0
1773594208.746878,-141.11538696289062,35.24985122680664,2.421142578125,1.0
1773594209.2464533,-141.11538696289062,35.24985122680664,2.421142578125,1.0
1773594209.746283,-141.11538696289062,35.24985122680664,2.421142578125,1.0
1773594210.2463112,-141.11538696289062,35.24985122680664,2.421142578125,1.0
1773594210.7465382,-141.11538696289062,35.24985122680664,2.421142578125,1.0
1773594211.2465441,-141.11538696289062,35.24985122680664,2.421142578125,1.0
1773594211.7465696,-141.11538696289062,35.24985122680664,2.421142578125,1.0
1773594212.2464273,-141.11538696289062,35.24985122680664,2.421142578125,1.0
1773594212.7465203,-141.11538696289062,35.24985122680664,2.421142578125,1.0
1773594213.247466,-141.11538696289062,35.24985122680664,2.421142578125,1.0
1773594213.7462595,-141.11538696289062,35.24985122680664,2.421142578125,1.0
1773594214.2466145,-141.11538696289062,35.24985122680664,2.421142578125,1.0
1773594214.746733,-141.11538696289062,35.24985122680664,2.421142578125,1.0
1773594215.2467384,-141.11538696289062,35.24985122680664,2.421142578125,1.0
1773594215.74673,-141.11538696289062,35.24985122680664,2.421142578125,1.0
1773594216.2464447,-141.11538696289062,35.24985122680664,2.421142578125,1.0
1773594216.7464983,-141.11538696289062,35.24985122680664,2.421142578125,1.0
1773594217.246726,-141.11538696289062,35.24985122680664,2.421142578125,1.0
1773594217.7465918,-141.11538696289062,35.24985122680664,2.421142578125,1.0
1773594218.2462747,-141.11538696289062,35.24985122680664,2.421142578125,1.0
1773594218.7470613,-141.11538696289062,35.24985122680664,2.421142578125,1.0
1773594219.246254,-141.11538696289062,35.24985122680664,2.421142578125,1.0
1773594219.7466092,-141.11538696289062,35.24985122680664,2.421142578125,1.0
1773594220.2466035,-141.11538696289062,35.24985122680664,2.421142578125,1.0
1773594220.7464721,-141.11538696289062,35.24985122680664,2.421142578125,1.0
1773594221.2463844,-141.11538696289062,35.24985122680664,2.421142578125,1.0
1773594221.7464643,-141.11538696289062,35.24985122680664,2.421142578125,1.0
1773594222.246339,-141.11538696289062,35.24985122680664,2.421142578125,1.0
1773594222.746701,-141.11538696289062,35.24985122680664,2.421142578125,1.0
1773594223.2462995,-141.11538696289062,35.24985122680664,2.421142578125,1.0
1773594223.7465098,-141.11538696289062,35.24985122680664,2.421142578125,1.0
1773594224.246235,-141.11538696289062,35.24985122680664,2.421142578125,1.0
1773594224.7465172,-141.11538696289062,35.24985122680664,2.421142578125,1.0
1773594225.2465925,-141.11538696289062,35.24985122680664,2.421142578125,1.0
1773594225.7464468,-141.11538696289062,35.24985122680664,2.421142578125,1.0
1773594226.246382,-141.11538696289062,35.24985122680664,2.421142578125,1.0
1773594226.7466323,-141.11538696289062,35.24985122680664,2.421142578125,1.0
1773594227.2463338,-141.11538696289062,35.24985122680664,2.421142578125,1.0
1773594227.7462099,-141.11538696289062,35.24985122680664,2.421142578125,1.0
1773594228.2462382,-141.11538696289062,35.24985122680664,2.421142578125,1.0
1773594228.7469704,-141.11538696289062,35.24985122680664,2.421142578125,1.0
1773594229.2464595,-141.11538696289062,35.24985122680664,2.421142578125,1.0
1773594229.7461545,-160.7967529296875,41.856990814208984,2.4202880859375,1.0
1773594230.2461886,-161.18972778320312,42.171573638916016,2.417205810546875,1.0
1773594230.7483292,-161.57110595703125,42.48624038696289,2.4146728515625,1.0
1773594231.2463253,-161.9474334716797,42.82007598876953,2.41204833984375,1.0
1773594231.7461903,-162.31295776367188,43.151798248291016,2.410003662109375,1.0
1773594232.2461476,-162.6830291748047,43.49481964111328,2.409820556640625,1.0
1773594232.7466109,-163.03738403320312,43.83626174926758,2.4151611328125,1.0
1773594233.246185,-163.3880615234375,44.170658111572266,2.416839599609375,1.0
1773594233.7462995,-163.7290802001953,44.50297927856445,2.415557861328125,1.0
1773594234.2461822,-164.0710906982422,44.851226806640625,2.415435791015625,1.0
1773594234.746499,-164.36822509765625,45.18271255493164,2.417266845703125,1.0
1773594235.2464077,-164.67225646972656,45.53862380981445,2.4130859375,1.0
1773594235.746242,-164.98866271972656,45.902587890625,2.41339111328125,1.0
1773594236.2462778,-165.30381774902344,46.271995544433594,2.416229248046875,1.0
1773594236.7464197,-165.62522888183594,46.65619659423828,2.41552734375,1.0
1773594237.246528,-165.93441772460938,47.04450225830078,2.4134521484375,1.0
1773594237.746317,-166.23959350585938,47.44446563720703,2.413482666015625,1.0
1773594238.2462773,-166.5274200439453,47.8494987487793,2.411529541015625,1.0
1773594238.7469249,-166.8089599609375,48.26221466064453,2.41204833984375,1.0
1773594239.2462742,-167.0840606689453,48.67409896850586,2.410980224609375,1.0
1773594239.7462687,-167.3600311279297,49.10160446166992,2.411102294921875,1.0
1773594240.2463818,-167.62579345703125,49.52472686767578,2.41229248046875,1.0
1773594240.7489035,-167.74472045898438,49.73422622680664,2.413665771484375,1.0
1773594241.246276,-167.82254028320312,49.87470626831055,2.415252685546875,1.0
1773594241.7463183,-167.88824462890625,49.993953704833984,2.41693115234375,1.0
1773594242.2469077,-168.07850646972656,50.34821701049805,2.419921875,1.0
1773594242.7465317,-168.8010711669922,51.72093200683594,2.41595458984375,1.0
1773594243.2463362,-169.0209197998047,52.16214370727539,2.4132080078125,1.0
1773594243.7463021,-169.24256896972656,52.61680221557617,2.4100341796875,1.0
1773594244.246289,-169.45114135742188,53.057132720947266,2.411651611328125,1.0
1773594244.7466056,-169.65426635742188,53.510433197021484,2.416229248046875,1.0
1773594245.2464914,-169.85092163085938,53.97031784057617,2.417083740234375,1.0
1773594245.7462723,-170.03890991210938,54.43792724609375,2.42022705078125,1.0
1773594246.2463048,-170.21963500976562,54.896297454833984,2.42095947265625,1.0
1773594246.7471545,-170.39920043945312,55.359500885009766,2.423095703125,1.0
1773594247.246369,-170.5797576904297,55.82305145263672,2.423187255859375,1.0
1773594247.7462776,-170.74472045898438,56.293148040771484,2.424530029296875,1.0
1773594248.2463253,-170.89202880859375,56.76148223876953,2.424835205078125,1.0
1773594248.746394,-171.03582763671875,57.24057388305664,2.428985595703125,1.0
1773594249.2463372,-171.1809539794922,57.72119903564453,2.43072509765625,1.0
1773594249.7464073,-171.31593322753906,58.2054328918457,2.43414306640625,1.0
1773594250.2462752,-171.43409729003906,58.678070068359375,2.436248779296875,1.0
1773594250.7463138,-171.52926635742188,59.160335540771484,2.435882568359375,1.0
1773594251.2462635,-171.6145477294922,59.633052825927734,2.43975830078125,1.0
1773594251.746197,-171.68653869628906,60.11600112915039,2.443389892578125,1.0
1773594252.2462614,-171.7488555908203,60.59046173095703,2.443359375,1.0
1773594252.7466593,-171.80596923828125,61.07362747192383,2.44036865234375,1.0
1773594253.2463336,-171.85841369628906,61.5580940246582,2.439483642578125,1.0
1773594253.746325,-171.9191436767578,62.0380859375,2.43878173828125,1.0
1773594254.2461724,-171.98146057128906,62.50172805786133,2.433197021484375,1.0
1773594254.7468317,-172.0289306640625,62.98869705200195,2.4315185546875,1.0
1773594255.2461858,-172.06219482421875,63.46528244018555,2.430999755859375,1.0
1773594255.7461727,-172.076416015625,63.94530487060547,2.4312744140625,1.0
1773594256.246188,-172.0855255126953,64.42216491699219,2.431365966796875,1.0
1773594256.7463248,-172.09654235839844,64.90373992919922,2.432220458984375,1.0
1773594257.246534,-172.10882568359375,65.37406921386719,2.43756103515625,1.0
1773594257.7462485,-172.1094207763672,65.84935760498047,2.437835693359375,1.0
1773594258.2461972,-172.10055541992188,66.31526184082031,2.440460205078125,1.0
1773594258.7474265,-172.08229064941406,66.78353118896484,2.44305419921875,1.0
1773594259.2462802,-172.0498504638672,67.23482513427734,2.441802978515625,1.0
1773594259.7465203,-172.005859375,67.66304779052734,2.44293212890625,1.0
1773594260.2464235,-171.9475555419922,68.11357879638672,2.444580078125,1.0
1773594260.7465572,-171.88601684570312,68.59072875976562,2.447601318359375,1.0
1773594261.2464504,-171.8379669189453,69.06385040283203,2.449127197265625,1.0
1773594261.7463624,-171.7783966064453,69.55006408691406,2.45379638671875,1.0
1773594262.2463593,-171.69996643066406,70.02938079833984,2.45489501953125,1.0
1773594262.7468174,-171.60801696777344,70.51178741455078,2.454437255859375,1.0
1773594263.2462635,-171.50997924804688,70.98799133300781,2.454010009765625,1.0
1773594263.7462633,-171.4053497314453,71.46937561035156,2.450927734375,1.0
1773594264.2462656,-171.30184936523438,71.94879150390625,2.448211669921875,1.0
1773594264.746524,-171.1896209716797,72.4417953491211,2.445037841796875,1.0
1773594265.2462502,-171.06454467773438,72.93458557128906,2.442657470703125,1.0
1773594265.7462695,-170.9272918701172,73.44222259521484,2.442626953125,1.0
1773594266.2462733,-170.7910614013672,73.93839263916016,2.443450927734375,1.0
1773594266.7469888,-170.63973999023438,74.4350814819336,2.44342041015625,1.0
1773594267.2465227,-170.4793243408203,74.91490936279297,2.445831298828125,1.0
1773594267.746266,-170.2996826171875,75.39483642578125,2.44873046875,1.0
1773594268.2462966,-170.1190948486328,75.858642578125,2.44744873046875,1.0
1773594268.7470555,-169.94345092773438,76.33573913574219,2.44378662109375,1.0
1773594269.2462595,-169.76251220703125,76.8159408569336,2.439971923828125,1.0
1773594269.7462742,-169.5645751953125,77.29886627197266,2.437652587890625,1.0
1773594270.2462935,-169.35997009277344,77.7603988647461,2.438720703125,1.0
1773594270.7466202,-169.15286254882812,78.23041534423828,2.437225341796875,1.0
1773594271.246264,-168.9423828125,78.6814956665039,2.428924560546875,1.0
1773594271.7462802,-168.7098388671875,79.12718200683594,2.42742919921875,1.0
1773594272.246304,-168.471923828125,79.5617446899414,2.426910400390625,1.0
1773594272.746306,-168.22218322753906,80.00027465820312,2.4261474609375,1.0
1773594273.2463415,-167.97203063964844,80.43821716308594,2.426483154296875,1.0
1773594273.746267,-167.7208709716797,80.87785339355469,2.426849365234375,1.0
1773594274.2462802,-167.4691619873047,81.29474639892578,2.42584228515625,1.0
1773594274.7473145,-167.20040893554688,81.71235656738281,2.424530029296875,1.0
1773594275.2465012,-166.9183807373047,82.11666870117188,2.428253173828125,1.0
1773594275.7463315,-166.62510681152344,82.52381134033203,2.427978515625,1.0
1773594276.2466307,-166.33572387695312,82.92315673828125,2.42437744140625,1.0
1773594276.7468648,-166.03811645507812,83.32747650146484,2.422393798828125,1.0
1773594277.246299,-165.72625732421875,83.71665954589844,2.422821044921875,1.0
1773594277.7462845,-165.404541015625,84.11541748046875,2.420623779296875,1.0
1773594278.2462642,-165.0926971435547,84.50435638427734,2.424285888671875,1.0
1773594278.7480721,-164.7814483642578,84.90199279785156,2.428558349609375,1.0
1773594279.2465165,-164.45932006835938,85.28431701660156,2.432098388671875,1.0
1773594279.7461457,-164.1153564453125,85.67013549804688,2.434173583984375,1.0
1773594280.2462296,-163.75657653808594,86.03536987304688,2.4346923828125,1.0
1773594280.7466545,-163.3902587890625,86.3956527709961,2.43402099609375,1.0
1773594281.246475,-163.02838134765625,86.75587463378906,2.433349609375,1.0
1773594281.746212,-162.65826416015625,87.11592864990234,2.4329833984375,1.0
1773594282.2461996,-162.28958129882812,87.457763671875,2.43402099609375,1.0
1773594282.7474077,-161.9024658203125,87.80097961425781,2.433807373046875,1.0
1773594283.2463064,-161.5155792236328,88.1343765258789,2.435516357421875,1.0
1773594283.7462425,-161.10711669921875,88.47161865234375,2.436798095703125,1.0
1773594284.2463512,-160.73208618164062,88.77416229248047,2.437896728515625,1.0
1773594284.7463634,-160.32882690429688,89.10597229003906,2.4384765625,1.0
1773594285.246339,-159.92613220214844,89.42878723144531,2.439483642578125,1.0
1773594285.7462664,-159.4997100830078,89.74503326416016,2.43939208984375,1.0
1773594286.2462616,-159.072998046875,90.04129791259766,2.437713623046875,1.0
1773594286.746344,-158.6324005126953,90.3385238647461,2.43902587890625,1.0
1773594287.2462637,-158.1961212158203,90.61639404296875,2.441680908203125,1.0
1773594287.7462754,-157.73629760742188,90.8893051147461,2.444976806640625,1.0
1773594288.2462697,-157.28492736816406,91.15320587158203,2.444580078125,1.0
1773594288.7464352,-156.8232421875,91.42266845703125,2.44439697265625,1.0
1773594289.246281,-156.37557983398438,91.68536376953125,2.443939208984375,1.0
1773594289.7462728,-155.9066619873047,91.93618774414062,2.4444580078125,1.0
1773594290.2462883,-155.43499755859375,92.16539764404297,2.443023681640625,1.0
1773594290.7468793,-154.9569854736328,92.39242553710938,2.4410400390625,1.0
1773594291.2463224,-154.48390197753906,92.60137939453125,2.438262939453125,1.0
1773594291.7462687,-153.99258422851562,92.80005645751953,2.435455322265625,1.0
1773594292.2462788,-153.5091094970703,92.99480438232422,2.4344482421875,1.0
1773594292.7470207,-153.03103637695312,93.18650817871094,2.430145263671875,1.0
1773594293.246277,-152.5635528564453,93.3638687133789,2.428466796875,1.0
1773594293.746308,-152.0829315185547,93.5423355102539,2.427825927734375,1.0
1773594294.2464578,-151.61326599121094,93.71754455566406,2.425567626953125,1.0
1773594294.7466612,-151.12567138671875,93.8839111328125,2.425262451171875,1.0
1773594295.246273,-150.6396942138672,94.03080749511719,2.4210205078125,1.0
1773594295.7462683,-150.15847778320312,94.15864562988281,2.42010498046875,1.0
1773594296.246245,-149.68460083007812,94.28274536132812,2.422576904296875,1.0
1773594296.7469175,-149.20045471191406,94.4150390625,2.42413330078125,1.0
1773594297.24627,-148.71762084960938,94.5333023071289,2.423858642578125,1.0
1773594297.7462602,-148.22024536132812,94.63652801513672,2.42486572265625,1.0
1773594298.2462327,-147.73245239257812,94.74949645996094,2.431640625,1.0
1773594298.7469199,-147.2357635498047,94.86433410644531,2.434051513671875,1.0
1773594299.2462804,-146.7448272705078,94.96678924560547,2.435943603515625,1.0
1773594299.7462301,-146.2511749267578,95.04519653320312,2.433563232421875,1.0
1773594300.2462792,-145.77256774902344,95.12164306640625,2.433013916015625,1.0
1773594300.746316,-145.2889404296875,95.19145965576172,2.432586669921875,1.0
1773594301.246212,-144.81866455078125,95.24925231933594,2.434814453125,1.0
1773594301.746213,-144.33627319335938,95.28152465820312,2.43682861328125,1.0
1773594302.2462735,-143.8509063720703,95.2979965209961,2.438720703125,1.0
1773594302.7467248,-143.35914611816406,95.31134796142578,2.439727783203125,1.0
1773594303.2461782,-142.87339782714844,95.32554626464844,2.439208984375,1.0
1773594303.746213,-142.3737030029297,95.34181213378906,2.44049072265625,1.0
1773594304.2462735,-141.87899780273438,95.34494018554688,2.439849853515625,1.0
1773594304.7464428,-141.37619018554688,95.34516906738281,2.443267822265625,1.0
1773594305.2487833,-140.88438415527344,95.3440933227539,2.445281982421875,1.0
1773594305.7462,-140.37472534179688,95.322998046875,2.444305419921875,1.0
1773594306.2467985,-139.866455078125,95.2835693359375,2.44561767578125,1.0
1773594306.749763,-139.39454650878906,95.24082946777344,2.446685791015625,1.0
1773594307.2463872,-138.88575744628906,95.18090057373047,2.443389892578125,1.0
1773594307.7462628,-138.38601684570312,95.12179565429688,2.43914794921875,1.0
1773594308.246237,-137.8708038330078,95.0442886352539,2.43890380859375,1.0
1773594308.7467852,-137.3646697998047,94.96126556396484,2.44012451171875,1.0
1773594309.246267,-136.8527374267578,94.86909484863281,2.44140625,1.0
1773594309.746293,-136.35391235351562,94.77433013916016,2.4417724609375,1.0
1773594310.2462816,-135.85272216796875,94.66845703125,2.4417724609375,1.0
1773594310.746632,-135.3473663330078,94.55654907226562,2.44268798828125,1.0
1773594311.2462916,-134.8373565673828,94.43098449707031,2.447174072265625,1.0
1773594311.7463207,-134.3330078125,94.29154205322266,2.446319580078125,1.0
1773594312.2467182,-133.83534240722656,94.15617370605469,2.446014404296875,1.0
1773594312.746686,-133.3309326171875,94.0072021484375,2.448211669921875,1.0
1773594313.2463076,-132.8501434326172,93.85611724853516,2.448974609375,1.0
1773594313.7462423,-132.37318420410156,93.70397186279297,2.44464111328125,1.0
1773594314.2462358,-131.8977508544922,93.54007720947266,2.440460205078125,1.0
1773594314.746883,-131.4276580810547,93.37357330322266,2.442901611328125,1.0
1773594315.246295,-130.94932556152344,93.18619537353516,2.441986083984375,1.0
1773594315.7462342,-130.48992919921875,92.98867797851562,2.43878173828125,1.0
1773594316.2462623,-130.02529907226562,92.7872085571289,2.438018798828125,1.0
1773594316.7472162,-129.56715393066406,92.5984115600586,2.434539794921875,1.0
1773594317.2462764,-129.09619140625,92.39752960205078,2.4324951171875,1.0
1773594317.746236,-128.64578247070312,92.17792510986328,2.435302734375,1.0
1773594318.2463074,-128.20654296875,91.9542465209961,2.435943603515625,1.0
1773594318.7466354,-127.77271270751953,91.72103118896484,2.432647705078125,1.0
1773594319.2463906,-127.33364868164062,91.47232055664062,2.4312744140625,1.0
1773594319.7462754,-126.89839935302734,91.2236328125,2.43231201171875,1.0
1773594320.2462893,-126.45768737792969,90.97135162353516,2.43212890625,1.0
1773594320.7467022,-126.03985595703125,90.71512603759766,2.4354248046875,1.0
1773594321.246277,-125.62091827392578,90.4321060180664,2.435546875,1.0
1773594321.746902,-125.22572326660156,90.15110778808594,2.434844970703125,1.0
1773594322.246214,-124.83031463623047,89.85494995117188,2.434844970703125,1.0
1773594322.7470477,-124.44053649902344,89.56822967529297,2.43035888671875,1.0
1773594323.2462533,-124.04246520996094,89.28185272216797,2.430023193359375,1.0
1773594323.74626,-123.6517333984375,88.9841079711914,2.430938720703125,1.0
1773594324.246226,-123.2598876953125,88.6706771850586,2.432647705078125,1.0
1773594324.7470152,-122.87884521484375,88.35442352294922,2.4312744140625,1.0
1773594325.2464585,-122.49095153808594,88.03255462646484,2.43109130859375,1.0
1773594325.7462237,-122.10940551757812,87.71460723876953,2.433349609375,1.0
1773594326.2462108,-121.73656463623047,87.39152526855469,2.43316650390625,1.0
1773594326.7463393,-121.38016510009766,87.05940246582031,2.4345703125,1.0
1773594327.2465153,-121.04444122314453,86.7369384765625,2.43414306640625,1.0
1773594327.7461905,-120.68109893798828,86.3697509765625,2.437255859375,1.0
1773594328.2462697,-120.34197998046875,86.01875305175781,2.43914794921875,1.0
1773594328.7468588,-120.01242065429688,85.67035675048828,2.438873291015625,1.0
1773594329.2468147,-119.67704772949219,85.30562591552734,2.439422607421875,1.0
1773594329.746253,-119.37540435791016,84.95889282226562,2.43756103515625,1.0
1773594330.246306,-119.05318450927734,84.57233428955078,2.435699462890625,1.0
1773594330.746999,-118.7420883178711,84.18639373779297,2.435455322265625,1.0
1773594331.2464514,-118.43611145019531,83.78801727294922,2.4359130859375,1.0
1773594331.74632,-118.14529418945312,83.38894653320312,2.43682861328125,1.0
1773594332.246295,-117.84259796142578,82.98259735107422,2.435546875,1.0
1773594332.7471607,-117.53912353515625,82.57987976074219,2.437591552734375,1.0
1773594333.2462583,-117.23735809326172,82.1563720703125,2.44403076171875,1.0
1773594333.7471447,-116.95574188232422,81.74311065673828,2.443634033203125,1.0
1773594334.24629,-116.67892456054688,81.32183074951172,2.442352294921875,1.0
1773594334.7474408,-116.41326141357422,80.90684509277344,2.441619873046875,1.0
1773594335.2463045,-116.16149139404297,80.47528076171875,2.441650390625,1.0
1773594335.7462947,-115.93589782714844,80.04301452636719,2.440765380859375,1.0
1773594336.2462828,-115.72301483154297,79.60359954833984,2.44256591796875,1.0
1773594336.7464457,-115.51952362060547,79.1736831665039,2.442413330078125,1.0
1773594337.2462945,-115.3054428100586,78.74327850341797,2.4403076171875,1.0
1773594337.7462685,-115.0792236328125,78.31362915039062,2.440155029296875,1.0
1773594338.2462766,-114.84539794921875,77.86856842041016,2.4405517578125,1.0
1773594338.7468085,-114.6285171508789,77.42646789550781,2.446075439453125,1.0
1773594339.2462482,-114.41460418701172,76.9642333984375,2.445220947265625,1.0
1773594339.7462726,-114.21871185302734,76.50677490234375,2.444244384765625,1.0
1773594340.246281,-114.0283203125,76.03895568847656,2.447174072265625,1.0
1773594340.7469923,-113.86011505126953,75.57714080810547,2.449920654296875,1.0
1773594341.2462442,-113.6954574584961,75.10459899902344,2.45001220703125,1.0
1773594341.7463102,-113.52982330322266,74.63643646240234,2.45098876953125,1.0
1773594342.246242,-113.3701400756836,74.16048431396484,2.453460693359375,1.0
1773594342.7463427,-113.22428894042969,73.68634033203125,2.44952392578125,1.0
1773594343.2464077,-113.07415008544922,73.20227813720703,2.451019287109375,1.0
1773594343.746287,-112.9338607788086,72.72785186767578,2.451568603515625,1.0
1773594344.2462795,-112.80401611328125,72.25174713134766,2.44940185546875,1.0
1773594344.7468705,-112.68753814697266,71.77320861816406,2.44525146484375,1.0
1773594345.246338,-112.5792236328125,71.2855453491211,2.443389892578125,1.0
1773594345.7463768,-112.48169708251953,70.80204010009766,2.444549560546875,1.0
1773594346.2462778,-112.39412689208984,70.31351470947266,2.441741943359375,1.0
1773594346.746941,-112.31588745117188,69.83056640625,2.438629150390625,1.0
1773594347.2463672,-112.24856567382812,69.33403778076172,2.439178466796875,1.0
1773594347.7464879,-112.19493103027344,68.84441375732422,2.43927001953125,1.0
1773594348.2462864,-112.15083312988281,68.34131622314453,2.4417724609375,1.0
1773594348.748335,-112.1029052734375,67.84771728515625,2.444366455078125,1.0
1773594349.2462282,-112.05219268798828,67.34774780273438,2.447601318359375,1.0
1773594349.746262,-112.02363586425781,66.84493255615234,2.448516845703125,1.0
1773594350.2464287,-112.0082778930664,66.33493041992188,2.451568603515625,1.0
1773594350.7467468,-111.9973373413086,65.83110809326172,2.451141357421875,1.0
1773594351.2462037,-111.99655151367188,65.32343292236328,2.4478759765625,1.0
1773594351.7462778,-112.00025177001953,64.81906127929688,2.441436767578125,1.0
1773594352.2462134,-112.01020812988281,64.30719757080078,2.44183349609375,1.0
1773594352.7468705,-112.02095794677734,63.81010437011719,2.44171142578125,1.0
1773594353.2462246,-112.0403060913086,63.2978401184082,2.443084716796875,1.0
1773594353.7462735,-112.07874298095703,62.792274475097656,2.43890380859375,1.0
1773594354.2462351,-112.127197265625,62.27699661254883,2.43597412109375,1.0
1773594354.746981,-112.18246459960938,61.77040481567383,2.434478759765625,1.0
1773594355.2461843,-112.25286102294922,61.250282287597656,2.435943603515625,1.0
1773594355.7461755,-112.33082580566406,60.74443054199219,2.434967041015625,1.0
1773594356.2461586,-112.41104125976562,60.225215911865234,2.430450439453125,1.0
1773594356.7468266,-112.4909896850586,59.734657287597656,2.4276123046875,1.0
